<?xml version='1.0' encoding='UTF-8'?>
<osm version='0.6' generator='JOSM'>
  <bounds minlat='-22.818534' minlon='-47.064936' maxlat='-22.812649' maxlon='-47.056772' origin='openstreetmap-cgimap 2.0.1 (2270291 spike-07.openstreetmap.org)' />
  <node id='860793255' action='delete' timestamp='2017-10-25T23:50:45Z' uid='5005847' user='igorkalju' visible='true' version='3' changeset='53249643' lat='-22.8207918' lon='-47.0668169' />
  <node id='860793259' action='delete' timestamp='2017-10-25T23:50:45Z' uid='5005847' user='igorkalju' visible='true' version='3' changeset='53249643' lat='-22.8200574' lon='-47.0657189' />
  <node id='860793261' action='delete' timestamp='2017-10-25T23:50:45Z' uid='5005847' user='igorkalju' visible='true' version='4' changeset='53249643' lat='-22.8193597' lon='-47.0648812' />
  <node id='860793263' timestamp='2017-10-26T19:03:15Z' uid='5005847' user='igorkalju' visible='true' version='3' changeset='53271606' lat='-22.8170968' lon='-47.0637219' />
  <node id='860793266' timestamp='2017-10-26T19:03:15Z' uid='5005847' user='igorkalju' visible='true' version='3' changeset='53271606' lat='-22.8162527' lon='-47.0636435' />
  <node id='860793270' timestamp='2017-10-26T19:03:15Z' uid='5005847' user='igorkalju' visible='true' version='3' changeset='53271606' lat='-22.8157048' lon='-47.0637359' />
  <node id='860793274' timestamp='2017-10-26T19:03:14Z' uid='5005847' user='igorkalju' visible='true' version='3' changeset='53271606' lat='-22.8151169' lon='-47.0639369' />
  <node id='860793276' timestamp='2017-10-26T19:03:14Z' uid='5005847' user='igorkalju' visible='true' version='3' changeset='53271606' lat='-22.8143564' lon='-47.064368' />
  <node id='860793277' timestamp='2017-10-26T19:03:14Z' uid='5005847' user='igorkalju' visible='true' version='4' changeset='53271606' lat='-22.8138973' lon='-47.0647075' />
  <node id='860796300' action='delete' timestamp='2017-10-26T11:11:05Z' uid='5005847' user='igorkalju' visible='true' version='6' changeset='53260365' lat='-22.8212429' lon='-47.0678945' />
  <node id='860796304' timestamp='2021-05-06T23:27:16Z' uid='12781306' user='LumosMaxima1' visible='true' version='5' changeset='104277929' lat='-22.8131791' lon='-47.0642181' />
  <node id='860796305' timestamp='2021-05-06T23:27:16Z' uid='12781306' user='LumosMaxima1' visible='true' version='5' changeset='104277929' lat='-22.8136754' lon='-47.0607238' />
  <node id='860796314' timestamp='2021-05-05T19:56:54Z' uid='12781306' user='LumosMaxima1' visible='true' version='5' changeset='104205625' lat='-22.8135551' lon='-47.0650017' />
  <node id='893416279' action='delete' timestamp='2010-09-02T21:03:56Z' uid='323990' user='kurka' visible='true' version='1' changeset='5666137' lat='-22.8136619' lon='-47.05876'>
    <tag k='amenity' v='university' />
    <tag k='name' v='Facamp' />
  </node>
  <node id='893416300' timestamp='2021-05-06T23:49:17Z' uid='12781306' user='LumosMaxima1' visible='true' version='6' changeset='104278329' lat='-22.813246' lon='-47.064346' />
  <node id='893416311' timestamp='2021-05-06T23:49:17Z' uid='12781306' user='LumosMaxima1' visible='true' version='6' changeset='104278329' lat='-22.812917' lon='-47.0644386' />
  <node id='893416314' timestamp='2017-10-26T19:03:15Z' uid='5005847' user='igorkalju' visible='true' version='3' changeset='53271606' lat='-22.8138079' lon='-47.0645588' />
  <node id='893416327' timestamp='2021-08-16T06:21:47Z' uid='12205092' user='EikaIsland' visible='true' version='3' changeset='109728223' lat='-22.8146542' lon='-47.064171' />
  <node id='893416352' timestamp='2022-10-23T07:17:19Z' uid='4176326' user='mutuka' visible='true' version='3' changeset='127945033' lat='-22.8172472' lon='-47.063647'>
    <tag k='crossing' v='marked' />
    <tag k='highway' v='crossing' />
  </node>
  <node id='893416355' timestamp='2017-10-26T19:03:15Z' uid='5005847' user='igorkalju' visible='true' version='2' changeset='53271606' lat='-22.8162321' lon='-47.0635279' />
  <node id='893416359' timestamp='2017-10-26T19:03:15Z' uid='5005847' user='igorkalju' visible='true' version='2' changeset='53271606' lat='-22.8156923' lon='-47.0636301' />
  <node id='893416362' timestamp='2017-10-26T19:03:15Z' uid='5005847' user='igorkalju' visible='true' version='2' changeset='53271606' lat='-22.8148789' lon='-47.063911' />
  <node id='893416366' timestamp='2017-10-26T19:03:15Z' uid='5005847' user='igorkalju' visible='true' version='2' changeset='53271606' lat='-22.8146173' lon='-47.0640572' />
  <node id='893416371' timestamp='2010-09-02T21:03:58Z' uid='323990' user='kurka' visible='true' version='1' changeset='5666137' lat='-22.8143605' lon='-47.0642268' />
  <node id='893416374' timestamp='2017-10-26T19:03:15Z' uid='5005847' user='igorkalju' visible='true' version='2' changeset='53271606' lat='-22.813998' lon='-47.0644852' />
  <node id='893416377' timestamp='2021-05-06T23:49:17Z' uid='12781306' user='LumosMaxima1' visible='true' version='5' changeset='104278329' lat='-22.8135251' lon='-47.0645405' />
  <node id='893416381' timestamp='2021-05-06T23:49:17Z' uid='12781306' user='LumosMaxima1' visible='true' version='5' changeset='104278329' lat='-22.8133194' lon='-47.0644152' />
  <node id='893416395' action='delete' timestamp='2017-10-26T19:03:15Z' uid='5005847' user='igorkalju' visible='true' version='4' changeset='53271606' lat='-22.8182905' lon='-47.0642159' />
  <node id='893416403' timestamp='2021-05-10T16:31:34Z' uid='12781306' user='LumosMaxima1' visible='true' version='5' changeset='104464437' lat='-22.8183205' lon='-47.0640583' />
  <node id='893416414' timestamp='2021-05-10T16:31:34Z' uid='12781306' user='LumosMaxima1' visible='true' version='5' changeset='104464437' lat='-22.8183193' lon='-47.0637396' />
  <node id='893416438' timestamp='2017-10-26T19:03:15Z' uid='5005847' user='igorkalju' visible='true' version='4' changeset='53271606' lat='-22.8179134' lon='-47.0637686' />
  <node id='893416449' timestamp='2015-02-22T16:30:46Z' uid='1306' user='PlaneMad' visible='true' version='3' changeset='29025140' lat='-22.8179572' lon='-47.0640509' />
  <node id='893416665' action='delete' timestamp='2017-10-25T23:50:45Z' uid='5005847' user='igorkalju' visible='true' version='2' changeset='53249643' lat='-22.8208663' lon='-47.0666974' />
  <node id='893416668' action='delete' timestamp='2017-10-25T23:50:45Z' uid='5005847' user='igorkalju' visible='true' version='2' changeset='53249643' lat='-22.8201359' lon='-47.0656371' />
  <node id='893416670' action='delete' timestamp='2021-05-07T23:42:58Z' uid='12781306' user='LumosMaxima1' visible='true' version='5' changeset='104344879' lat='-22.8195845' lon='-47.0649338' />
  <node id='893416789' action='delete' timestamp='2017-10-25T23:50:45Z' uid='5005847' user='igorkalju' visible='true' version='4' changeset='53249643' lat='-22.8204069' lon='-47.0661781' />
  <node id='893416995' timestamp='2021-05-06T23:36:36Z' uid='12781306' user='LumosMaxima1' visible='true' version='5' changeset='104278102' lat='-22.8139948' lon='-47.0594147' />
  <node id='893416998' timestamp='2021-05-06T23:36:36Z' uid='12781306' user='LumosMaxima1' visible='true' version='7' changeset='104278102' lat='-22.8143977' lon='-47.0587018' />
  <node id='893417004' timestamp='2021-05-06T23:27:16Z' uid='12781306' user='LumosMaxima1' visible='true' version='7' changeset='104277929' lat='-22.8145007' lon='-47.0584142' />
  <node id='893759824' action='delete' timestamp='2017-10-26T19:20:33Z' uid='5005847' user='igorkalju' visible='true' version='4' changeset='53272002' lat='-22.8224097' lon='-47.0625035' />
  <node id='893759825' action='delete' timestamp='2017-10-26T19:20:33Z' uid='5005847' user='igorkalju' visible='true' version='3' changeset='53272002' lat='-22.8216853' lon='-47.0629546' />
  <node id='893759826' action='delete' timestamp='2017-10-26T19:03:15Z' uid='5005847' user='igorkalju' visible='true' version='3' changeset='53271606' lat='-22.8196794' lon='-47.0640835' />
  <node id='893759828' action='delete' timestamp='2017-10-26T19:03:15Z' uid='5005847' user='igorkalju' visible='true' version='3' changeset='53271606' lat='-22.8192121' lon='-47.0641582' />
  <node id='893759833' action='delete' timestamp='2017-10-26T19:03:15Z' uid='5005847' user='igorkalju' visible='true' version='3' changeset='53271606' lat='-22.8191223' lon='-47.0645429' />
  <node id='893759839' timestamp='2020-12-31T04:24:27Z' uid='10653060' user='Condado' visible='true' version='5' changeset='96701759' lat='-22.8127009' lon='-47.0657804' />
  <node id='893759851' action='delete' timestamp='2017-10-31T23:33:39Z' uid='5005847' user='igorkalju' visible='true' version='5' changeset='53411071' lat='-22.8170935' lon='-47.0661209' />
  <node id='893759854' action='delete' timestamp='2017-10-26T19:03:14Z' uid='5005847' user='igorkalju' visible='true' version='6' changeset='53271606' lat='-22.8158053' lon='-47.0664234' />
  <node id='893759868' timestamp='2021-05-06T23:27:16Z' uid='12781306' user='LumosMaxima1' visible='true' version='5' changeset='104277929' lat='-22.8131644' lon='-47.0637682' />
  <node id='893759869' timestamp='2020-08-27T12:26:12Z' uid='10653302' user='HangingLake' visible='true' version='3' changeset='90027323' lat='-22.8138818' lon='-47.0632437' />
  <node id='893759870' timestamp='2020-08-27T12:26:12Z' uid='10653302' user='HangingLake' visible='true' version='4' changeset='90027323' lat='-22.8147756' lon='-47.0628206' />
  <node id='893759871' timestamp='2017-10-25T23:13:50Z' uid='5005847' user='igorkalju' visible='true' version='2' changeset='53249313' lat='-22.8154939' lon='-47.0626094' />
  <node id='893759872' timestamp='2021-05-10T16:31:34Z' uid='12781306' user='LumosMaxima1' visible='true' version='4' changeset='104464437' lat='-22.8161795' lon='-47.0625173' />
  <node id='893759873' timestamp='2010-09-03T03:36:10Z' uid='323990' user='kurka' visible='true' version='1' changeset='5667487' lat='-22.8170045' lon='-47.0625258' />
  <node id='893759874' timestamp='2017-10-25T23:13:49Z' uid='5005847' user='igorkalju' visible='true' version='5' changeset='53249313' lat='-22.8180352' lon='-47.0627122' />
  <node id='893759882' action='delete' timestamp='2021-05-07T23:29:37Z' uid='12781306' user='LumosMaxima1' visible='true' version='4' changeset='104344636' lat='-22.8218639' lon='-47.0609032' />
  <node id='893759883' action='delete' timestamp='2020-12-23T06:10:00Z' uid='10653060' user='Condado' visible='true' version='4' changeset='96297960' lat='-22.8223277' lon='-47.0616946' />
  <node id='893759884' action='delete' timestamp='2020-02-03T20:45:31Z' uid='10630556' user='Night_biker' visible='true' version='4' changeset='80498255' lat='-22.8230626' lon='-47.061951' />
  <node id='913684819' action='delete' timestamp='2017-10-31T23:33:39Z' uid='5005847' user='igorkalju' visible='true' version='6' changeset='53411071' lat='-22.8170907' lon='-47.0681844' />
  <node id='913720955' action='delete' timestamp='2017-10-26T22:23:26Z' uid='5005847' user='igorkalju' visible='true' version='4' changeset='53276828' lat='-22.821057' lon='-47.0671072' />
  <node id='913720971' action='delete' timestamp='2017-10-26T22:23:26Z' uid='5005847' user='igorkalju' visible='true' version='4' changeset='53276828' lat='-22.8210025' lon='-47.0669915' />
  <node id='913720979' action='delete' timestamp='2017-10-25T23:50:45Z' uid='5005847' user='igorkalju' visible='true' version='3' changeset='53249643' lat='-22.8204985' lon='-47.0660827' />
  <node id='914072254' action='delete' timestamp='2017-10-25T23:50:45Z' uid='5005847' user='igorkalju' visible='true' version='2' changeset='53249643' lat='-22.8209042' lon='-47.0670574' />
  <node id='914072257' action='delete' timestamp='2024-02-18T16:41:28Z' uid='10661323' user='Thiago AG' visible='true' version='3' changeset='147616874' lat='-22.8209585' lon='-47.0671718' />
  <node id='922791660' timestamp='2021-05-06T23:27:16Z' uid='12781306' user='LumosMaxima1' visible='true' version='5' changeset='104277929' lat='-22.8145581' lon='-47.0581057' />
  <node id='922791661' timestamp='2021-05-06T23:36:36Z' uid='12781306' user='LumosMaxima1' visible='true' version='6' changeset='104278102' lat='-22.8145653' lon='-47.0572137' />
  <node id='1102452107' action='delete' timestamp='2017-10-31T23:33:39Z' uid='5005847' user='igorkalju' visible='true' version='2' changeset='53411071' lat='-22.813833' lon='-47.0640289' />
  <node id='1102452143' action='delete' timestamp='2017-10-31T17:16:11Z' uid='5005847' user='igorkalju' visible='true' version='2' changeset='53401651' lat='-22.8148248' lon='-47.0647946' />
  <node id='1102452161' timestamp='2017-10-26T19:03:14Z' uid='5005847' user='igorkalju' visible='true' version='2' changeset='53271606' lat='-22.8149229' lon='-47.0640266' />
  <node id='1102452162' timestamp='2021-05-06T23:49:17Z' uid='12781306' user='LumosMaxima1' visible='true' version='4' changeset='104278329' lat='-22.8136729' lon='-47.0645787' />
  <node id='1102452169' action='delete' timestamp='2017-10-31T17:16:11Z' uid='5005847' user='igorkalju' visible='true' version='2' changeset='53401651' lat='-22.8151913' lon='-47.0650375' />
  <node id='1102452172' action='delete' timestamp='2017-10-31T23:33:39Z' uid='5005847' user='igorkalju' visible='true' version='2' changeset='53411071' lat='-22.8136705' lon='-47.0637523' />
  <node id='1102452185' action='delete' timestamp='2017-10-31T17:16:11Z' uid='5005847' user='igorkalju' visible='true' version='2' changeset='53401651' lat='-22.8150266' lon='-47.0651141' />
  <node id='1102452213' action='delete' timestamp='2017-10-31T23:33:39Z' uid='5005847' user='igorkalju' visible='true' version='2' changeset='53411071' lat='-22.8136878' lon='-47.0641053' />
  <node id='1102452217' action='delete' timestamp='2017-10-31T23:33:39Z' uid='5005847' user='igorkalju' visible='true' version='2' changeset='53411071' lat='-22.8138691' lon='-47.0641095' />
  <node id='1102452219' action='delete' timestamp='2017-10-31T23:33:39Z' uid='5005847' user='igorkalju' visible='true' version='2' changeset='53411071' lat='-22.8135441' lon='-47.0638951' />
  <node id='1102452224' action='delete' timestamp='2017-10-31T17:16:11Z' uid='5005847' user='igorkalju' visible='true' version='2' changeset='53401651' lat='-22.814913' lon='-47.0643329' />
  <node id='1102452269' action='delete' timestamp='2017-10-31T17:16:11Z' uid='5005847' user='igorkalju' visible='true' version='2' changeset='53401651' lat='-22.8146923' lon='-47.064445' />
  <node id='1102452294' action='delete' timestamp='2017-10-31T23:33:39Z' uid='5005847' user='igorkalju' visible='true' version='2' changeset='53411071' lat='-22.8137178' lon='-47.0638586' />
  <node id='1102452296' timestamp='2021-05-06T23:49:17Z' uid='12781306' user='LumosMaxima1' visible='true' version='4' changeset='104278329' lat='-22.8137739' lon='-47.0647415' />
  <node id='1102452300' action='delete' timestamp='2017-10-31T17:16:11Z' uid='5005847' user='igorkalju' visible='true' version='2' changeset='53401651' lat='-22.8147383' lon='-47.0644141' />
  <node id='1102452310' action='delete' timestamp='2017-10-31T23:33:39Z' uid='5005847' user='igorkalju' visible='true' version='2' changeset='53411071' lat='-22.8134148' lon='-47.0638606' />
  <node id='1102452313' action='delete' timestamp='2017-10-31T17:16:11Z' uid='5005847' user='igorkalju' visible='true' version='2' changeset='53401651' lat='-22.8147919' lon='-47.0646973' />
  <node id='1102452317' action='delete' timestamp='2017-10-31T23:33:39Z' uid='5005847' user='igorkalju' visible='true' version='2' changeset='53411071' lat='-22.8138006' lon='-47.0636838' />
  <node id='1102452331' timestamp='2021-05-06T23:49:17Z' uid='12781306' user='LumosMaxima1' visible='true' version='4' changeset='104278329' lat='-22.8137577' lon='-47.064836' />
  <node id='1102452341' action='delete' timestamp='2017-10-31T17:16:10Z' uid='5005847' user='igorkalju' visible='true' version='2' changeset='53401651' lat='-22.8148105' lon='-47.065205' />
  <node id='1102452342' action='delete' timestamp='2017-10-31T23:33:39Z' uid='5005847' user='igorkalju' visible='true' version='2' changeset='53411071' lat='-22.8135644' lon='-47.0642183' />
  <node id='1102452357' action='delete' timestamp='2017-10-31T23:33:39Z' uid='5005847' user='igorkalju' visible='true' version='2' changeset='53411071' lat='-22.8136998' lon='-47.0638184' />
  <node id='1102452360' action='delete' timestamp='2017-10-31T23:33:39Z' uid='5005847' user='igorkalju' visible='true' version='2' changeset='53411071' lat='-22.8136597' lon='-47.0641714' />
  <node id='1102452361' action='delete' timestamp='2017-10-31T23:33:39Z' uid='5005847' user='igorkalju' visible='true' version='2' changeset='53411071' lat='-22.8135284' lon='-47.0638475' />
  <node id='1102452376' action='delete' timestamp='2017-10-31T23:33:39Z' uid='5005847' user='igorkalju' visible='true' version='2' changeset='53411071' lat='-22.8135135' lon='-47.0638119' />
  <node id='1102452382' action='delete' timestamp='2017-10-31T17:16:11Z' uid='5005847' user='igorkalju' visible='true' version='2' changeset='53401651' lat='-22.8149595' lon='-47.0651357' />
  <node id='1102452399' action='delete' timestamp='2017-10-31T23:33:39Z' uid='5005847' user='igorkalju' visible='true' version='2' changeset='53411071' lat='-22.8136043' lon='-47.0639184' />
  <node id='1102452424' action='delete' timestamp='2017-10-31T17:16:11Z' uid='5005847' user='igorkalju' visible='true' version='2' changeset='53401651' lat='-22.8148411' lon='-47.0646744' />
  <node id='1102452426' action='delete' timestamp='2017-10-31T17:16:11Z' uid='5005847' user='igorkalju' visible='true' version='2' changeset='53401651' lat='-22.8145386' lon='-47.0645164' />
  <node id='1102452442' action='delete' timestamp='2017-10-31T23:33:39Z' uid='5005847' user='igorkalju' visible='true' version='2' changeset='53411071' lat='-22.8139678' lon='-47.0640575' />
  <node id='1102452446' timestamp='2021-05-06T23:49:17Z' uid='12781306' user='LumosMaxima1' visible='true' version='4' changeset='104278329' lat='-22.8137326' lon='-47.0646329' />
  <node id='1102452460' action='delete' timestamp='2017-10-31T17:16:11Z' uid='5005847' user='igorkalju' visible='true' version='2' changeset='53401651' lat='-22.8148886' lon='-47.0647649' />
  <node id='1102452465' action='delete' timestamp='2017-10-31T23:33:39Z' uid='5005847' user='igorkalju' visible='true' version='2' changeset='53411071' lat='-22.8136798' lon='-47.063773' />
  <node id='1102485660' action='delete' timestamp='2011-01-13T20:43:47Z' uid='323990' user='kurka' visible='true' version='1' changeset='6961195' lat='-22.8170907' lon='-47.0682127' />
  <node id='1106897331' action='delete' timestamp='2017-10-26T19:20:33Z' uid='5005847' user='igorkalju' visible='true' version='2' changeset='53272002' lat='-22.8227211' lon='-47.0623841' />
  <node id='1106897370' action='delete' timestamp='2017-10-26T19:03:15Z' uid='5005847' user='igorkalju' visible='true' version='3' changeset='53271606' lat='-22.8187857' lon='-47.0643393' />
  <node id='1106897445' action='delete' timestamp='2020-02-03T20:45:31Z' uid='10630556' user='Night_biker' visible='true' version='3' changeset='80498255' lat='-22.8233314' lon='-47.0621562' />
  <node id='1106897448' action='delete' timestamp='2017-10-26T19:20:33Z' uid='5005847' user='igorkalju' visible='true' version='3' changeset='53272002' lat='-22.8233882' lon='-47.0622877' />
  <node id='1106897464' action='delete' timestamp='2011-01-16T22:34:03Z' uid='323990' user='kurka' visible='true' version='1' changeset='6994799' lat='-22.820428' lon='-47.0636914' />
  <node id='1129807603' action='delete' timestamp='2017-10-31T18:27:37Z' uid='5005847' user='igorkalju' visible='true' version='2' changeset='53403653' lat='-22.8182504' lon='-47.0613768' />
  <node id='1129807640' action='delete' timestamp='2017-10-31T18:27:38Z' uid='5005847' user='igorkalju' visible='true' version='2' changeset='53403653' lat='-22.8187446' lon='-47.060121' />
  <node id='1129807645' action='delete' timestamp='2017-10-31T18:27:37Z' uid='5005847' user='igorkalju' visible='true' version='2' changeset='53403653' lat='-22.8182348' lon='-47.0611217' />
  <node id='1129807680' action='delete' timestamp='2017-10-31T18:27:37Z' uid='5005847' user='igorkalju' visible='true' version='2' changeset='53403653' lat='-22.8183149' lon='-47.060541' />
  <node id='1129807711' action='delete' timestamp='2017-10-31T18:27:37Z' uid='5005847' user='igorkalju' visible='true' version='2' changeset='53403653' lat='-22.8184225' lon='-47.0607811' />
  <node id='1129807718' action='delete' timestamp='2017-10-31T18:27:37Z' uid='5005847' user='igorkalju' visible='true' version='2' changeset='53403653' lat='-22.8183388' lon='-47.0613643' />
  <node id='1129807731' action='delete' timestamp='2017-10-31T18:27:38Z' uid='5005847' user='igorkalju' visible='true' version='2' changeset='53403653' lat='-22.8183714' lon='-47.0604425' />
  <node id='1129807733' action='delete' timestamp='2017-10-31T18:27:37Z' uid='5005847' user='igorkalju' visible='true' version='2' changeset='53403653' lat='-22.8182508' lon='-47.0612553' />
  <node id='1129807769' action='delete' timestamp='2017-10-31T18:27:38Z' uid='5005847' user='igorkalju' visible='true' version='2' changeset='53403653' lat='-22.8188007' lon='-47.060277' />
  <node id='1129807772' action='delete' timestamp='2017-10-31T18:27:37Z' uid='5005847' user='igorkalju' visible='true' version='2' changeset='53403653' lat='-22.8184291' lon='-47.0611143' />
  <node id='1129807807' action='delete' timestamp='2017-10-31T18:27:37Z' uid='5005847' user='igorkalju' visible='true' version='2' changeset='53403653' lat='-22.8182093' lon='-47.0607827' />
  <node id='1129807812' action='delete' timestamp='2017-10-31T18:27:37Z' uid='5005847' user='igorkalju' visible='true' version='2' changeset='53403653' lat='-22.8183265' lon='-47.0612005' />
  <node id='1129807833' action='delete' timestamp='2017-10-31T18:27:38Z' uid='5005847' user='igorkalju' visible='true' version='2' changeset='53403653' lat='-22.8183004' lon='-47.0602447' />
  <node id='1129807835' action='delete' timestamp='2017-10-31T18:27:37Z' uid='5005847' user='igorkalju' visible='true' version='2' changeset='53403653' lat='-22.8183181' lon='-47.0612556' />
  <node id='1129807849' action='delete' timestamp='2017-10-31T18:27:37Z' uid='5005847' user='igorkalju' visible='true' version='2' changeset='53403653' lat='-22.8186086' lon='-47.0603581' />
  <node id='1129807882' action='delete' timestamp='2017-10-31T18:27:37Z' uid='5005847' user='igorkalju' visible='true' version='2' changeset='53403653' lat='-22.8184312' lon='-47.0611798' />
  <node id='1129807896' action='delete' timestamp='2017-10-31T18:27:37Z' uid='5005847' user='igorkalju' visible='true' version='2' changeset='53403653' lat='-22.81821' lon='-47.0608825' />
  <node id='1129807898' action='delete' timestamp='2017-10-31T18:27:37Z' uid='5005847' user='igorkalju' visible='true' version='2' changeset='53403653' lat='-22.8185503' lon='-47.0611806' />
  <node id='1129807924' action='delete' timestamp='2017-10-31T18:27:38Z' uid='5005847' user='igorkalju' visible='true' version='2' changeset='53403653' lat='-22.818608' lon='-47.0601147' />
  <node id='1129807933' action='delete' timestamp='2017-10-31T18:27:37Z' uid='5005847' user='igorkalju' visible='true' version='2' changeset='53403653' lat='-22.8183176' lon='-47.0613771' />
  <node id='1129807979' action='delete' timestamp='2017-10-31T18:27:37Z' uid='5005847' user='igorkalju' visible='true' version='2' changeset='53403653' lat='-22.818627' lon='-47.0604092' />
  <node id='1129807982' action='delete' timestamp='2017-10-31T18:27:37Z' uid='5005847' user='igorkalju' visible='true' version='2' changeset='53403653' lat='-22.8185753' lon='-47.0605677' />
  <node id='1129808006' action='delete' timestamp='2017-10-31T18:27:37Z' uid='5005847' user='igorkalju' visible='true' version='2' changeset='53403653' lat='-22.8185773' lon='-47.0608797' />
  <node id='1129808027' action='delete' timestamp='2017-10-31T18:27:37Z' uid='5005847' user='igorkalju' visible='true' version='2' changeset='53403653' lat='-22.8185627' lon='-47.0613445' />
  <node id='1129808046' action='delete' timestamp='2017-10-31T18:27:38Z' uid='5005847' user='igorkalju' visible='true' version='2' changeset='53403653' lat='-22.8186279' lon='-47.0601703' />
  <node id='1129808051' action='delete' timestamp='2017-10-31T18:27:37Z' uid='5005847' user='igorkalju' visible='true' version='2' changeset='53403653' lat='-22.8182369' lon='-47.0611872' />
  <node id='1129808118' action='delete' timestamp='2017-10-31T18:27:37Z' uid='5005847' user='igorkalju' visible='true' version='2' changeset='53403653' lat='-22.8184211' lon='-47.0605689' />
  <node id='1129808174' action='delete' timestamp='2017-10-31T18:27:38Z' uid='5005847' user='igorkalju' visible='true' version='2' changeset='53403653' lat='-22.8182916' lon='-47.0604762' />
  <node id='1176146953' action='delete' timestamp='2017-10-31T18:51:30Z' uid='5005847' user='igorkalju' visible='true' version='3' changeset='53404417' lat='-22.8151128' lon='-47.0641539'>
    <tag k='amenity' v='cafe' />
    <tag k='name' v='Cantina do Gatti' />
  </node>
  <node id='1206920047' action='delete' timestamp='2017-10-31T23:15:48Z' uid='5005847' user='igorkalju' visible='true' version='4' changeset='53410879' lat='-22.8119909' lon='-47.0616574' />
  <node id='1206920055' action='delete' timestamp='2017-10-31T23:15:48Z' uid='5005847' user='igorkalju' visible='true' version='4' changeset='53410879' lat='-22.8122078' lon='-47.0612317' />
  <node id='1206920059' action='delete' timestamp='2017-10-31T23:15:48Z' uid='5005847' user='igorkalju' visible='true' version='4' changeset='53410879' lat='-22.8125093' lon='-47.0619681' />
  <node id='1206920061' action='delete' timestamp='2017-10-31T23:15:48Z' uid='5005847' user='igorkalju' visible='true' version='4' changeset='53410879' lat='-22.812644' lon='-47.0617036' />
  <node id='1253474558' action='delete' timestamp='2017-10-31T17:16:12Z' uid='5005847' user='igorkalju' visible='true' version='2' changeset='53401651' lat='-22.8161474' lon='-47.0640412' />
  <node id='1253474560' action='delete' timestamp='2017-10-31T17:16:12Z' uid='5005847' user='igorkalju' visible='true' version='2' changeset='53401651' lat='-22.8160699' lon='-47.0638443' />
  <node id='1253474570' action='delete' timestamp='2011-04-21T03:39:35Z' uid='321603' user='Giro720' visible='true' version='1' changeset='7921767' lat='-22.8168803' lon='-47.0650386' />
  <node id='1253474572' action='delete' timestamp='2011-04-21T03:39:35Z' uid='321603' user='Giro720' visible='true' version='1' changeset='7921767' lat='-22.8164033' lon='-47.0640894' />
  <node id='1253474575' action='delete' timestamp='2011-04-21T03:39:35Z' uid='321603' user='Giro720' visible='true' version='1' changeset='7921767' lat='-22.8168764' lon='-47.0648635' />
  <node id='1253474576' action='delete' timestamp='2017-10-31T17:16:12Z' uid='5005847' user='igorkalju' visible='true' version='2' changeset='53401651' lat='-22.8158402' lon='-47.064244' />
  <node id='1253474586' action='delete' timestamp='2017-10-31T17:16:12Z' uid='5005847' user='igorkalju' visible='true' version='2' changeset='53401651' lat='-22.8160364' lon='-47.0640886' />
  <node id='1253474595' action='delete' timestamp='2017-10-31T17:16:12Z' uid='5005847' user='igorkalju' visible='true' version='2' changeset='53401651' lat='-22.8158145' lon='-47.0641789' />
  <node id='1253474598' action='delete' timestamp='2017-10-31T17:16:12Z' uid='5005847' user='igorkalju' visible='true' version='2' changeset='53401651' lat='-22.8158661' lon='-47.064155' />
  <node id='1253474600' action='delete' timestamp='2011-04-21T03:39:35Z' uid='321603' user='Giro720' visible='true' version='1' changeset='7921767' lat='-22.8167877' lon='-47.0640682' />
  <node id='1253474602' action='delete' timestamp='2017-10-31T17:16:12Z' uid='5005847' user='igorkalju' visible='true' version='2' changeset='53401651' lat='-22.8161546' lon='-47.0643779' />
  <node id='1253474612' action='delete' timestamp='2017-10-31T17:16:12Z' uid='5005847' user='igorkalju' visible='true' version='2' changeset='53401651' lat='-22.8162203' lon='-47.0642716' />
  <node id='1253474614' action='delete' timestamp='2017-10-31T17:16:12Z' uid='5005847' user='igorkalju' visible='true' version='2' changeset='53401651' lat='-22.816256' lon='-47.064255' />
  <node id='1253474619' action='delete' timestamp='2011-04-21T03:39:36Z' uid='321603' user='Giro720' visible='true' version='1' changeset='7921767' lat='-22.8166955' lon='-47.0648681' />
  <node id='1253474629' action='delete' timestamp='2017-10-31T17:16:12Z' uid='5005847' user='igorkalju' visible='true' version='2' changeset='53401651' lat='-22.8160027' lon='-47.0641453' />
  <node id='1253474638' action='delete' timestamp='2017-10-31T17:16:12Z' uid='5005847' user='igorkalju' visible='true' version='2' changeset='53401651' lat='-22.8160811' lon='-47.0643446' />
  <node id='1253474640' action='delete' timestamp='2017-10-31T17:16:12Z' uid='5005847' user='igorkalju' visible='true' version='2' changeset='53401651' lat='-22.8160538' lon='-47.0641217' />
  <node id='1253474643' action='delete' timestamp='2017-10-31T17:16:12Z' uid='5005847' user='igorkalju' visible='true' version='2' changeset='53401651' lat='-22.815988' lon='-47.064111' />
  <node id='1253474647' action='delete' timestamp='2017-10-31T17:16:12Z' uid='5005847' user='igorkalju' visible='true' version='2' changeset='53401651' lat='-22.8159561' lon='-47.0644025' />
  <node id='1253474648' action='delete' timestamp='2011-04-21T03:39:36Z' uid='321603' user='Giro720' visible='true' version='1' changeset='7921767' lat='-22.8164074' lon='-47.0641767' />
  <node id='1253474650' action='delete' timestamp='2017-10-31T17:16:12Z' uid='5005847' user='igorkalju' visible='true' version='2' changeset='53401651' lat='-22.8158854' lon='-47.064223' />
  <node id='1253474651' action='delete' timestamp='2011-04-21T03:39:36Z' uid='321603' user='Giro720' visible='true' version='1' changeset='7921767' lat='-22.8170137' lon='-47.0648379' />
  <node id='1253474655' action='delete' timestamp='2011-04-21T03:39:36Z' uid='321603' user='Giro720' visible='true' version='1' changeset='7921767' lat='-22.8167975' lon='-47.0642768' />
  <node id='1253474658' action='delete' timestamp='2011-04-21T03:39:36Z' uid='321603' user='Giro720' visible='true' version='1' changeset='7921767' lat='-22.8165863' lon='-47.0641668' />
  <node id='1253474669' action='delete' timestamp='2011-04-21T03:39:36Z' uid='321603' user='Giro720' visible='true' version='1' changeset='7921767' lat='-22.8166993' lon='-47.0650433' />
  <node id='1253474672' action='delete' timestamp='2017-10-31T17:16:12Z' uid='5005847' user='igorkalju' visible='true' version='2' changeset='53401651' lat='-22.8159602' lon='-47.0638951' />
  <node id='1253474677' action='delete' timestamp='2011-04-21T03:39:37Z' uid='321603' user='Giro720' visible='true' version='1' changeset='7921767' lat='-22.8167247' lon='-47.0648444' />
  <node id='1253474679' action='delete' timestamp='2017-10-31T17:16:12Z' uid='5005847' user='igorkalju' visible='true' version='2' changeset='53401651' lat='-22.8161806' lon='-47.0640259' />
  <node id='1253474681' action='delete' timestamp='2017-10-31T17:16:12Z' uid='5005847' user='igorkalju' visible='true' version='2' changeset='53401651' lat='-22.8161981' lon='-47.0640705' />
  <node id='1253474682' action='delete' timestamp='2017-10-31T17:16:12Z' uid='5005847' user='igorkalju' visible='true' version='2' changeset='53401651' lat='-22.8162813' lon='-47.0643193' />
  <node id='1253474684' action='delete' timestamp='2017-10-31T17:16:12Z' uid='5005847' user='igorkalju' visible='true' version='2' changeset='53401651' lat='-22.8161499' lon='-47.0640928' />
  <node id='1253474687' action='delete' timestamp='2017-10-31T17:16:12Z' uid='5005847' user='igorkalju' visible='true' version='2' changeset='53401651' lat='-22.8157884' lon='-47.0639576' />
  <node id='1253474690' action='delete' timestamp='2011-04-21T03:39:37Z' uid='321603' user='Giro720' visible='true' version='1' changeset='7921767' lat='-22.8165919' lon='-47.0642881' />
  <node id='1253474692' action='delete' timestamp='2011-04-21T03:39:37Z' uid='321603' user='Giro720' visible='true' version='1' changeset='7921767' lat='-22.8170098' lon='-47.0646341' />
  <node id='1253474694' action='delete' timestamp='2017-10-31T17:16:12Z' uid='5005847' user='igorkalju' visible='true' version='2' changeset='53401651' lat='-22.8159062' lon='-47.0639031' />
  <node id='1253474696' action='delete' timestamp='2011-04-21T03:39:37Z' uid='321603' user='Giro720' visible='true' version='1' changeset='7921767' lat='-22.8167208' lon='-47.0646406' />
  <node id='1595492153' action='delete' timestamp='2018-01-27T19:27:14Z' uid='4176326' user='mutuka' visible='true' version='3' changeset='55812615' lat='-22.8171174' lon='-47.0619334' />
  <node id='1595492157' action='delete' timestamp='2018-01-27T19:27:14Z' uid='4176326' user='mutuka' visible='true' version='3' changeset='55812615' lat='-22.8173605' lon='-47.0622565' />
  <node id='1595492161' action='delete' timestamp='2018-01-27T19:27:14Z' uid='4176326' user='mutuka' visible='true' version='3' changeset='55812615' lat='-22.8175187' lon='-47.0624303' />
  <node id='1595492163' action='delete' timestamp='2018-01-27T19:27:14Z' uid='4176326' user='mutuka' visible='true' version='3' changeset='55812615' lat='-22.8175868' lon='-47.0619414' />
  <node id='1595492166' action='delete' timestamp='2018-01-27T19:27:14Z' uid='4176326' user='mutuka' visible='true' version='3' changeset='55812615' lat='-22.8172781' lon='-47.0624264' />
  <node id='1595492168' action='delete' timestamp='2018-01-27T19:27:14Z' uid='4176326' user='mutuka' visible='true' version='3' changeset='55812615' lat='-22.8171129' lon='-47.0624246' />
  <node id='1595492170' action='delete' timestamp='2018-01-27T19:27:14Z' uid='4176326' user='mutuka' visible='true' version='3' changeset='55812615' lat='-22.8177797' lon='-47.0624123' />
  <node id='1595492172' action='delete' timestamp='2018-01-27T19:27:14Z' uid='4176326' user='mutuka' visible='true' version='3' changeset='55812615' lat='-22.8172826' lon='-47.0619352' />
  <node id='1595492174' action='delete' timestamp='2018-01-27T19:27:14Z' uid='4176326' user='mutuka' visible='true' version='3' changeset='55812615' lat='-22.8175954' lon='-47.0624266' />
  <node id='1595492175' action='delete' timestamp='2018-01-27T19:27:14Z' uid='4176326' user='mutuka' visible='true' version='3' changeset='55812615' lat='-22.8176911' lon='-47.0622078' />
  <node id='1595492179' action='delete' timestamp='2018-01-27T19:27:14Z' uid='4176326' user='mutuka' visible='true' version='3' changeset='55812615' lat='-22.8177739' lon='-47.062141' />
  <node id='1595492180' action='delete' timestamp='2018-01-27T19:27:14Z' uid='4176326' user='mutuka' visible='true' version='3' changeset='55812615' lat='-22.8173123' lon='-47.0622575' />
  <node id='1595492183' action='delete' timestamp='2018-01-27T19:27:14Z' uid='4176326' user='mutuka' visible='true' version='3' changeset='55812615' lat='-22.8175104' lon='-47.062143' />
  <node id='1595492185' action='delete' timestamp='2018-01-27T19:27:14Z' uid='4176326' user='mutuka' visible='true' version='3' changeset='55812615' lat='-22.8178722' lon='-47.0624104' />
  <node id='1595492187' action='delete' timestamp='2018-01-27T19:27:14Z' uid='4176326' user='mutuka' visible='true' version='3' changeset='55812615' lat='-22.8177704' lon='-47.0619344' />
  <node id='1595492191' action='delete' timestamp='2018-01-27T19:27:14Z' uid='4176326' user='mutuka' visible='true' version='3' changeset='55812615' lat='-22.8174131' lon='-47.0619403' />
  <node id='1595492193' action='delete' timestamp='2018-01-27T19:27:14Z' uid='4176326' user='mutuka' visible='true' version='3' changeset='55812615' lat='-22.8173634' lon='-47.0624334' />
  <node id='1595492196' action='delete' timestamp='2018-01-27T19:27:15Z' uid='4176326' user='mutuka' visible='true' version='3' changeset='55812615' lat='-22.8177762' lon='-47.0622061' />
  <node id='1595492198' action='delete' timestamp='2018-01-27T19:27:15Z' uid='4176326' user='mutuka' visible='true' version='3' changeset='55812615' lat='-22.8173103' lon='-47.0621363' />
  <node id='1595492215' action='delete' timestamp='2018-01-27T19:27:15Z' uid='4176326' user='mutuka' visible='true' version='3' changeset='55812615' lat='-22.8177154' lon='-47.0621422' />
  <node id='1595492217' action='delete' timestamp='2018-01-27T19:27:15Z' uid='4176326' user='mutuka' visible='true' version='3' changeset='55812615' lat='-22.8175919' lon='-47.0622167' />
  <node id='1595492218' action='delete' timestamp='2018-01-27T19:27:15Z' uid='4176326' user='mutuka' visible='true' version='3' changeset='55812615' lat='-22.8178641' lon='-47.0619325' />
  <node id='1595492220' action='delete' timestamp='2018-01-27T19:27:15Z' uid='4176326' user='mutuka' visible='true' version='3' changeset='55812615' lat='-22.8175069' lon='-47.0619385' />
  <node id='1595492221' action='delete' timestamp='2018-01-27T19:27:15Z' uid='4176326' user='mutuka' visible='true' version='3' changeset='55812615' lat='-22.8175151' lon='-47.0622182' />
  <node id='1595492222' action='delete' timestamp='2018-01-27T19:27:15Z' uid='4176326' user='mutuka' visible='true' version='3' changeset='55812615' lat='-22.8176948' lon='-47.0624247' />
  <node id='1595492223' action='delete' timestamp='2018-01-27T19:27:15Z' uid='4176326' user='mutuka' visible='true' version='3' changeset='55812615' lat='-22.8174164' lon='-47.0621342' />
  <node id='1620462517' action='delete' timestamp='2018-01-27T19:27:15Z' uid='4176326' user='mutuka' visible='true' version='2' changeset='55812615' lat='-22.8166328' lon='-47.0628678' />
  <node id='1620462537' action='delete' timestamp='2018-01-27T19:27:15Z' uid='4176326' user='mutuka' visible='true' version='2' changeset='55812615' lat='-22.8163438' lon='-47.063101' />
  <node id='1620462540' action='delete' timestamp='2018-01-27T19:27:15Z' uid='4176326' user='mutuka' visible='true' version='2' changeset='55812615' lat='-22.8166313' lon='-47.0627975' />
  <node id='1620462545' action='delete' timestamp='2018-01-27T19:27:15Z' uid='4176326' user='mutuka' visible='true' version='2' changeset='55812615' lat='-22.8166315' lon='-47.0630411' />
  <node id='1620462547' action='delete' timestamp='2018-01-27T19:27:15Z' uid='4176326' user='mutuka' visible='true' version='2' changeset='55812615' lat='-22.8163433' lon='-47.0628652' />
  <node id='1620462577' timestamp='2021-05-07T23:29:37Z' uid='12781306' user='LumosMaxima1' visible='true' version='5' changeset='104344636' lat='-22.818105' lon='-47.0591131' />
  <node id='1620462619' action='delete' timestamp='2018-01-27T19:27:15Z' uid='4176326' user='mutuka' visible='true' version='2' changeset='55812615' lat='-22.8163424' lon='-47.0627949' />
  <node id='1620462625' action='delete' timestamp='2018-01-27T19:27:15Z' uid='4176326' user='mutuka' visible='true' version='2' changeset='55812615' lat='-22.8163425' lon='-47.0632726' />
  <node id='1620462658' action='delete' timestamp='2018-01-27T19:27:15Z' uid='4176326' user='mutuka' visible='true' version='2' changeset='55812615' lat='-22.8163438' lon='-47.0626223' />
  <node id='1620462659' action='delete' timestamp='2018-01-27T19:27:15Z' uid='4176326' user='mutuka' visible='true' version='2' changeset='55812615' lat='-22.8166305' lon='-47.0632752' />
  <node id='1620462662' action='delete' timestamp='2018-01-27T19:27:15Z' uid='4176326' user='mutuka' visible='true' version='2' changeset='55812615' lat='-22.8166326' lon='-47.0626249' />
  <node id='1620462669' action='delete' timestamp='2018-01-27T19:27:15Z' uid='4176326' user='mutuka' visible='true' version='2' changeset='55812615' lat='-22.8166318' lon='-47.0631036' />
  <node id='1620462696' action='delete' timestamp='2018-01-27T19:27:15Z' uid='4176326' user='mutuka' visible='true' version='2' changeset='55812615' lat='-22.816342' lon='-47.0630385' />
  <node id='1754423625' action='delete' timestamp='2024-10-05T13:35:10Z' uid='1675654' user='Fidelis Assis' visible='true' version='4' changeset='157501518' lat='-22.8129212' lon='-47.0597661' />
  <node id='1754423626' action='delete' timestamp='2012-05-16T01:11:21Z' uid='397850' user='Tulio Magno Quites Machado Filho' visible='true' version='1' changeset='11610322' lat='-22.8130473' lon='-47.0604677' />
  <node id='1754423627' action='delete' timestamp='2024-10-05T13:35:10Z' uid='1675654' user='Fidelis Assis' visible='true' version='4' changeset='157501518' lat='-22.8129532' lon='-47.0601232' />
  <node id='1754423629' action='delete' timestamp='2020-09-22T12:45:12Z' uid='10653302' user='HangingLake' visible='true' version='3' changeset='91296177' lat='-22.8127829' lon='-47.0601535' />
  <node id='1754423630' action='delete' timestamp='2020-09-22T12:45:12Z' uid='10653302' user='HangingLake' visible='true' version='3' changeset='91296177' lat='-22.8125825' lon='-47.0601713' />
  <node id='1754423631' action='delete' timestamp='2017-10-31T23:15:48Z' uid='5005847' user='igorkalju' visible='true' version='3' changeset='53410879' lat='-22.8126884' lon='-47.0617303' />
  <node id='1754423633' action='delete' timestamp='2024-10-05T13:35:10Z' uid='1675654' user='Fidelis Assis' visible='true' version='4' changeset='157501518' lat='-22.8133936' lon='-47.0600768' />
  <node id='1754423634' action='delete' timestamp='2024-10-05T13:35:10Z' uid='1675654' user='Fidelis Assis' visible='true' version='4' changeset='157501518' lat='-22.8135153' lon='-47.0599939' />
  <node id='1754423635' action='delete' timestamp='2024-10-05T13:35:10Z' uid='1675654' user='Fidelis Assis' visible='true' version='4' changeset='157501518' lat='-22.8135072' lon='-47.0599039' />
  <node id='1754423636' action='delete' timestamp='2017-10-31T23:15:48Z' uid='5005847' user='igorkalju' visible='true' version='3' changeset='53410879' lat='-22.8123851' lon='-47.0611814' />
  <node id='1754423637' action='delete' timestamp='2024-10-05T13:35:10Z' uid='1675654' user='Fidelis Assis' visible='true' version='4' changeset='157501518' lat='-22.8133785' lon='-47.0597179' />
  <node id='1754423638' action='delete' timestamp='2012-05-16T01:11:22Z' uid='397850' user='Tulio Magno Quites Machado Filho' visible='true' version='1' changeset='11610322' lat='-22.8130127' lon='-47.0606635' />
  <node id='1754423640' action='delete' timestamp='2020-09-22T12:45:12Z' uid='10653302' user='HangingLake' visible='true' version='3' changeset='91296177' lat='-22.8125567' lon='-47.0598294' />
  <node id='1754423641' action='delete' timestamp='2017-10-31T23:15:48Z' uid='5005847' user='igorkalju' visible='true' version='3' changeset='53410879' lat='-22.8124493' lon='-47.0613764' />
  <node id='1754423643' action='delete' timestamp='2017-10-31T23:15:48Z' uid='5005847' user='igorkalju' visible='true' version='3' changeset='53410879' lat='-22.8125103' lon='-47.0612565' />
  <node id='1754423644' action='delete' timestamp='2024-10-05T13:35:10Z' uid='1675654' user='Fidelis Assis' visible='true' version='4' changeset='157501518' lat='-22.8133874' lon='-47.0600074' />
  <node id='1754423645' action='delete' timestamp='2012-05-16T01:11:22Z' uid='397850' user='Tulio Magno Quites Machado Filho' visible='true' version='1' changeset='11610322' lat='-22.8130424' lon='-47.0603041' />
  <node id='1754423646' action='delete' timestamp='2012-05-16T01:11:22Z' uid='397850' user='Tulio Magno Quites Machado Filho' visible='true' version='1' changeset='11610322' lat='-22.8131833' lon='-47.0602987' />
  <node id='1754423647' action='delete' timestamp='2012-05-16T01:11:22Z' uid='397850' user='Tulio Magno Quites Machado Filho' visible='true' version='1' changeset='11610322' lat='-22.8129979' lon='-47.0604677' />
  <node id='1754423648' action='delete' timestamp='2020-09-22T12:45:12Z' uid='10653302' user='HangingLake' visible='true' version='3' changeset='91296177' lat='-22.8127572' lon='-47.0598116' />
  <node id='1754423649' action='delete' timestamp='2024-10-05T13:35:10Z' uid='1675654' user='Fidelis Assis' visible='true' version='4' changeset='157501518' lat='-22.8133962' lon='-47.0599156' />
  <node id='1754423650' action='delete' timestamp='2017-10-31T23:15:48Z' uid='5005847' user='igorkalju' visible='true' version='3' changeset='53410879' lat='-22.8129012' lon='-47.0613125' />
  <node id='1754423651' action='delete' timestamp='2020-08-27T13:05:35Z' uid='10653302' user='HangingLake' visible='true' version='2' changeset='90029109' lat='-22.8131944' lon='-47.0606259' />
  <node id='1754423652' action='delete' timestamp='2017-10-31T23:15:48Z' uid='5005847' user='igorkalju' visible='true' version='3' changeset='53410879' lat='-22.8124546' lon='-47.0610448' />
  <node id='2449854645' action='delete' timestamp='2017-10-25T23:50:45Z' uid='5005847' user='igorkalju' visible='true' version='2' changeset='53249643' lat='-22.8213672' lon='-47.0678401' />
  <node id='2449854648' action='delete' timestamp='2017-10-26T19:03:15Z' uid='5005847' user='igorkalju' visible='true' version='3' changeset='53271606' lat='-22.819185' lon='-47.0645892' />
  <node id='2449854657' action='delete' timestamp='2017-10-25T23:50:45Z' uid='5005847' user='igorkalju' visible='true' version='2' changeset='53249643' lat='-22.8190402' lon='-47.0646485' />
  <node id='2449854659' timestamp='2021-05-05T19:56:54Z' uid='12781306' user='LumosMaxima1' visible='true' version='4' changeset='104205625' lat='-22.8131791' lon='-47.0654913' />
  <node id='2639678024' action='delete' timestamp='2024-02-09T14:55:15Z' uid='10661323' user='Thiago AG' visible='true' version='2' changeset='147260434' lat='-22.8132543' lon='-47.0721577' />
  <node id='2639678025' action='delete' timestamp='2024-02-09T14:55:15Z' uid='10661323' user='Thiago AG' visible='true' version='2' changeset='147260434' lat='-22.8137455' lon='-47.0712268' />
  <node id='2639678026' action='delete' timestamp='2024-02-09T14:55:15Z' uid='10661323' user='Thiago AG' visible='true' version='3' changeset='147260434' lat='-22.8137273' lon='-47.0710462' />
  <node id='2639678027' action='delete' timestamp='2024-02-09T14:55:15Z' uid='10661323' user='Thiago AG' visible='true' version='3' changeset='147260434' lat='-22.8123984' lon='-47.0691338' />
  <node id='2639678028' action='delete' timestamp='2024-02-09T14:55:15Z' uid='10661323' user='Thiago AG' visible='true' version='3' changeset='147260434' lat='-22.8121277' lon='-47.0690466' />
  <node id='2639678029' action='delete' timestamp='2024-02-09T14:55:15Z' uid='10661323' user='Thiago AG' visible='true' version='2' changeset='147260434' lat='-22.8130223' lon='-47.0729457' />
  <node id='2639678030' action='delete' timestamp='2024-02-09T14:55:15Z' uid='10661323' user='Thiago AG' visible='true' version='3' changeset='147260434' lat='-22.8120955' lon='-47.068875' />
  <node id='2639678031' action='delete' timestamp='2024-02-09T14:55:15Z' uid='10661323' user='Thiago AG' visible='true' version='3' changeset='147260434' lat='-22.8121209' lon='-47.0682688' />
  <node id='2663230708' action='delete' timestamp='2017-10-26T19:03:15Z' uid='5005847' user='igorkalju' visible='true' version='2' changeset='53271606' lat='-22.8186063' lon='-47.0640737' />
  <node id='2663230709' action='delete' timestamp='2017-10-26T19:03:15Z' uid='5005847' user='igorkalju' visible='true' version='3' changeset='53271606' lat='-22.8184615' lon='-47.0639223' />
  <node id='2663230710' action='delete' timestamp='2024-02-18T16:41:28Z' uid='10661323' user='Thiago AG' visible='true' version='4' changeset='147616874' lat='-22.8190783' lon='-47.0640312'>
    <tag k='crossing' v='marked' />
    <tag k='crossing:markings' v='yes' />
    <tag k='highway' v='crossing' />
  </node>
  <node id='2663230711' action='delete' timestamp='2017-10-26T19:03:15Z' uid='5005847' user='igorkalju' visible='true' version='2' changeset='53271606' lat='-22.8195579' lon='-47.0639906' />
  <node id='2663230712' action='delete' timestamp='2017-10-26T19:03:15Z' uid='5005847' user='igorkalju' visible='true' version='2' changeset='53271606' lat='-22.820663' lon='-47.0634265' />
  <node id='2663230713' action='delete' timestamp='2017-10-26T19:20:33Z' uid='5005847' user='igorkalju' visible='true' version='2' changeset='53272002' lat='-22.8213203' lon='-47.0630282' />
  <node id='2663230714' action='delete' timestamp='2017-10-26T19:20:33Z' uid='5005847' user='igorkalju' visible='true' version='2' changeset='53272002' lat='-22.8223394' lon='-47.0624126' />
  <node id='2663230715' action='delete' timestamp='2017-10-26T19:20:33Z' uid='5005847' user='igorkalju' visible='true' version='2' changeset='53272002' lat='-22.822739' lon='-47.0622689' />
  <node id='2749629188' action='delete' timestamp='2017-11-08T11:22:07Z' uid='6280530' user='Lucs dos mapa' visible='true' version='3' changeset='53607755' lat='-22.8226685' lon='-47.0689965'>
    <tag k='bus' v='yes' />
    <tag k='highway' v='bus_stop' />
    <tag k='name' v='Central de Informações' />
    <tag k='public_transport' v='stop_position' />
    <tag k='shelter' v='no' />
  </node>
  <node id='2749629197' action='delete' timestamp='2019-07-21T21:20:39Z' uid='7489282' user='eduardoaddad' visible='true' version='3' changeset='72492708' lat='-22.8149933' lon='-47.0643468'>
    <tag k='bus' v='yes' />
    <tag k='highway' v='bus_stop' />
    <tag k='name' v='IC/Paviartes' />
    <tag k='public_transport' v='platform' />
    <tag k='shelter' v='yes' />
  </node>
  <node id='2749629204' action='delete' timestamp='2024-01-10T14:08:20Z' uid='10165575' user='Pedro Furlan' visible='true' version='7' changeset='146105739' lat='-22.8173308' lon='-47.0636142'>
    <tag k='bench' v='yes' />
    <tag k='bin' v='yes' />
    <tag k='bus' v='yes' />
    <tag k='check_date:shelter' v='2024-01-10' />
    <tag k='highway' v='bus_stop' />
    <tag k='lit' v='yes' />
    <tag k='name' v='Vigilância do Campus' />
    <tag k='public_transport' v='platform' />
    <tag k='shelter' v='yes' />
  </node>
  <node id='2749629205' action='delete' timestamp='2019-07-21T21:20:39Z' uid='7489282' user='eduardoaddad' visible='true' version='2' changeset='72492708' lat='-22.8144518' lon='-47.0641132'>
    <tag k='bus' v='yes' />
    <tag k='highway' v='bus_stop' />
    <tag k='name' v='IC/NEPO/NEPP' />
    <tag k='public_transport' v='platform' />
    <tag k='shelter' v='no' />
  </node>
  <node id='2749629206' action='delete' timestamp='2019-07-21T21:20:39Z' uid='7489282' user='eduardoaddad' visible='true' version='3' changeset='72492708' lat='-22.8146077' lon='-47.0573414'>
    <tag k='bus' v='yes' />
    <tag k='highway' v='bus_stop' />
    <tag k='name' v='Museu de Ciências' />
    <tag k='public_transport' v='platform' />
    <tag k='shelter' v='no' />
  </node>
  <node id='2749629207' action='delete' timestamp='2019-07-21T21:20:39Z' uid='7489282' user='eduardoaddad' visible='true' version='2' changeset='72492708' lat='-22.815652' lon='-47.0626791'>
    <tag k='bus' v='yes' />
    <tag k='highway' v='bus_stop' />
    <tag k='name' v='FEC/Restaurante Saturnino (RS)' />
    <tag k='public_transport' v='platform' />
    <tag k='shelter' v='yes' />
  </node>
  <node id='2749629208' action='delete' timestamp='2024-01-10T14:07:51Z' uid='10165575' user='Pedro Furlan' visible='true' version='7' changeset='146105739' lat='-22.8179966' lon='-47.0630907'>
    <tag k='bench' v='yes' />
    <tag k='bin' v='yes' />
    <tag k='bus' v='yes' />
    <tag k='check_date:shelter' v='2024-01-10' />
    <tag k='highway' v='bus_stop' />
    <tag k='lit' v='no' />
    <tag k='name' v='CCUEC' />
    <tag k='public_transport' v='platform' />
    <tag k='shelter' v='yes' />
  </node>
  <node id='2749629209' action='delete' timestamp='2024-01-10T14:07:55Z' uid='10165575' user='Pedro Furlan' visible='true' version='6' changeset='146105739' lat='-22.8182188' lon='-47.0630831'>
    <tag k='bench' v='yes' />
    <tag k='bin' v='yes' />
    <tag k='bus' v='yes' />
    <tag k='check_date:shelter' v='2024-01-10' />
    <tag k='highway' v='bus_stop' />
    <tag k='lit' v='no' />
    <tag k='name' v='CCUEC' />
    <tag k='public_transport' v='platform' />
    <tag k='shelter' v='yes' />
  </node>
  <node id='2749629210' action='delete' timestamp='2019-07-21T21:20:39Z' uid='7489282' user='eduardoaddad' visible='true' version='3' changeset='72492708' lat='-22.8182048' lon='-47.0607343'>
    <tag k='bus' v='yes' />
    <tag k='highway' v='bus_stop' />
    <tag k='name' v='EMBRAPA/FEAGRI' />
    <tag k='public_transport' v='platform' />
    <tag k='shelter' v='no' />
  </node>
  <node id='2749629211' action='delete' timestamp='2019-07-21T21:20:39Z' uid='7489282' user='eduardoaddad' visible='true' version='3' changeset='72492708' lat='-22.8183209' lon='-47.0596614'>
    <tag k='bus' v='yes' />
    <tag k='highway' v='bus_stop' />
    <tag k='name' v='CBMEG/FEAGRI' />
    <tag k='public_transport' v='platform' />
    <tag k='shelter' v='yes' />
  </node>
  <node id='2749646024' action='delete' timestamp='2019-07-21T21:20:39Z' uid='7489282' user='eduardoaddad' visible='true' version='3' changeset='72492708' lat='-22.818294' lon='-47.0595503'>
    <tag k='bus' v='yes' />
    <tag k='highway' v='bus_stop' />
    <tag k='name' v='CBMEG/FEAGRI' />
    <tag k='public_transport' v='platform' />
    <tag k='shelter' v='no' />
  </node>
  <node id='2749646030' action='delete' timestamp='2019-07-21T21:20:39Z' uid='7489282' user='eduardoaddad' visible='true' version='3' changeset='72492708' lat='-22.8177489' lon='-47.0608865'>
    <tag k='bus' v='yes' />
    <tag k='highway' v='bus_stop' />
    <tag k='name' v='EMBRAPA/FEAGRI' />
    <tag k='public_transport' v='platform' />
    <tag k='shelter' v='no' />
  </node>
  <node id='2749776742' action='delete' timestamp='2017-10-31T18:51:29Z' uid='5005847' user='igorkalju' visible='true' version='3' changeset='53404417' lat='-22.8150946' lon='-47.0642864' />
  <node id='2749776745' action='delete' timestamp='2017-10-31T18:51:29Z' uid='5005847' user='igorkalju' visible='true' version='3' changeset='53404417' lat='-22.8152737' lon='-47.0642091' />
  <node id='2749776747' action='delete' timestamp='2017-10-31T18:51:30Z' uid='5005847' user='igorkalju' visible='true' version='3' changeset='53404417' lat='-22.815519' lon='-47.0648745' />
  <node id='2749776749' action='delete' timestamp='2017-10-31T18:51:30Z' uid='5005847' user='igorkalju' visible='true' version='3' changeset='53404417' lat='-22.8153388' lon='-47.0649523' />
  <node id='2749908474' action='delete' timestamp='2018-01-27T19:27:16Z' uid='4176326' user='mutuka' visible='true' version='3' changeset='55812615' lat='-22.8176578' lon='-47.0633047' />
  <node id='2749908475' action='delete' timestamp='2018-01-27T19:27:16Z' uid='4176326' user='mutuka' visible='true' version='3' changeset='55812615' lat='-22.8176524' lon='-47.0633935' />
  <node id='2749908476' action='delete' timestamp='2018-01-27T19:27:16Z' uid='4176326' user='mutuka' visible='true' version='3' changeset='55812615' lat='-22.8175706' lon='-47.0633877' />
  <node id='2749908477' action='delete' timestamp='2018-01-27T19:27:16Z' uid='4176326' user='mutuka' visible='true' version='3' changeset='55812615' lat='-22.8175761' lon='-47.0632967' />
  <node id='2749908478' action='delete' timestamp='2018-01-27T19:27:16Z' uid='4176326' user='mutuka' visible='true' version='3' changeset='55812615' lat='-22.8174025' lon='-47.0632844' />
  <node id='2749908479' action='delete' timestamp='2018-01-27T19:27:16Z' uid='4176326' user='mutuka' visible='true' version='3' changeset='55812615' lat='-22.8174098' lon='-47.0631637' />
  <node id='2749908480' action='delete' timestamp='2018-01-27T19:27:16Z' uid='4176326' user='mutuka' visible='true' version='3' changeset='55812615' lat='-22.8174697' lon='-47.063168' />
  <node id='2749908481' action='delete' timestamp='2018-01-27T19:27:16Z' uid='4176326' user='mutuka' visible='true' version='3' changeset='55812615' lat='-22.8174748' lon='-47.0630843' />
  <node id='2749908482' action='delete' timestamp='2018-01-27T19:27:16Z' uid='4176326' user='mutuka' visible='true' version='3' changeset='55812615' lat='-22.8174149' lon='-47.06308' />
  <node id='2749908483' action='delete' timestamp='2018-01-27T19:27:16Z' uid='4176326' user='mutuka' visible='true' version='3' changeset='55812615' lat='-22.8174215' lon='-47.0629708' />
  <node id='2749908484' action='delete' timestamp='2018-01-27T19:27:16Z' uid='4176326' user='mutuka' visible='true' version='3' changeset='55812615' lat='-22.8175471' lon='-47.0629797' />
  <node id='2749908485' action='delete' timestamp='2018-01-27T19:27:16Z' uid='4176326' user='mutuka' visible='true' version='3' changeset='55812615' lat='-22.8175526' lon='-47.0628881' />
  <node id='2749908486' action='delete' timestamp='2018-01-27T19:27:16Z' uid='4176326' user='mutuka' visible='true' version='3' changeset='55812615' lat='-22.817427' lon='-47.0628792' />
  <node id='2749908487' action='delete' timestamp='2018-01-27T19:27:16Z' uid='4176326' user='mutuka' visible='true' version='3' changeset='55812615' lat='-22.8174339' lon='-47.0627658' />
  <node id='2749908488' action='delete' timestamp='2018-01-27T19:27:16Z' uid='4176326' user='mutuka' visible='true' version='3' changeset='55812615' lat='-22.817868' lon='-47.0627967' />
  <node id='2749908489' action='delete' timestamp='2018-01-27T19:27:16Z' uid='4176326' user='mutuka' visible='true' version='3' changeset='55812615' lat='-22.8178596' lon='-47.0629366' />
  <node id='2749908490' action='delete' timestamp='2018-01-27T19:27:16Z' uid='4176326' user='mutuka' visible='true' version='3' changeset='55812615' lat='-22.8177419' lon='-47.0629282' />
  <node id='2749908491' action='delete' timestamp='2018-01-27T19:27:16Z' uid='4176326' user='mutuka' visible='true' version='3' changeset='55812615' lat='-22.8177384' lon='-47.062986' />
  <node id='2749908492' action='delete' timestamp='2018-01-27T19:27:16Z' uid='4176326' user='mutuka' visible='true' version='3' changeset='55812615' lat='-22.8178561' lon='-47.0629944' />
  <node id='2749908493' action='delete' timestamp='2018-01-27T19:27:16Z' uid='4176326' user='mutuka' visible='true' version='3' changeset='55812615' lat='-22.8178365' lon='-47.0633175' />
  <node id='2755032600' action='delete' timestamp='2014-03-30T22:25:41Z' uid='1972970' user='Fábio Beranizo' visible='true' version='1' changeset='21409957' lat='-22.8151011' lon='-47.0625684' />
  <node id='2755032605' action='delete' timestamp='2014-03-30T22:25:41Z' uid='1972970' user='Fábio Beranizo' visible='true' version='1' changeset='21409957' lat='-22.8154739' lon='-47.0624904' />
  <node id='2755032608' action='delete' timestamp='2014-03-30T22:25:41Z' uid='1972970' user='Fábio Beranizo' visible='true' version='1' changeset='21409957' lat='-22.8154207' lon='-47.0621915' />
  <node id='2755032611' action='delete' timestamp='2014-03-30T22:25:41Z' uid='1972970' user='Fábio Beranizo' visible='true' version='1' changeset='21409957' lat='-22.8150479' lon='-47.0622695' />
  <node id='2755032619' action='delete' timestamp='2014-03-30T22:25:41Z' uid='1972970' user='Fábio Beranizo' visible='true' version='1' changeset='21409957' lat='-22.8136803' lon='-47.0636112'>
    <tag k='amenity' v='parking' />
  </node>
  <node id='2755032628' action='delete' timestamp='2017-10-31T18:27:37Z' uid='5005847' user='igorkalju' visible='true' version='2' changeset='53403653' lat='-22.8148662' lon='-47.061953' />
  <node id='2755032631' action='delete' timestamp='2017-10-31T18:27:37Z' uid='5005847' user='igorkalju' visible='true' version='2' changeset='53403653' lat='-22.8148632' lon='-47.0617544' />
  <node id='2755032634' action='delete' timestamp='2017-10-31T18:27:37Z' uid='5005847' user='igorkalju' visible='true' version='2' changeset='53403653' lat='-22.8151226' lon='-47.0617498' />
  <node id='2755032637' action='delete' timestamp='2017-10-31T18:27:37Z' uid='5005847' user='igorkalju' visible='true' version='2' changeset='53403653' lat='-22.8151256' lon='-47.0619484' />
  <node id='2755032640' action='delete' timestamp='2017-10-31T18:27:37Z' uid='5005847' user='igorkalju' visible='true' version='2' changeset='53403653' lat='-22.8152013' lon='-47.0618653' />
  <node id='2755032643' action='delete' timestamp='2017-10-31T18:27:37Z' uid='5005847' user='igorkalju' visible='true' version='2' changeset='53403653' lat='-22.8151977' lon='-47.0616736' />
  <node id='2755032645' action='delete' timestamp='2017-10-31T18:27:37Z' uid='5005847' user='igorkalju' visible='true' version='2' changeset='53403653' lat='-22.8154481' lon='-47.0616681' />
  <node id='2755032648' action='delete' timestamp='2017-10-31T18:27:37Z' uid='5005847' user='igorkalju' visible='true' version='2' changeset='53403653' lat='-22.8154517' lon='-47.0618598' />
  <node id='2825575095' timestamp='2017-10-25T23:13:50Z' uid='5005847' user='igorkalju' visible='true' version='2' changeset='53249313' lat='-22.8159455' lon='-47.0625295' />
  <node id='2825575096' timestamp='2017-10-25T23:13:50Z' uid='5005847' user='igorkalju' visible='true' version='2' changeset='53249313' lat='-22.8156133' lon='-47.062042' />
  <node id='2825575097' timestamp='2015-02-22T16:30:46Z' uid='1306' user='PlaneMad' visible='true' version='2' changeset='29025140' lat='-22.8154962' lon='-47.0609286' />
  <node id='2825575098' action='delete' timestamp='2021-02-20T23:20:44Z' uid='1856060' user='patodiez' visible='true' version='4' changeset='99663646' lat='-22.8162966' lon='-47.0579392'>
    <tag k='noexit' v='yes' />
  </node>
  <node id='3129757173' action='delete' timestamp='2024-02-09T14:55:15Z' uid='10661323' user='Thiago AG' visible='true' version='2' changeset='147260434' lat='-22.8137669' lon='-47.0711321' />
  <node id='3129757862' action='delete' timestamp='2024-02-09T14:55:15Z' uid='10661323' user='Thiago AG' visible='true' version='3' changeset='147260434' lat='-22.812595' lon='-47.0693055' />
  <node id='3129767254' action='delete' timestamp='2024-02-09T14:55:15Z' uid='10661323' user='Thiago AG' visible='true' version='2' changeset='147260434' lat='-22.8121845' lon='-47.0684177' />
  <node id='3366287705' timestamp='2021-05-06T23:27:16Z' uid='12781306' user='LumosMaxima1' visible='true' version='4' changeset='104277929' lat='-22.8136224' lon='-47.0610687' />
  <node id='3366287706' timestamp='2020-08-27T07:04:29Z' uid='10653302' user='HangingLake' visible='true' version='3' changeset='90008548' lat='-22.8143946' lon='-47.0610095' />
  <node id='3366287707' action='delete' timestamp='2023-06-06T16:32:01Z' uid='6623938' user='Matheusmbar' visible='true' version='5' changeset='137022468' lat='-22.814575' lon='-47.0569637'>
    <tag k='noexit' v='yes' />
  </node>
  <node id='3366287708' action='delete' timestamp='2023-06-06T16:32:01Z' uid='6623938' user='Matheusmbar' visible='true' version='8' changeset='137022468' lat='-22.8146483' lon='-47.0567679'>
    <tag k='access' v='no' />
    <tag k='barrier' v='swing_gate' />
    <tag k='locked' v='yes' />
    <tag k='wheelchair' v='no' />
  </node>
  <node id='3366287709' timestamp='2017-10-25T23:13:50Z' uid='5005847' user='igorkalju' visible='true' version='2' changeset='53249313' lat='-22.8155579' lon='-47.0617767' />
  <node id='3366287710' timestamp='2015-02-22T16:30:44Z' uid='1306' user='PlaneMad' visible='true' version='1' changeset='29025140' lat='-22.8167656' lon='-47.0609184' />
  <node id='3366287711' timestamp='2017-10-26T19:03:15Z' uid='5005847' user='igorkalju' visible='true' version='2' changeset='53271606' lat='-22.8176254' lon='-47.0637843' />
  <node id='3366287712' timestamp='2017-10-26T19:03:15Z' uid='5005847' user='igorkalju' visible='true' version='2' changeset='53271606' lat='-22.8178316' lon='-47.063795' />
  <node id='3366287715' timestamp='2017-10-25T23:13:49Z' uid='5005847' user='igorkalju' visible='true' version='3' changeset='53249313' lat='-22.8180014' lon='-47.0609754' />
  <node id='3366287718' timestamp='2017-10-26T19:03:15Z' uid='5005847' user='igorkalju' visible='true' version='4' changeset='53271606' lat='-22.818038' lon='-47.0635778' />
  <node id='3366287719' timestamp='2017-10-26T19:03:15Z' uid='5005847' user='igorkalju' visible='true' version='4' changeset='53271606' lat='-22.8180483' lon='-47.063468' />
  <node id='3366287723' timestamp='2017-10-25T23:13:49Z' uid='5005847' user='igorkalju' visible='true' version='2' changeset='53249313' lat='-22.8181618' lon='-47.0631501' />
  <node id='3366287724' timestamp='2017-10-25T23:13:49Z' uid='5005847' user='igorkalju' visible='true' version='2' changeset='53249313' lat='-22.8181951' lon='-47.0633618' />
  <node id='3366287725' timestamp='2017-10-26T19:03:15Z' uid='5005847' user='igorkalju' visible='true' version='3' changeset='53271606' lat='-22.8182584' lon='-47.0635609' />
  <node id='3366322622' timestamp='2021-05-10T16:31:34Z' uid='12781306' user='LumosMaxima1' visible='true' version='4' changeset='104464437' lat='-22.818379' lon='-47.0638723' />
  <node id='3366322623' action='delete' timestamp='2017-10-26T19:03:15Z' uid='5005847' user='igorkalju' visible='true' version='2' changeset='53271606' lat='-22.8184224' lon='-47.0640518' />
  <node id='3366322624' action='delete' timestamp='2017-10-26T19:03:15Z' uid='5005847' user='igorkalju' visible='true' version='2' changeset='53271606' lat='-22.8185054' lon='-47.0640494' />
  <node id='3366322625' action='delete' timestamp='2017-10-26T19:03:15Z' uid='5005847' user='igorkalju' visible='true' version='2' changeset='53271606' lat='-22.8185825' lon='-47.0641469' />
  <node id='3366323935' action='delete' timestamp='2017-10-25T23:50:45Z' uid='5005847' user='igorkalju' visible='true' version='2' changeset='53249643' lat='-22.8196685' lon='-47.0652363' />
  <node id='3366323936' action='delete' timestamp='2017-10-25T23:50:45Z' uid='5005847' user='igorkalju' visible='true' version='2' changeset='53249643' lat='-22.8196603' lon='-47.0650266' />
  <node id='3413113170' action='delete' timestamp='2024-02-26T14:42:50Z' uid='10661323' user='Thiago AG' visible='true' version='2' changeset='147935231' lat='-22.8180326' lon='-47.0721112'>
    <tag k='barrier' v='gate' />
    <tag k='bicycle' v='yes' />
    <tag k='foot' v='yes' />
    <tag k='motor_vehicle' v='no' />
    <tag k='note' v='Closed on weekends and holidays.' />
  </node>
  <node id='3717720330' action='delete' timestamp='2015-08-27T23:37:52Z' uid='3190662' user='Caio S' visible='true' version='2' changeset='33633287' lat='-22.8149698' lon='-47.0578967' />
  <node id='3717720331' action='delete' timestamp='2015-08-27T23:37:52Z' uid='3190662' user='Caio S' visible='true' version='2' changeset='33633287' lat='-22.8150196' lon='-47.0578643' />
  <node id='3717720332' action='delete' timestamp='2015-08-27T23:37:52Z' uid='3190662' user='Caio S' visible='true' version='2' changeset='33633287' lat='-22.8150573' lon='-47.0578164' />
  <node id='3717720333' action='delete' timestamp='2015-08-27T23:37:52Z' uid='3190662' user='Caio S' visible='true' version='2' changeset='33633287' lat='-22.8148193' lon='-47.0575449' />
  <node id='3717720334' action='delete' timestamp='2015-08-27T23:37:52Z' uid='3190662' user='Caio S' visible='true' version='2' changeset='33633287' lat='-22.8147721' lon='-47.0575848' />
  <node id='3717720335' action='delete' timestamp='2015-08-27T23:37:52Z' uid='3190662' user='Caio S' visible='true' version='2' changeset='33633287' lat='-22.8147395' lon='-47.0576393' />
  <node id='3717722394' action='delete' timestamp='2015-08-27T23:37:52Z' uid='3190662' user='Caio S' visible='true' version='1' changeset='33633287' lat='-22.8150788' lon='-47.0577579' />
  <node id='3717722395' action='delete' timestamp='2015-08-27T23:37:52Z' uid='3190662' user='Caio S' visible='true' version='1' changeset='33633287' lat='-22.815082' lon='-47.057695' />
  <node id='3717722396' action='delete' timestamp='2015-08-27T23:37:52Z' uid='3190662' user='Caio S' visible='true' version='1' changeset='33633287' lat='-22.8150664' lon='-47.0576343' />
  <node id='3717722397' action='delete' timestamp='2015-08-27T23:37:52Z' uid='3190662' user='Caio S' visible='true' version='1' changeset='33633287' lat='-22.8150338' lon='-47.0575822' />
  <node id='3717722398' action='delete' timestamp='2015-08-27T23:37:52Z' uid='3190662' user='Caio S' visible='true' version='1' changeset='33633287' lat='-22.8149874' lon='-47.0575442' />
  <node id='3717722399' action='delete' timestamp='2015-08-27T23:37:52Z' uid='3190662' user='Caio S' visible='true' version='1' changeset='33633287' lat='-22.8149324' lon='-47.0575242' />
  <node id='3717722400' action='delete' timestamp='2015-08-27T23:37:52Z' uid='3190662' user='Caio S' visible='true' version='1' changeset='33633287' lat='-22.8148743' lon='-47.0575245' />
  <node id='3717722401' action='delete' timestamp='2015-08-27T23:37:52Z' uid='3190662' user='Caio S' visible='true' version='1' changeset='33633287' lat='-22.8147254' lon='-47.0577025' />
  <node id='3717722402' action='delete' timestamp='2015-08-27T23:37:52Z' uid='3190662' user='Caio S' visible='true' version='1' changeset='33633287' lat='-22.8147313' lon='-47.0577671' />
  <node id='3717722403' action='delete' timestamp='2015-08-27T23:37:52Z' uid='3190662' user='Caio S' visible='true' version='1' changeset='33633287' lat='-22.8147565' lon='-47.0578261' />
  <node id='3717722404' action='delete' timestamp='2015-08-27T23:37:52Z' uid='3190662' user='Caio S' visible='true' version='1' changeset='33633287' lat='-22.8147982' lon='-47.0578727' />
  <node id='3717722405' action='delete' timestamp='2015-08-27T23:37:52Z' uid='3190662' user='Caio S' visible='true' version='1' changeset='33633287' lat='-22.8148518' lon='-47.0579018' />
  <node id='3717722406' action='delete' timestamp='2015-08-27T23:37:52Z' uid='3190662' user='Caio S' visible='true' version='1' changeset='33633287' lat='-22.8149112' lon='-47.0579101' />
  <node id='3719457815' action='delete' timestamp='2017-10-31T18:27:37Z' uid='5005847' user='igorkalju' visible='true' version='3' changeset='53403653' lat='-22.8136455' lon='-47.0631886' />
  <node id='3719457816' action='delete' timestamp='2017-10-31T18:27:37Z' uid='5005847' user='igorkalju' visible='true' version='3' changeset='53403653' lat='-22.8135426' lon='-47.0631878' />
  <node id='3719457817' action='delete' timestamp='2017-10-31T18:27:37Z' uid='5005847' user='igorkalju' visible='true' version='3' changeset='53403653' lat='-22.813546' lon='-47.0626204' />
  <node id='3719457818' action='delete' timestamp='2017-10-31T18:27:37Z' uid='5005847' user='igorkalju' visible='true' version='3' changeset='53403653' lat='-22.8136489' lon='-47.0626211' />
  <node id='3739856233' action='delete' timestamp='2017-10-31T18:27:37Z' uid='5005847' user='igorkalju' visible='true' version='2' changeset='53403653' lat='-22.8136476' lon='-47.062841' />
  <node id='3739856234' action='delete' timestamp='2017-10-31T18:27:37Z' uid='5005847' user='igorkalju' visible='true' version='2' changeset='53403653' lat='-22.8136472' lon='-47.0629099' />
  <node id='3739856235' action='delete' timestamp='2017-10-31T18:27:37Z' uid='5005847' user='igorkalju' visible='true' version='2' changeset='53403653' lat='-22.8136845' lon='-47.0628412' />
  <node id='3739856236' action='delete' timestamp='2017-10-31T18:27:37Z' uid='5005847' user='igorkalju' visible='true' version='2' changeset='53403653' lat='-22.8136841' lon='-47.0629102' />
  <node id='3901900939' timestamp='2021-02-20T23:20:44Z' uid='1856060' user='patodiez' visible='true' version='3' changeset='99663646' lat='-22.8178719' lon='-47.0594837' />
  <node id='3901900941' timestamp='2021-02-20T23:20:44Z' uid='1856060' user='patodiez' visible='true' version='3' changeset='99663646' lat='-22.8178093' lon='-47.0595851' />
  <node id='3901900942' timestamp='2021-02-20T23:20:44Z' uid='1856060' user='patodiez' visible='true' version='3' changeset='99663646' lat='-22.8179722' lon='-47.0598228' />
  <node id='3901900943' timestamp='2021-05-07T23:29:37Z' uid='12781306' user='LumosMaxima1' visible='true' version='4' changeset='104344636' lat='-22.8181087' lon='-47.0596393' />
  <node id='3901900946' timestamp='2021-05-06T23:36:36Z' uid='12781306' user='LumosMaxima1' visible='true' version='3' changeset='104278102' lat='-22.8159894' lon='-47.0591586' />
  <node id='3901900947' timestamp='2017-10-26T11:27:01Z' uid='5005847' user='igorkalju' visible='true' version='3' changeset='53260727' lat='-22.8144472' lon='-47.0588946' />
  <node id='3901900948' timestamp='2021-05-06T23:36:36Z' uid='12781306' user='LumosMaxima1' visible='true' version='5' changeset='104278102' lat='-22.8144845' lon='-47.0589984' />
  <node id='3901900949' timestamp='2021-05-06T23:36:36Z' uid='12781306' user='LumosMaxima1' visible='true' version='3' changeset='104278102' lat='-22.8159596' lon='-47.0592616' />
  <node id='3901900950' action='delete' timestamp='2024-01-11T16:09:26Z' uid='10661323' user='Thiago AG' visible='true' version='2' changeset='146149923' lat='-22.8143365' lon='-47.0593189' />
  <node id='3901900951' action='delete' timestamp='2024-01-11T16:09:26Z' uid='10661323' user='Thiago AG' visible='true' version='2' changeset='146149923' lat='-22.8144386' lon='-47.0591018' />
  <node id='3901900952' action='delete' timestamp='2024-01-11T16:09:26Z' uid='10661323' user='Thiago AG' visible='true' version='2' changeset='146149923' lat='-22.8150554' lon='-47.0595105' />
  <node id='3901900953' action='delete' timestamp='2024-01-11T16:09:26Z' uid='10661323' user='Thiago AG' visible='true' version='2' changeset='146149923' lat='-22.8146804' lon='-47.0595241' />
  <node id='3901908532' action='delete' timestamp='2019-07-21T21:20:39Z' uid='7489282' user='eduardoaddad' visible='true' version='3' changeset='72492708' lat='-22.8140055' lon='-47.0590749'>
    <tag k='bus' v='yes' />
    <tag k='highway' v='bus_stop' />
    <tag k='public_transport' v='platform' />
    <tag k='shelter' v='no' />
    <tag k='source' v='Bing' />
  </node>
  <node id='3901908533' timestamp='2021-05-06T23:36:36Z' uid='12781306' user='LumosMaxima1' visible='true' version='5' changeset='104278102' lat='-22.8141442' lon='-47.0591634'>
    <tag k='bus' v='yes' />
    <tag k='public_transport' v='stop_position' />
  </node>
  <node id='4648994612' action='delete' timestamp='2021-09-14T03:13:53Z' uid='4176326' user='mutuka' visible='true' version='2' changeset='111171175' lat='-22.8213207' lon='-47.0677302' />
  <node id='4757986024' action='delete' timestamp='2017-03-27T13:36:55Z' uid='5566773' user='jonv1' visible='true' version='1' changeset='47202023' lat='-22.8159359' lon='-47.0651568' />
  <node id='4757986025' action='delete' timestamp='2017-03-27T13:36:55Z' uid='5566773' user='jonv1' visible='true' version='1' changeset='47202023' lat='-22.8159558' lon='-47.0651556' />
  <node id='4757986026' action='delete' timestamp='2017-10-31T17:16:12Z' uid='5005847' user='igorkalju' visible='true' version='2' changeset='53401651' lat='-22.8159906' lon='-47.0652564' />
  <node id='4757986027' action='delete' timestamp='2017-10-31T17:16:12Z' uid='5005847' user='igorkalju' visible='true' version='2' changeset='53401651' lat='-22.8162016' lon='-47.0651705' />
  <node id='4757986029' action='delete' timestamp='2017-10-31T17:16:12Z' uid='5005847' user='igorkalju' visible='true' version='2' changeset='53401651' lat='-22.8160859' lon='-47.0648379' />
  <node id='4757986030' action='delete' timestamp='2017-10-31T17:16:12Z' uid='5005847' user='igorkalju' visible='true' version='2' changeset='53401651' lat='-22.8159829' lon='-47.0648805' />
  <node id='4757986031' action='delete' timestamp='2017-10-31T17:16:12Z' uid='5005847' user='igorkalju' visible='true' version='2' changeset='53401651' lat='-22.8159482' lon='-47.0647817' />
  <node id='4757986032' action='delete' timestamp='2017-10-31T17:16:12Z' uid='5005847' user='igorkalju' visible='true' version='2' changeset='53401651' lat='-22.8158245' lon='-47.0648328' />
  <node id='5071693948' action='delete' timestamp='2019-03-04T18:05:37Z' uid='9451067' user='b-jazz-bot' visible='true' version='2' changeset='67776591' lat='-22.815277' lon='-47.063195'>
    <tag k='addr:city' v='Campinas' />
    <tag k='addr:housenumber' v='323' />
    <tag k='addr:postcode' v='13083-970' />
    <tag k='addr:street' v='Rua Saturmino de Brito' />
    <tag k='addr:unit' v='2o andar' />
    <tag k='amenity' v='university' />
    <tag k='internet_access' v='yes' />
    <tag k='name' v='Coordenadoria de Centros e Núcleos (COCEN)' />
    <tag k='operator' v='Unicamp' />
    <tag k='website' v='https://www.cocen.unicamp.br/' />
  </node>
  <node id='5189514075' action='delete' timestamp='2020-08-20T11:49:52Z' uid='10888604' user='Metuje' visible='true' version='2' changeset='89689863' lat='-22.8321453' lon='-47.0579705' />
  <node id='5189514080' action='delete' timestamp='2018-02-14T03:00:26Z' uid='5203793' user='shakra144' visible='true' version='2' changeset='56340247' lat='-22.8266806' lon='-47.0605644' />
  <node id='5189514081' action='delete' timestamp='2017-10-25T22:40:24Z' uid='5005847' user='igorkalju' visible='true' version='1' changeset='53248914' lat='-22.8262917' lon='-47.0607133' />
  <node id='5189514082' action='delete' timestamp='2017-10-25T22:40:24Z' uid='5005847' user='igorkalju' visible='true' version='1' changeset='53248914' lat='-22.8257146' lon='-47.0586155' />
  <node id='5189514083' action='delete' timestamp='2020-08-20T11:49:52Z' uid='10888604' user='Metuje' visible='true' version='2' changeset='89689863' lat='-22.8235769' lon='-47.0594698' />
  <node id='5189514084' action='delete' timestamp='2020-08-20T11:49:52Z' uid='10888604' user='Metuje' visible='true' version='2' changeset='89689863' lat='-22.8204223' lon='-47.0591882' />
  <node id='5189514085' action='delete' timestamp='2020-08-20T11:49:52Z' uid='10888604' user='Metuje' visible='true' version='2' changeset='89689863' lat='-22.8203853' lon='-47.058751' />
  <node id='5189514087' action='delete' timestamp='2020-08-20T11:49:52Z' uid='10888604' user='Metuje' visible='true' version='2' changeset='89689863' lat='-22.8163035' lon='-47.0579007' />
  <node id='5189514088' action='delete' timestamp='2020-08-20T11:49:52Z' uid='10888604' user='Metuje' visible='true' version='2' changeset='89689863' lat='-22.8155593' lon='-47.0575923' />
  <node id='5189514089' action='delete' timestamp='2020-08-20T11:49:52Z' uid='10888604' user='Metuje' visible='true' version='2' changeset='89689863' lat='-22.8149561' lon='-47.0570424' />
  <node id='5189514090' action='delete' timestamp='2021-05-06T23:36:36Z' uid='12781306' user='LumosMaxima1' visible='true' version='4' changeset='104278102' lat='-22.8147574' lon='-47.0568697' />
  <node id='5189514091' action='delete' timestamp='2021-05-06T23:36:36Z' uid='12781306' user='LumosMaxima1' visible='true' version='5' changeset='104278102' lat='-22.8146564' lon='-47.0570135' />
  <node id='5189514094' action='delete' timestamp='2021-05-06T23:36:36Z' uid='12781306' user='LumosMaxima1' visible='true' version='5' changeset='104278102' lat='-22.8145925' lon='-47.0581086' />
  <node id='5189514095' action='delete' timestamp='2021-05-06T23:36:36Z' uid='12781306' user='LumosMaxima1' visible='true' version='5' changeset='104278102' lat='-22.8143638' lon='-47.0589116' />
  <node id='5189514096' action='delete' timestamp='2021-05-06T23:49:17Z' uid='12781306' user='LumosMaxima1' visible='true' version='6' changeset='104278329' lat='-22.8141277' lon='-47.0592949' />
  <node id='5189514097' action='delete' timestamp='2021-05-06T23:49:17Z' uid='12781306' user='LumosMaxima1' visible='true' version='5' changeset='104278329' lat='-22.8140309' lon='-47.0594378' />
  <node id='5189514098' action='delete' timestamp='2021-05-06T23:36:36Z' uid='12781306' user='LumosMaxima1' visible='true' version='4' changeset='104278102' lat='-22.813875' lon='-47.0598454' />
  <node id='5189514099' action='delete' timestamp='2021-05-06T23:27:16Z' uid='12781306' user='LumosMaxima1' visible='true' version='3' changeset='104277929' lat='-22.8137049' lon='-47.0606857' />
  <node id='5189514100' action='delete' timestamp='2021-05-06T23:27:16Z' uid='12781306' user='LumosMaxima1' visible='true' version='3' changeset='104277929' lat='-22.813433' lon='-47.0624504' />
  <node id='5189514101' action='delete' timestamp='2022-04-27T17:25:05Z' uid='10661323' user='Thiago AG' visible='true' version='3' changeset='120270120' lat='-22.8128065' lon='-47.0650152' />
  <node id='5189514102' action='delete' timestamp='2022-04-27T17:25:05Z' uid='10661323' user='Thiago AG' visible='true' version='3' changeset='120270120' lat='-22.8117259' lon='-47.0653272' />
  <node id='5189514103' action='delete' timestamp='2022-04-27T17:25:05Z' uid='10661323' user='Thiago AG' visible='true' version='2' changeset='120270120' lat='-22.8112687' lon='-47.0654883' />
  <node id='5189514104' action='delete' timestamp='2020-04-14T10:55:50Z' uid='10652829' user='DnieperBasin' visible='true' version='2' changeset='83529437' lat='-22.8109785' lon='-47.0657755' />
  <node id='5189514105' action='delete' timestamp='2020-04-14T10:55:50Z' uid='10652829' user='DnieperBasin' visible='true' version='2' changeset='83529437' lat='-22.81147' lon='-47.0670117' />
  <node id='5189514108' action='delete' timestamp='2020-12-31T12:46:23Z' uid='10653060' user='Condado' visible='true' version='3' changeset='96732880' lat='-22.8129118' lon='-47.0698378' />
  <node id='5189514113' action='delete' timestamp='2024-02-26T14:42:50Z' uid='10661323' user='Thiago AG' visible='true' version='2' changeset='147935231' lat='-22.8129836' lon='-47.0732633' />
  <node id='5189514114' action='delete' timestamp='2024-02-26T14:42:50Z' uid='10661323' user='Thiago AG' visible='true' version='2' changeset='147935231' lat='-22.8130122' lon='-47.0737146' />
  <node id='5189514115' action='delete' timestamp='2024-02-26T14:42:50Z' uid='10661323' user='Thiago AG' visible='true' version='2' changeset='147935231' lat='-22.8130557' lon='-47.0739317' />
  <node id='5189514116' action='delete' timestamp='2017-10-25T22:40:24Z' uid='5005847' user='igorkalju' visible='true' version='1' changeset='53248914' lat='-22.8131429' lon='-47.0740823' />
  <node id='5189514117' action='delete' timestamp='2024-02-26T14:42:50Z' uid='10661323' user='Thiago AG' visible='true' version='2' changeset='147935231' lat='-22.8134275' lon='-47.0743106' />
  <node id='5189514118' action='delete' timestamp='2017-10-25T22:40:24Z' uid='5005847' user='igorkalju' visible='true' version='1' changeset='53248914' lat='-22.8135906' lon='-47.0743906' />
  <node id='5189514119' action='delete' timestamp='2017-10-25T22:40:24Z' uid='5005847' user='igorkalju' visible='true' version='1' changeset='53248914' lat='-22.8138101' lon='-47.0744326' />
  <node id='5189514120' action='delete' timestamp='2017-10-25T22:40:24Z' uid='5005847' user='igorkalju' visible='true' version='1' changeset='53248914' lat='-22.8140124' lon='-47.0744373' />
  <node id='5189514621' action='delete' timestamp='2017-10-25T22:40:24Z' uid='5005847' user='igorkalju' visible='true' version='1' changeset='53248914' lat='-22.8142191' lon='-47.0743859' />
  <node id='5189514622' action='delete' timestamp='2020-04-14T10:55:50Z' uid='10652829' user='DnieperBasin' visible='true' version='2' changeset='83529437' lat='-22.8169168' lon='-47.0732424' />
  <node id='5189514623' action='delete' timestamp='2017-10-25T22:40:24Z' uid='5005847' user='igorkalju' visible='true' version='1' changeset='53248914' lat='-22.8179598' lon='-47.0727841' />
  <node id='5189514630' action='delete' timestamp='2024-04-16T19:36:23Z' uid='20409850' user='VLD279' visible='true' version='4' changeset='150100598' lat='-22.8224441' lon='-47.0692019' />
  <node id='5189514631' action='delete' timestamp='2020-08-20T11:49:52Z' uid='10888604' user='Metuje' visible='true' version='3' changeset='89689863' lat='-22.8227789' lon='-47.0688927' />
  <node id='5189514632' action='delete' timestamp='2020-08-20T11:49:52Z' uid='10888604' user='Metuje' visible='true' version='3' changeset='89689863' lat='-22.8230788' lon='-47.0686215' />
  <node id='5189514633' action='delete' timestamp='2020-08-20T11:49:52Z' uid='10888604' user='Metuje' visible='true' version='2' changeset='89689863' lat='-22.823389' lon='-47.0684606' />
  <node id='5189514634' action='delete' timestamp='2024-02-26T14:42:50Z' uid='10661323' user='Thiago AG' visible='true' version='3' changeset='147935231' lat='-22.8236194' lon='-47.0682669' />
  <node id='5189514635' action='delete' timestamp='2024-02-26T14:42:50Z' uid='10661323' user='Thiago AG' visible='true' version='4' changeset='147935231' lat='-22.8236973' lon='-47.0683614' />
  <node id='5189514636' action='delete' timestamp='2024-02-26T14:42:50Z' uid='10661323' user='Thiago AG' visible='true' version='4' changeset='147935231' lat='-22.8242058' lon='-47.0678751' />
  <node id='5189514637' action='delete' timestamp='2024-02-26T14:42:50Z' uid='10661323' user='Thiago AG' visible='true' version='4' changeset='147935231' lat='-22.8245674' lon='-47.0675254' />
  <node id='5189514638' action='delete' timestamp='2024-02-26T14:42:50Z' uid='10661323' user='Thiago AG' visible='true' version='4' changeset='147935231' lat='-22.8249837' lon='-47.0671341' />
  <node id='5189514639' action='delete' timestamp='2024-02-26T14:42:50Z' uid='10661323' user='Thiago AG' visible='true' version='4' changeset='147935231' lat='-22.8252584' lon='-47.0668911' />
  <node id='5189514640' action='delete' timestamp='2024-02-26T14:42:50Z' uid='10661323' user='Thiago AG' visible='true' version='4' changeset='147935231' lat='-22.8253926' lon='-47.0667661' />
  <node id='5189514641' action='delete' timestamp='2024-02-26T14:42:50Z' uid='10661323' user='Thiago AG' visible='true' version='4' changeset='147935231' lat='-22.8254524' lon='-47.0667436' />
  <node id='5189514642' action='delete' timestamp='2024-02-26T14:42:50Z' uid='10661323' user='Thiago AG' visible='true' version='4' changeset='147935231' lat='-22.825562' lon='-47.066912' />
  <node id='5189514643' action='delete' timestamp='2020-08-20T11:49:52Z' uid='10888604' user='Metuje' visible='true' version='4' changeset='89689863' lat='-22.8256202' lon='-47.0670296' />
  <node id='5189514644' action='delete' timestamp='2020-08-20T11:49:52Z' uid='10888604' user='Metuje' visible='true' version='2' changeset='89689863' lat='-22.8257005' lon='-47.0672429' />
  <node id='5189514645' action='delete' timestamp='2020-08-20T11:49:52Z' uid='10888604' user='Metuje' visible='true' version='2' changeset='89689863' lat='-22.8258315' lon='-47.0675594' />
  <node id='5189514646' action='delete' timestamp='2020-08-20T11:49:52Z' uid='10888604' user='Metuje' visible='true' version='2' changeset='89689863' lat='-22.826012' lon='-47.0677337' />
  <node id='5189514647' action='delete' timestamp='2020-08-20T11:49:52Z' uid='10888604' user='Metuje' visible='true' version='2' changeset='89689863' lat='-22.8261752' lon='-47.0678061' />
  <node id='5189514648' action='delete' timestamp='2020-08-20T11:49:52Z' uid='10888604' user='Metuje' visible='true' version='2' changeset='89689863' lat='-22.8262988' lon='-47.0678249' />
  <node id='5189514649' action='delete' timestamp='2020-08-20T11:49:52Z' uid='10888604' user='Metuje' visible='true' version='2' changeset='89689863' lat='-22.8264446' lon='-47.0678383' />
  <node id='5189514650' action='delete' timestamp='2020-08-20T11:49:52Z' uid='10888604' user='Metuje' visible='true' version='3' changeset='89689863' lat='-22.8265534' lon='-47.067841' />
  <node id='5189514651' action='delete' timestamp='2020-08-20T11:49:52Z' uid='10888604' user='Metuje' visible='true' version='3' changeset='89689863' lat='-22.8267784' lon='-47.0677766' />
  <node id='5189514652' action='delete' timestamp='2020-08-20T11:49:52Z' uid='10888604' user='Metuje' visible='true' version='3' changeset='89689863' lat='-22.8269576' lon='-47.0677283' />
  <node id='5189514653' action='delete' timestamp='2020-08-20T11:49:52Z' uid='10888604' user='Metuje' visible='true' version='2' changeset='89689863' lat='-22.8272172' lon='-47.0676237' />
  <node id='5189514654' action='delete' timestamp='2020-08-20T11:49:52Z' uid='10888604' user='Metuje' visible='true' version='3' changeset='89689863' lat='-22.827703' lon='-47.0671852' />
  <node id='5189514655' action='delete' timestamp='2020-08-20T11:49:52Z' uid='10888604' user='Metuje' visible='true' version='2' changeset='89689863' lat='-22.8296015' lon='-47.065376' />
  <node id='5189514656' action='delete' timestamp='2020-08-20T11:49:52Z' uid='10888604' user='Metuje' visible='true' version='2' changeset='89689863' lat='-22.8301775' lon='-47.0648423' />
  <node id='5189514657' action='delete' timestamp='2020-08-20T11:49:52Z' uid='10888604' user='Metuje' visible='true' version='2' changeset='89689863' lat='-22.831018' lon='-47.0640376' />
  <node id='5189514658' action='delete' timestamp='2022-07-13T12:18:12Z' uid='10661323' user='Thiago AG' visible='true' version='3' changeset='123563084' lat='-22.831243' lon='-47.0637775' />
  <node id='5189514659' action='delete' timestamp='2020-08-20T11:49:52Z' uid='10888604' user='Metuje' visible='true' version='2' changeset='89689863' lat='-22.8314679' lon='-47.0634046' />
  <node id='5189514660' action='delete' timestamp='2020-08-20T11:49:52Z' uid='10888604' user='Metuje' visible='true' version='2' changeset='89689863' lat='-22.8319896' lon='-47.062431' />
  <node id='5189514661' action='delete' timestamp='2020-08-20T11:49:52Z' uid='10888604' user='Metuje' visible='true' version='2' changeset='89689863' lat='-22.8324345' lon='-47.0616451' />
  <node id='5189514662' action='delete' timestamp='2020-08-20T11:49:52Z' uid='10888604' user='Metuje' visible='true' version='2' changeset='89689863' lat='-22.8326076' lon='-47.0613232' />
  <node id='5189561234' timestamp='2021-05-06T23:36:36Z' uid='12781306' user='LumosMaxima1' visible='true' version='5' changeset='104278102' lat='-22.814466' lon='-47.0585267' />
  <node id='5189561235' timestamp='2021-05-06T23:27:16Z' uid='12781306' user='LumosMaxima1' visible='true' version='3' changeset='104277929' lat='-22.8145354' lon='-47.0582901' />
  <node id='5189561237' timestamp='2021-05-06T23:36:36Z' uid='12781306' user='LumosMaxima1' visible='true' version='4' changeset='104278102' lat='-22.8137984' lon='-47.0600375' />
  <node id='5189561238' timestamp='2021-05-06T23:36:36Z' uid='12781306' user='LumosMaxima1' visible='true' version='4' changeset='104278102' lat='-22.8138743' lon='-47.0597253' />
  <node id='5189561239' timestamp='2021-05-06T23:27:16Z' uid='12781306' user='LumosMaxima1' visible='true' version='3' changeset='104277929' lat='-22.813212' lon='-47.063473' />
  <node id='5189561240' timestamp='2020-08-27T12:26:12Z' uid='10653302' user='HangingLake' visible='true' version='2' changeset='90027323' lat='-22.8133626' lon='-47.0635816' />
  <node id='5189561241' timestamp='2020-08-27T12:26:12Z' uid='10653302' user='HangingLake' visible='true' version='2' changeset='90027323' lat='-22.8143405' lon='-47.063009' />
  <node id='5189561242' timestamp='2017-10-25T23:13:48Z' uid='5005847' user='igorkalju' visible='true' version='1' changeset='53249313' lat='-22.8151215' lon='-47.0627032' />
  <node id='5189561243' timestamp='2017-10-25T23:13:48Z' uid='5005847' user='igorkalju' visible='true' version='1' changeset='53249313' lat='-22.8155725' lon='-47.0619216' />
  <node id='5189561244' timestamp='2017-10-25T23:13:48Z' uid='5005847' user='igorkalju' visible='true' version='1' changeset='53249313' lat='-22.8166612' lon='-47.0625127' />
  <node id='5189561245' timestamp='2017-10-25T23:13:48Z' uid='5005847' user='igorkalju' visible='true' version='1' changeset='53249313' lat='-22.8175177' lon='-47.062591' />
  <node id='5189561250' timestamp='2021-05-05T19:56:54Z' uid='12781306' user='LumosMaxima1' visible='true' version='4' changeset='104205625' lat='-22.8133946' lon='-47.0651843' />
  <node id='5189561251' timestamp='2021-05-06T23:49:17Z' uid='12781306' user='LumosMaxima1' visible='true' version='3' changeset='104278329' lat='-22.8137638' lon='-47.06469' />
  <node id='5189561252' timestamp='2021-05-06T23:49:17Z' uid='12781306' user='LumosMaxima1' visible='true' version='3' changeset='104278329' lat='-22.813451' lon='-47.0645084' />
  <node id='5189561253' timestamp='2021-05-06T23:49:17Z' uid='12781306' user='LumosMaxima1' visible='true' version='3' changeset='104278329' lat='-22.8133762' lon='-47.0644614' />
  <node id='5189561254' timestamp='2021-05-06T23:36:36Z' uid='12781306' user='LumosMaxima1' visible='true' version='4' changeset='104278102' lat='-22.8130018' lon='-47.0640491' />
  <node id='5189561255' timestamp='2021-05-06T23:27:16Z' uid='12781306' user='LumosMaxima1' visible='true' version='3' changeset='104277929' lat='-22.8131505' lon='-47.0641082' />
  <node id='5189561256' timestamp='2020-08-27T12:16:04Z' uid='10653302' user='HangingLake' visible='true' version='2' changeset='90026850' lat='-22.8130696' lon='-47.0643132' />
  <node id='5189561257' timestamp='2020-09-22T12:36:57Z' uid='10653302' user='HangingLake' visible='true' version='3' changeset='91295634' lat='-22.8131333' lon='-47.0643257' />
  <node id='5189561258' timestamp='2020-08-27T12:16:04Z' uid='10653302' user='HangingLake' visible='true' version='2' changeset='90026850' lat='-22.8130066' lon='-47.064332' />
  <node id='5189561260' timestamp='2021-05-06T23:27:16Z' uid='12781306' user='LumosMaxima1' visible='true' version='3' changeset='104277929' lat='-22.813139' lon='-47.064024' />
  <node id='5189561261' timestamp='2021-05-06T23:27:16Z' uid='12781306' user='LumosMaxima1' visible='true' version='3' changeset='104277929' lat='-22.8131407' lon='-47.063918' />
  <node id='5189561262' timestamp='2021-05-06T23:27:16Z' uid='12781306' user='LumosMaxima1' visible='true' version='3' changeset='104277929' lat='-22.8134416' lon='-47.0614625' />
  <node id='5189561263' timestamp='2021-05-06T23:36:36Z' uid='12781306' user='LumosMaxima1' visible='true' version='5' changeset='104278102' lat='-22.813644' lon='-47.0602574' />
  <node id='5189561264' timestamp='2021-05-06T23:36:36Z' uid='12781306' user='LumosMaxima1' visible='true' version='6' changeset='104278102' lat='-22.8136659' lon='-47.0601176' />
  <node id='5189561265' timestamp='2021-08-05T07:21:39Z' uid='12369933' user='Namunukula' visible='true' version='5' changeset='109183120' lat='-22.813752' lon='-47.0597377' />
  <node id='5189561266' timestamp='2021-05-06T23:27:16Z' uid='12781306' user='LumosMaxima1' visible='true' version='3' changeset='104277929' lat='-22.8138602' lon='-47.0594244' />
  <node id='5189561267' timestamp='2021-05-06T23:36:36Z' uid='12781306' user='LumosMaxima1' visible='true' version='5' changeset='104278102' lat='-22.814004' lon='-47.0591516' />
  <node id='5189561268' timestamp='2021-05-06T23:27:16Z' uid='12781306' user='LumosMaxima1' visible='true' version='4' changeset='104277929' lat='-22.8142652' lon='-47.0586505' />
  <node id='5189561269' timestamp='2021-05-06T23:36:36Z' uid='12781306' user='LumosMaxima1' visible='true' version='5' changeset='104278102' lat='-22.8143111' lon='-47.0585618' />
  <node id='5189561270' timestamp='2021-05-06T23:27:16Z' uid='12781306' user='LumosMaxima1' visible='true' version='3' changeset='104277929' lat='-22.8143777' lon='-47.0583958' />
  <node id='5189561271' timestamp='2021-05-06T23:27:16Z' uid='12781306' user='LumosMaxima1' visible='true' version='3' changeset='104277929' lat='-22.8144239' lon='-47.0581361' />
  <node id='5189561272' timestamp='2021-05-06T23:27:16Z' uid='12781306' user='LumosMaxima1' visible='true' version='3' changeset='104277929' lat='-22.8144251' lon='-47.0578431' />
  <node id='5189561274' timestamp='2021-05-06T23:36:36Z' uid='12781306' user='LumosMaxima1' visible='true' version='4' changeset='104278102' lat='-22.8144973' lon='-47.0571569' />
  <node id='5189561275' action='delete' timestamp='2021-05-06T23:27:16Z' uid='12781306' user='LumosMaxima1' visible='true' version='4' changeset='104277929' lat='-22.8144356' lon='-47.0570791'>
    <tag k='noexit' v='yes' />
  </node>
  <node id='5189561276' timestamp='2021-05-06T23:36:36Z' uid='12781306' user='LumosMaxima1' visible='true' version='4' changeset='104278102' lat='-22.8144689' lon='-47.0571653' />
  <node id='5189561277' timestamp='2021-05-06T23:36:36Z' uid='12781306' user='LumosMaxima1' visible='true' version='4' changeset='104278102' lat='-22.8145271' lon='-47.0571661' />
  <node id='5189592051' action='delete' timestamp='2017-10-25T23:50:44Z' uid='5005847' user='igorkalju' visible='true' version='1' changeset='53249643' lat='-22.8207244' lon='-47.0664193' />
  <node id='5189592052' action='delete' timestamp='2017-10-25T23:50:44Z' uid='5005847' user='igorkalju' visible='true' version='1' changeset='53249643' lat='-22.8206047' lon='-47.0664765' />
  <node id='5189592053' action='delete' timestamp='2017-10-25T23:50:44Z' uid='5005847' user='igorkalju' visible='true' version='1' changeset='53249643' lat='-22.8193188' lon='-47.0646857' />
  <node id='5189592054' action='delete' timestamp='2017-10-25T23:50:44Z' uid='5005847' user='igorkalju' visible='true' version='1' changeset='53249643' lat='-22.8191979' lon='-47.0647478' />
  <node id='5189592055' action='delete' timestamp='2017-10-25T23:50:44Z' uid='5005847' user='igorkalju' visible='true' version='1' changeset='53249643' lat='-22.8138605' lon='-47.0566793' />
  <node id='5189592056' action='delete' timestamp='2022-04-27T17:25:05Z' uid='10661323' user='Thiago AG' visible='true' version='2' changeset='120270120' lat='-22.8142609' lon='-47.0580925' />
  <node id='5189592057' action='delete' timestamp='2017-10-25T23:50:44Z' uid='5005847' user='igorkalju' visible='true' version='1' changeset='53249643' lat='-22.8142751' lon='-47.0582401' />
  <node id='5189592058' action='delete' timestamp='2017-10-25T23:50:44Z' uid='5005847' user='igorkalju' visible='true' version='1' changeset='53249643' lat='-22.8142668' lon='-47.0583224' />
  <node id='5189592059' action='delete' timestamp='2017-10-25T23:50:44Z' uid='5005847' user='igorkalju' visible='true' version='1' changeset='53249643' lat='-22.8141094' lon='-47.058666' />
  <node id='5189592060' action='delete' timestamp='2017-10-25T23:50:44Z' uid='5005847' user='igorkalju' visible='true' version='1' changeset='53249643' lat='-22.813952' lon='-47.0589628' />
  <node id='5189592061' action='delete' timestamp='2017-10-25T23:50:44Z' uid='5005847' user='igorkalju' visible='true' version='1' changeset='53249643' lat='-22.8137834' lon='-47.0593347' />
  <node id='5189592062' action='delete' timestamp='2017-10-31T00:16:24Z' uid='5005847' user='igorkalju' visible='true' version='2' changeset='53382016' lat='-22.8136955' lon='-47.0596412' />
  <node id='5189592063' action='delete' timestamp='2022-04-24T15:33:00Z' uid='10661323' user='Thiago AG' visible='true' version='3' changeset='120129049' lat='-22.8117454' lon='-47.0598565' />
  <node id='5190664634' timestamp='2021-05-07T23:29:37Z' uid='12781306' user='LumosMaxima1' visible='true' version='3' changeset='104344636' lat='-22.8179213' lon='-47.0595245' />
  <node id='5190664635' timestamp='2021-05-07T23:29:37Z' uid='12781306' user='LumosMaxima1' visible='true' version='3' changeset='104344636' lat='-22.8181276' lon='-47.0595181' />
  <node id='5190664636' timestamp='2021-05-07T23:29:37Z' uid='12781306' user='LumosMaxima1' visible='true' version='3' changeset='104344636' lat='-22.8179411' lon='-47.0596377' />
  <node id='5190664637' timestamp='2021-05-07T23:29:37Z' uid='12781306' user='LumosMaxima1' visible='true' version='3' changeset='104344636' lat='-22.8180016' lon='-47.0596779' />
  <node id='5190664638' timestamp='2021-05-07T23:29:37Z' uid='12781306' user='LumosMaxima1' visible='true' version='3' changeset='104344636' lat='-22.8180311' lon='-47.0596806' />
  <node id='5190664639' timestamp='2021-05-07T23:29:37Z' uid='12781306' user='LumosMaxima1' visible='true' version='3' changeset='104344636' lat='-22.8180601' lon='-47.0596747' />
  <node id='5190664640' timestamp='2021-05-07T23:29:37Z' uid='12781306' user='LumosMaxima1' visible='true' version='3' changeset='104344636' lat='-22.8181207' lon='-47.0596209' />
  <node id='5190664641' timestamp='2021-05-07T23:29:37Z' uid='12781306' user='LumosMaxima1' visible='true' version='3' changeset='104344636' lat='-22.8181293' lon='-47.0596003' />
  <node id='5190664643' timestamp='2021-05-07T23:29:37Z' uid='12781306' user='LumosMaxima1' visible='true' version='3' changeset='104344636' lat='-22.8180946' lon='-47.0594692' />
  <node id='5190664644' timestamp='2021-05-07T23:29:37Z' uid='12781306' user='LumosMaxima1' visible='true' version='3' changeset='104344636' lat='-22.8180461' lon='-47.0594448' />
  <node id='5190664645' timestamp='2021-05-07T23:29:37Z' uid='12781306' user='LumosMaxima1' visible='true' version='3' changeset='104344636' lat='-22.8180206' lon='-47.0594428' />
  <node id='5190664646' timestamp='2021-05-07T23:29:37Z' uid='12781306' user='LumosMaxima1' visible='true' version='4' changeset='104344636' lat='-22.8179788' lon='-47.0594102' />
  <node id='5190664647' timestamp='2021-05-07T23:29:37Z' uid='12781306' user='LumosMaxima1' visible='true' version='3' changeset='104344636' lat='-22.817936' lon='-47.059493' />
  <node id='5190664648' timestamp='2021-05-07T23:29:37Z' uid='12781306' user='LumosMaxima1' visible='true' version='4' changeset='104344636' lat='-22.8180424' lon='-47.058341' />
  <node id='5190664649' timestamp='2021-05-07T23:29:37Z' uid='12781306' user='LumosMaxima1' visible='true' version='4' changeset='104344636' lat='-22.8181235' lon='-47.0583178' />
  <node id='5190664650' timestamp='2021-05-07T23:29:37Z' uid='12781306' user='LumosMaxima1' visible='true' version='5' changeset='104344636' lat='-22.8179873' lon='-47.0591119' />
  <node id='5190664651' timestamp='2021-05-07T23:29:37Z' uid='12781306' user='LumosMaxima1' visible='true' version='4' changeset='104344636' lat='-22.8181538' lon='-47.0583566' />
  <node id='5190664652' timestamp='2021-05-07T23:29:37Z' uid='12781306' user='LumosMaxima1' visible='true' version='4' changeset='104344636' lat='-22.8180716' lon='-47.058313' />
  <node id='5190664653' timestamp='2021-05-07T23:29:37Z' uid='12781306' user='LumosMaxima1' visible='true' version='4' changeset='104344636' lat='-22.8180266' lon='-47.0584241' />
  <node id='5190664654' timestamp='2021-05-07T23:29:37Z' uid='12781306' user='LumosMaxima1' visible='true' version='4' changeset='104344636' lat='-22.8180987' lon='-47.0583092' />
  <node id='5190664655' timestamp='2021-05-07T23:29:37Z' uid='12781306' user='LumosMaxima1' visible='true' version='4' changeset='104344636' lat='-22.818054' lon='-47.0583237' />
  <node id='5190677073' timestamp='2021-05-06T23:36:36Z' uid='12781306' user='LumosMaxima1' visible='true' version='4' changeset='104278102' lat='-22.8141623' lon='-47.0591329' />
  <node id='5190677074' timestamp='2021-05-06T23:36:36Z' uid='12781306' user='LumosMaxima1' visible='true' version='4' changeset='104278102' lat='-22.8140888' lon='-47.0588834' />
  <node id='5190677075' timestamp='2021-05-06T23:36:36Z' uid='12781306' user='LumosMaxima1' visible='true' version='4' changeset='104278102' lat='-22.8140821' lon='-47.0589315' />
  <node id='5190677077' timestamp='2021-05-06T23:36:36Z' uid='12781306' user='LumosMaxima1' visible='true' version='4' changeset='104278102' lat='-22.8143323' lon='-47.0588543' />
  <node id='5190677078' timestamp='2021-05-06T23:36:36Z' uid='12781306' user='LumosMaxima1' visible='true' version='4' changeset='104278102' lat='-22.8141003' lon='-47.0589867' />
  <node id='5190677079' timestamp='2021-05-06T23:36:36Z' uid='12781306' user='LumosMaxima1' visible='true' version='4' changeset='104278102' lat='-22.8141183' lon='-47.0590146' />
  <node id='5190677080' timestamp='2021-05-06T23:36:36Z' uid='12781306' user='LumosMaxima1' visible='true' version='4' changeset='104278102' lat='-22.814147' lon='-47.0590334' />
  <node id='5190677081' timestamp='2021-05-06T23:36:36Z' uid='12781306' user='LumosMaxima1' visible='true' version='4' changeset='104278102' lat='-22.8141741' lon='-47.059038' />
  <node id='5190677082' timestamp='2021-05-06T23:36:36Z' uid='12781306' user='LumosMaxima1' visible='true' version='5' changeset='104278102' lat='-22.8142428' lon='-47.0590161' />
  <node id='5190677084' timestamp='2021-05-06T23:36:36Z' uid='12781306' user='LumosMaxima1' visible='true' version='5' changeset='104278102' lat='-22.8142886' lon='-47.0589316' />
  <node id='5190677089' timestamp='2021-05-06T23:36:36Z' uid='12781306' user='LumosMaxima1' visible='true' version='4' changeset='104278102' lat='-22.8141868' lon='-47.0587763' />
  <node id='5190677090' timestamp='2021-05-06T23:36:36Z' uid='12781306' user='LumosMaxima1' visible='true' version='4' changeset='104278102' lat='-22.8141484' lon='-47.058798' />
  <node id='5190677091' timestamp='2021-05-06T23:36:36Z' uid='12781306' user='LumosMaxima1' visible='true' version='5' changeset='104278102' lat='-22.8141267' lon='-47.0588185' />
  <node id='5190677092' timestamp='2021-05-06T23:36:36Z' uid='12781306' user='LumosMaxima1' visible='true' version='5' changeset='104278102' lat='-22.814107' lon='-47.0588414' />
  <node id='5190677093' timestamp='2021-05-06T23:36:36Z' uid='12781306' user='LumosMaxima1' visible='true' version='4' changeset='104278102' lat='-22.8141914' lon='-47.0590859' />
  <node id='5190677094' timestamp='2021-05-06T23:36:36Z' uid='12781306' user='LumosMaxima1' visible='true' version='4' changeset='104278102' lat='-22.8140422' lon='-47.059082' />
  <node id='5190677095' timestamp='2021-05-06T23:36:36Z' uid='12781306' user='LumosMaxima1' visible='true' version='2' changeset='104278102' lat='-22.8143559' lon='-47.058991' />
  <node id='5190677096' timestamp='2021-05-06T23:36:36Z' uid='12781306' user='LumosMaxima1' visible='true' version='2' changeset='104278102' lat='-22.8144121' lon='-47.058886' />
  <node id='5190677097' timestamp='2021-05-06T23:36:36Z' uid='12781306' user='LumosMaxima1' visible='true' version='4' changeset='104278102' lat='-22.8142277' lon='-47.0587191' />
  <node id='5191743036' timestamp='2020-09-23T13:26:19Z' uid='10653302' user='HangingLake' visible='true' version='2' changeset='91370504' lat='-22.8141422' lon='-47.0645132' />
  <node id='5191743037' timestamp='2017-10-26T19:03:13Z' uid='5005847' user='igorkalju' visible='true' version='1' changeset='53271606' lat='-22.8154087' lon='-47.063827' />
  <node id='5191743038' timestamp='2022-10-23T07:17:19Z' uid='4176326' user='mutuka' visible='true' version='2' changeset='127945033' lat='-22.8159874' lon='-47.063678'>
    <tag k='crossing' v='marked' />
    <tag k='highway' v='crossing' />
  </node>
  <node id='5191743039' timestamp='2017-10-26T19:03:13Z' uid='5005847' user='igorkalju' visible='true' version='1' changeset='53271606' lat='-22.8168189' lon='-47.0636617' />
  <node id='5191743040' timestamp='2017-10-26T19:03:13Z' uid='5005847' user='igorkalju' visible='true' version='1' changeset='53271606' lat='-22.8165401' lon='-47.0636339' />
  <node id='5191743041' timestamp='2019-01-22T04:58:07Z' uid='9086400' user='Siva U' visible='true' version='2' changeset='66526135' lat='-22.8173914' lon='-47.0638244' />
  <node id='5191743042' timestamp='2017-10-26T19:03:13Z' uid='5005847' user='igorkalju' visible='true' version='1' changeset='53271606' lat='-22.8177236' lon='-47.0638091' />
  <node id='5191743043' timestamp='2017-10-26T19:03:13Z' uid='5005847' user='igorkalju' visible='true' version='1' changeset='53271606' lat='-22.8168754' lon='-47.0635515' />
  <node id='5191743044' timestamp='2017-10-26T19:03:14Z' uid='5005847' user='igorkalju' visible='true' version='1' changeset='53271606' lat='-22.8165228' lon='-47.0635149' />
  <node id='5191743045' timestamp='2022-10-23T07:17:19Z' uid='4176326' user='mutuka' visible='true' version='2' changeset='127945033' lat='-22.8159622' lon='-47.063571'>
    <tag k='crossing' v='marked' />
    <tag k='highway' v='crossing' />
  </node>
  <node id='5191743046' timestamp='2017-10-26T19:03:14Z' uid='5005847' user='igorkalju' visible='true' version='1' changeset='53271606' lat='-22.8152954' lon='-47.0637369' />
  <node id='5191743047' timestamp='2017-10-26T19:03:14Z' uid='5005847' user='igorkalju' visible='true' version='1' changeset='53271606' lat='-22.8150741' lon='-47.063824' />
  <node id='5191743048' timestamp='2017-10-26T19:03:14Z' uid='5005847' user='igorkalju' visible='true' version='1' changeset='53271606' lat='-22.8139062' lon='-47.0645344' />
  <node id='5191743049' timestamp='2021-05-10T16:31:34Z' uid='12781306' user='LumosMaxima1' visible='true' version='2' changeset='104464437' lat='-22.8181176' lon='-47.0641178' />
  <node id='5191743050' action='delete' timestamp='2017-10-26T19:03:14Z' uid='5005847' user='igorkalju' visible='true' version='1' changeset='53271606' lat='-22.8186729' lon='-47.0644221' />
  <node id='5191743051' timestamp='2021-05-10T16:31:34Z' uid='12781306' user='LumosMaxima1' visible='true' version='2' changeset='104464437' lat='-22.8180236' lon='-47.063675' />
  <node id='5191743052' timestamp='2021-05-10T16:31:34Z' uid='12781306' user='LumosMaxima1' visible='true' version='2' changeset='104464437' lat='-22.8180123' lon='-47.0637546' />
  <node id='5191743053' timestamp='2021-05-10T16:31:34Z' uid='12781306' user='LumosMaxima1' visible='true' version='2' changeset='104464437' lat='-22.8179778' lon='-47.0638181' />
  <node id='5191743054' timestamp='2021-05-10T16:31:34Z' uid='12781306' user='LumosMaxima1' visible='true' version='2' changeset='104464437' lat='-22.817964' lon='-47.0639092' />
  <node id='5191743055' timestamp='2021-05-10T16:31:34Z' uid='12781306' user='LumosMaxima1' visible='true' version='2' changeset='104464437' lat='-22.8179844' lon='-47.0639976' />
  <node id='5191743056' timestamp='2021-05-10T16:31:34Z' uid='12781306' user='LumosMaxima1' visible='true' version='2' changeset='104464437' lat='-22.8180412' lon='-47.0640754' />
  <node id='5191743057' action='delete' timestamp='2017-10-26T19:03:14Z' uid='5005847' user='igorkalju' visible='true' version='1' changeset='53271606' lat='-22.8186728' lon='-47.0642452' />
  <node id='5191743058' timestamp='2021-05-10T16:31:34Z' uid='12781306' user='LumosMaxima1' visible='true' version='2' changeset='104464437' lat='-22.8183653' lon='-47.0638149' />
  <node id='5191743059' timestamp='2021-05-10T16:31:34Z' uid='12781306' user='LumosMaxima1' visible='true' version='2' changeset='104464437' lat='-22.8182614' lon='-47.0636953' />
  <node id='5191743060' timestamp='2021-05-10T16:31:34Z' uid='12781306' user='LumosMaxima1' visible='true' version='2' changeset='104464437' lat='-22.8181954' lon='-47.0636749' />
  <node id='5191743061' timestamp='2021-05-10T16:31:34Z' uid='12781306' user='LumosMaxima1' visible='true' version='2' changeset='104464437' lat='-22.8181134' lon='-47.0636827' />
  <node id='5191743062' timestamp='2021-05-10T16:31:34Z' uid='12781306' user='LumosMaxima1' visible='true' version='2' changeset='104464437' lat='-22.8180563' lon='-47.0637117' />
  <node id='5191743063' action='delete' timestamp='2022-10-23T07:17:19Z' uid='4176326' user='mutuka' visible='true' version='2' changeset='127945033' lat='-22.8185213' lon='-47.0639407'>
    <tag k='crossing' v='marked' />
    <tag k='highway' v='crossing' />
  </node>
  <node id='5191743064' action='delete' timestamp='2017-10-26T19:03:14Z' uid='5005847' user='igorkalju' visible='true' version='1' changeset='53271606' lat='-22.8187984' lon='-47.0639983' />
  <node id='5191743065' action='delete' timestamp='2017-10-26T19:03:14Z' uid='5005847' user='igorkalju' visible='true' version='1' changeset='53271606' lat='-22.8193181' lon='-47.0640278' />
  <node id='5191743066' timestamp='2021-05-10T16:31:34Z' uid='12781306' user='LumosMaxima1' visible='true' version='2' changeset='104464437' lat='-22.8182657' lon='-47.0641016' />
  <node id='5191743067' timestamp='2021-05-10T16:31:34Z' uid='12781306' user='LumosMaxima1' visible='true' version='2' changeset='104464437' lat='-22.8181913' lon='-47.0641247' />
  <node id='5191743068' timestamp='2021-05-10T16:31:34Z' uid='12781306' user='LumosMaxima1' visible='true' version='2' changeset='104464437' lat='-22.8183558' lon='-47.0640065' />
  <node id='5191743069' timestamp='2021-05-10T16:31:34Z' uid='12781306' user='LumosMaxima1' visible='true' version='2' changeset='104464437' lat='-22.8183771' lon='-47.06394' />
  <node id='5191743070' action='delete' timestamp='2017-10-26T19:03:14Z' uid='5005847' user='igorkalju' visible='true' version='1' changeset='53271606' lat='-22.8189822' lon='-47.0641422' />
  <node id='5191743071' action='delete' timestamp='2017-10-26T19:03:14Z' uid='5005847' user='igorkalju' visible='true' version='1' changeset='53271606' lat='-22.8187694' lon='-47.0641118' />
  <node id='5191743075' action='delete' timestamp='2017-10-26T19:03:14Z' uid='5005847' user='igorkalju' visible='true' version='1' changeset='53271606' lat='-22.8194445' lon='-47.0641349' />
  <node id='5191743076' action='delete' timestamp='2017-10-26T19:03:14Z' uid='5005847' user='igorkalju' visible='true' version='1' changeset='53271606' lat='-22.8199115' lon='-47.0639894' />
  <node id='5191743077' action='delete' timestamp='2017-10-26T19:03:14Z' uid='5005847' user='igorkalju' visible='true' version='1' changeset='53271606' lat='-22.8201698' lon='-47.0638525' />
  <node id='5191743078' action='delete' timestamp='2017-10-26T19:03:14Z' uid='5005847' user='igorkalju' visible='true' version='1' changeset='53271606' lat='-22.8197853' lon='-47.0639117' />
  <node id='5191743079' action='delete' timestamp='2017-10-26T19:03:14Z' uid='5005847' user='igorkalju' visible='true' version='1' changeset='53271606' lat='-22.8200568' lon='-47.0637774' />
  <node id='5191765320' action='delete' timestamp='2017-10-26T19:20:32Z' uid='5005847' user='igorkalju' visible='true' version='1' changeset='53272002' lat='-22.8225349' lon='-47.0623315' />
  <node id='5191765721' action='delete' timestamp='2017-10-26T19:20:32Z' uid='5005847' user='igorkalju' visible='true' version='1' changeset='53272002' lat='-22.822564' lon='-47.0624361' />
  <node id='5191765722' action='delete' timestamp='2017-10-26T19:20:32Z' uid='5005847' user='igorkalju' visible='true' version='1' changeset='53272002' lat='-22.8229671' lon='-47.062327' />
  <node id='5191765723' action='delete' timestamp='2017-10-26T19:20:32Z' uid='5005847' user='igorkalju' visible='true' version='1' changeset='53272002' lat='-22.8232847' lon='-47.0622954' />
  <node id='5191765724' action='delete' timestamp='2020-02-03T20:45:31Z' uid='10630556' user='Night_biker' visible='true' version='2' changeset='80498255' lat='-22.8232163' lon='-47.0621767' />
  <node id='5191765725' action='delete' timestamp='2020-02-03T20:45:31Z' uid='10630556' user='Night_biker' visible='true' version='2' changeset='80498255' lat='-22.8229795' lon='-47.0622089' />
  <node id='5191765733' action='delete' timestamp='2020-02-03T20:45:31Z' uid='10630556' user='Night_biker' visible='true' version='2' changeset='80498255' lat='-22.8234772' lon='-47.0622853' />
  <node id='5191765745' action='delete' timestamp='2020-02-03T20:45:31Z' uid='10630556' user='Night_biker' visible='true' version='2' changeset='80498255' lat='-22.8234485' lon='-47.0621095' />
  <node id='5191765749' action='delete' timestamp='2017-10-26T19:20:32Z' uid='5005847' user='igorkalju' visible='true' version='1' changeset='53272002' lat='-22.823427' lon='-47.0622857' />
  <node id='5191765750' action='delete' timestamp='2017-10-26T19:20:32Z' uid='5005847' user='igorkalju' visible='true' version='1' changeset='53272002' lat='-22.8233788' lon='-47.0621478' />
  <node id='5191765766' action='delete' timestamp='2020-02-03T20:45:31Z' uid='10630556' user='Night_biker' visible='true' version='2' changeset='80498255' lat='-22.823053' lon='-47.0621949' />
  <node id='5191765767' action='delete' timestamp='2017-10-26T19:20:33Z' uid='5005847' user='igorkalju' visible='true' version='1' changeset='53272002' lat='-22.8222036' lon='-47.0615541' />
  <node id='5191765768' action='delete' timestamp='2017-10-26T19:20:33Z' uid='5005847' user='igorkalju' visible='true' version='1' changeset='53272002' lat='-22.822257' lon='-47.0616452' />
  <node id='5191765769' action='delete' timestamp='2017-10-26T19:20:33Z' uid='5005847' user='igorkalju' visible='true' version='1' changeset='53272002' lat='-22.8220014' lon='-47.0610643' />
  <node id='5191765770' action='delete' timestamp='2021-05-07T23:29:37Z' uid='12781306' user='LumosMaxima1' visible='true' version='2' changeset='104344636' lat='-22.8219455' lon='-47.060973' />
  <node id='5191765771' action='delete' timestamp='2022-10-23T07:17:19Z' uid='4176326' user='mutuka' visible='true' version='4' changeset='127945033' lat='-22.8182148' lon='-47.0595823'>
    <tag k='crossing' v='marked' />
    <tag k='highway' v='crossing' />
  </node>
  <node id='5191765773' timestamp='2021-06-10T11:16:13Z' uid='10409748' user='MillMountain' visible='true' version='5' changeset='106151654' lat='-22.8180853' lon='-47.0593676' />
  <node id='5201074744' action='delete' timestamp='2017-10-30T23:57:10Z' uid='5005847' user='igorkalju' visible='true' version='1' changeset='53381823' lat='-22.8165427' lon='-47.0683206' />
  <node id='5201074745' action='delete' timestamp='2017-10-30T23:57:10Z' uid='5005847' user='igorkalju' visible='true' version='1' changeset='53381823' lat='-22.8165319' lon='-47.0682961' />
  <node id='5202759531' timestamp='2020-08-27T12:26:12Z' uid='10653302' user='HangingLake' visible='true' version='3' changeset='90027323' lat='-22.8149758' lon='-47.0627461' />
  <node id='5202759532' action='delete' timestamp='2020-08-06T11:45:35Z' uid='10888604' user='Metuje' visible='true' version='2' changeset='89036819' lat='-22.8147197' lon='-47.0619729' />
  <node id='5202759533' action='delete' timestamp='2017-10-31T18:27:36Z' uid='5005847' user='igorkalju' visible='true' version='1' changeset='53403653' lat='-22.8145226' lon='-47.0620505' />
  <node id='5202759534' action='delete' timestamp='2020-08-06T11:45:35Z' uid='10888604' user='Metuje' visible='true' version='2' changeset='89036819' lat='-22.8149274' lon='-47.0625991' />
  <node id='5202759535' action='delete' timestamp='2017-10-31T18:27:36Z' uid='5005847' user='igorkalju' visible='true' version='1' changeset='53403653' lat='-22.8147267' lon='-47.0626659' />
  <node id='5202759536' action='delete' timestamp='2020-08-27T07:32:50Z' uid='10653302' user='HangingLake' visible='true' version='3' changeset='90010204' lat='-22.814853' lon='-47.0623749' />
  <node id='5202759537' action='delete' timestamp='2020-08-27T07:32:50Z' uid='10653302' user='HangingLake' visible='true' version='2' changeset='90010204' lat='-22.8146523' lon='-47.0624416' />
  <node id='5202759538' action='delete' timestamp='2020-08-27T07:32:50Z' uid='10653302' user='HangingLake' visible='true' version='3' changeset='90010204' lat='-22.8147827' lon='-47.0621748' />
  <node id='5202759539' action='delete' timestamp='2020-08-27T07:32:50Z' uid='10653302' user='HangingLake' visible='true' version='2' changeset='90010204' lat='-22.8145822' lon='-47.0622423' />
  <node id='5202759540' action='delete' timestamp='2017-10-31T18:27:36Z' uid='5005847' user='igorkalju' visible='true' version='1' changeset='53403653' lat='-22.8147291' lon='-47.0627649' />
  <node id='5202759541' action='delete' timestamp='2021-08-16T06:21:47Z' uid='12205092' user='EikaIsland' visible='true' version='2' changeset='109728223' lat='-22.8150111' lon='-47.0626503' />
  <node id='5202759542' action='delete' timestamp='2017-10-31T18:27:36Z' uid='5005847' user='igorkalju' visible='true' version='1' changeset='53403653' lat='-22.8147528' lon='-47.0618649' />
  <node id='5202759543' action='delete' timestamp='2017-10-31T18:27:36Z' uid='5005847' user='igorkalju' visible='true' version='1' changeset='53403653' lat='-22.8144635' lon='-47.0619801' />
  <node id='5202818706' action='delete' timestamp='2017-10-31T18:51:27Z' uid='5005847' user='igorkalju' visible='true' version='1' changeset='53404417' lat='-22.815493' lon='-47.0648018' />
  <node id='5202818707' action='delete' timestamp='2017-10-31T18:51:27Z' uid='5005847' user='igorkalju' visible='true' version='1' changeset='53404417' lat='-22.8155562' lon='-47.0647739' />
  <node id='5202818708' action='delete' timestamp='2017-10-31T18:51:27Z' uid='5005847' user='igorkalju' visible='true' version='1' changeset='53404417' lat='-22.8155871' lon='-47.0648559' />
  <node id='5202818709' action='delete' timestamp='2017-10-31T18:51:27Z' uid='5005847' user='igorkalju' visible='true' version='1' changeset='53404417' lat='-22.8157373' lon='-47.0647894' />
  <node id='5202818710' action='delete' timestamp='2017-10-31T18:51:27Z' uid='5005847' user='igorkalju' visible='true' version='1' changeset='53404417' lat='-22.8154787' lon='-47.0641023' />
  <node id='5202818711' action='delete' timestamp='2017-10-31T18:51:27Z' uid='5005847' user='igorkalju' visible='true' version='1' changeset='53404417' lat='-22.8153286' lon='-47.0641688' />
  <node id='5202818712' action='delete' timestamp='2017-10-31T18:51:27Z' uid='5005847' user='igorkalju' visible='true' version='1' changeset='53404417' lat='-22.8154496' lon='-47.0644904' />
  <node id='5202818713' action='delete' timestamp='2017-10-31T18:51:27Z' uid='5005847' user='igorkalju' visible='true' version='1' changeset='53404417' lat='-22.8153864' lon='-47.0645184' />
  <node id='5202818714' action='delete' timestamp='2017-10-31T18:51:27Z' uid='5005847' user='igorkalju' visible='true' version='1' changeset='53404417' lat='-22.8157965' lon='-47.0647624' />
  <node id='5202818715' action='delete' timestamp='2017-10-31T18:51:27Z' uid='5005847' user='igorkalju' visible='true' version='1' changeset='53404417' lat='-22.8159484' lon='-47.0646937' />
  <node id='5202818716' action='delete' timestamp='2017-10-31T18:51:27Z' uid='5005847' user='igorkalju' visible='true' version='1' changeset='53404417' lat='-22.8156868' lon='-47.0640132' />
  <node id='5202818717' action='delete' timestamp='2017-10-31T18:51:27Z' uid='5005847' user='igorkalju' visible='true' version='1' changeset='53404417' lat='-22.8155349' lon='-47.0640819' />
  <node id='5202818833' action='delete' timestamp='2017-10-31T18:51:27Z' uid='5005847' user='igorkalju' visible='true' version='1' changeset='53404417' lat='-22.8206581' lon='-47.0634293' />
  <node id='5202895698' action='delete' timestamp='2017-10-31T19:30:24Z' uid='5005847' user='igorkalju' visible='true' version='1' changeset='53405733' lat='-22.8146585' lon='-47.0573404' />
  <node id='5202895699' action='delete' timestamp='2017-10-31T19:30:24Z' uid='5005847' user='igorkalju' visible='true' version='1' changeset='53405733' lat='-22.8146663' lon='-47.0573687' />
  <node id='5202895700' action='delete' timestamp='2017-10-31T19:30:24Z' uid='5005847' user='igorkalju' visible='true' version='1' changeset='53405733' lat='-22.8148311' lon='-47.0573154' />
  <node id='5202895701' action='delete' timestamp='2017-10-31T19:30:24Z' uid='5005847' user='igorkalju' visible='true' version='1' changeset='53405733' lat='-22.814822' lon='-47.0572842' />
  <node id='5202895702' action='delete' timestamp='2017-10-31T19:30:24Z' uid='5005847' user='igorkalju' visible='true' version='1' changeset='53405733' lat='-22.8146817' lon='-47.0573931' />
  <node id='5202895703' action='delete' timestamp='2017-10-31T19:30:24Z' uid='5005847' user='igorkalju' visible='true' version='1' changeset='53405733' lat='-22.8147034' lon='-47.057411' />
  <node id='5202895704' action='delete' timestamp='2017-10-31T19:30:24Z' uid='5005847' user='igorkalju' visible='true' version='1' changeset='53405733' lat='-22.8147291' lon='-47.0574208' />
  <node id='5202895705' action='delete' timestamp='2017-10-31T19:30:24Z' uid='5005847' user='igorkalju' visible='true' version='1' changeset='53405733' lat='-22.8147563' lon='-47.0574216' />
  <node id='5202895706' action='delete' timestamp='2017-10-31T19:30:24Z' uid='5005847' user='igorkalju' visible='true' version='1' changeset='53405733' lat='-22.8147824' lon='-47.0574131' />
  <node id='5202895707' action='delete' timestamp='2017-10-31T19:30:24Z' uid='5005847' user='igorkalju' visible='true' version='1' changeset='53405733' lat='-22.8148048' lon='-47.0573963' />
  <node id='5202895708' action='delete' timestamp='2017-10-31T19:30:24Z' uid='5005847' user='igorkalju' visible='true' version='1' changeset='53405733' lat='-22.8148214' lon='-47.0573729' />
  <node id='5202895709' action='delete' timestamp='2017-10-31T19:30:24Z' uid='5005847' user='igorkalju' visible='true' version='1' changeset='53405733' lat='-22.8148304' lon='-47.057345' />
  <node id='5202895710' action='delete' timestamp='2017-10-31T19:30:24Z' uid='5005847' user='igorkalju' visible='true' version='1' changeset='53405733' lat='-22.8148035' lon='-47.0572582' />
  <node id='5202895711' action='delete' timestamp='2017-10-31T19:30:24Z' uid='5005847' user='igorkalju' visible='true' version='1' changeset='53405733' lat='-22.814778' lon='-47.0572406' />
  <node id='5202895712' action='delete' timestamp='2017-10-31T19:30:24Z' uid='5005847' user='igorkalju' visible='true' version='1' changeset='53405733' lat='-22.8147485' lon='-47.0572336' />
  <node id='5202895713' action='delete' timestamp='2017-10-31T19:30:24Z' uid='5005847' user='igorkalju' visible='true' version='1' changeset='53405733' lat='-22.8147185' lon='-47.0572379' />
  <node id='5202895714' action='delete' timestamp='2017-10-31T19:30:24Z' uid='5005847' user='igorkalju' visible='true' version='1' changeset='53405733' lat='-22.8146917' lon='-47.0572531' />
  <node id='5202895715' action='delete' timestamp='2017-10-31T19:30:24Z' uid='5005847' user='igorkalju' visible='true' version='1' changeset='53405733' lat='-22.8146713' lon='-47.0572773' />
  <node id='5202895716' action='delete' timestamp='2017-10-31T19:30:24Z' uid='5005847' user='igorkalju' visible='true' version='1' changeset='53405733' lat='-22.8146598' lon='-47.0573076' />
  <node id='5202895717' action='delete' timestamp='2017-10-31T19:30:24Z' uid='5005847' user='igorkalju' visible='true' version='1' changeset='53405733' lat='-22.8152461' lon='-47.0573599' />
  <node id='5202895718' action='delete' timestamp='2017-10-31T19:30:24Z' uid='5005847' user='igorkalju' visible='true' version='1' changeset='53405733' lat='-22.815079' lon='-47.0571898' />
  <node id='5202895719' action='delete' timestamp='2017-10-31T19:30:24Z' uid='5005847' user='igorkalju' visible='true' version='1' changeset='53405733' lat='-22.8150389' lon='-47.0572361' />
  <node id='5202895720' action='delete' timestamp='2017-10-31T19:30:24Z' uid='5005847' user='igorkalju' visible='true' version='1' changeset='53405733' lat='-22.815206' lon='-47.0574063' />
  <node id='5202903721' action='delete' timestamp='2021-05-06T23:27:16Z' uid='12781306' user='LumosMaxima1' visible='true' version='4' changeset='104277929' lat='-22.8145691' lon='-47.0570571' />
  <node id='5202903722' action='delete' timestamp='2020-08-27T07:04:29Z' uid='10653302' user='HangingLake' visible='true' version='2' changeset='90008548' lat='-22.8146359' lon='-47.0569901' />
  <node id='5202903723' action='delete' timestamp='2020-08-27T07:04:29Z' uid='10653302' user='HangingLake' visible='true' version='2' changeset='90008548' lat='-22.8146897' lon='-47.0569767' />
  <node id='5202903724' action='delete' timestamp='2017-10-31T19:30:24Z' uid='5005847' user='igorkalju' visible='true' version='1' changeset='53405733' lat='-22.8147611' lon='-47.056984' />
  <node id='5202903725' action='delete' timestamp='2017-10-31T19:30:24Z' uid='5005847' user='igorkalju' visible='true' version='1' changeset='53405733' lat='-22.814806' lon='-47.0570145' />
  <node id='5202903726' action='delete' timestamp='2020-08-27T07:04:29Z' uid='10653302' user='HangingLake' visible='true' version='2' changeset='90008548' lat='-22.8149981' lon='-47.05724' />
  <node id='5202903727' action='delete' timestamp='2020-09-23T12:40:30Z' uid='10653302' user='HangingLake' visible='true' version='3' changeset='91367925' lat='-22.8138502' lon='-47.0605772' />
  <node id='5202903728' action='delete' timestamp='2020-09-23T12:40:30Z' uid='10653302' user='HangingLake' visible='true' version='3' changeset='91367925' lat='-22.8142273' lon='-47.0605653' />
  <node id='5202903729' action='delete' timestamp='2020-09-23T12:40:30Z' uid='10653302' user='HangingLake' visible='true' version='3' changeset='91367925' lat='-22.8142309' lon='-47.060698' />
  <node id='5202903730' action='delete' timestamp='2020-09-23T12:40:30Z' uid='10653302' user='HangingLake' visible='true' version='3' changeset='91367925' lat='-22.814111' lon='-47.0607018' />
  <node id='5202903731' action='delete' timestamp='2020-09-23T12:40:30Z' uid='10653302' user='HangingLake' visible='true' version='3' changeset='91367925' lat='-22.8141127' lon='-47.0607653' />
  <node id='5202903732' action='delete' timestamp='2020-09-23T12:40:30Z' uid='10653302' user='HangingLake' visible='true' version='3' changeset='91367925' lat='-22.8140387' lon='-47.0607676' />
  <node id='5202903733' action='delete' timestamp='2020-09-23T12:40:30Z' uid='10653302' user='HangingLake' visible='true' version='3' changeset='91367925' lat='-22.8140369' lon='-47.0607024' />
  <node id='5202903734' action='delete' timestamp='2020-09-23T12:40:30Z' uid='10653302' user='HangingLake' visible='true' version='3' changeset='91367925' lat='-22.8138537' lon='-47.0607082' />
  <node id='5202903735' action='delete' timestamp='2017-10-31T19:30:24Z' uid='5005847' user='igorkalju' visible='true' version='1' changeset='53405733' lat='-22.8184271' lon='-47.0586069' />
  <node id='5202903736' action='delete' timestamp='2017-10-31T19:30:24Z' uid='5005847' user='igorkalju' visible='true' version='1' changeset='53405733' lat='-22.8185076' lon='-47.0586069' />
  <node id='5202903737' action='delete' timestamp='2017-10-31T19:30:24Z' uid='5005847' user='igorkalju' visible='true' version='1' changeset='53405733' lat='-22.8185077' lon='-47.0585621' />
  <node id='5202903738' action='delete' timestamp='2017-10-31T19:30:24Z' uid='5005847' user='igorkalju' visible='true' version='1' changeset='53405733' lat='-22.8186605' lon='-47.0585621' />
  <node id='5202903739' action='delete' timestamp='2017-10-31T19:30:24Z' uid='5005847' user='igorkalju' visible='true' version='1' changeset='53405733' lat='-22.8186604' lon='-47.0588865' />
  <node id='5202903740' action='delete' timestamp='2017-10-31T19:30:24Z' uid='5005847' user='igorkalju' visible='true' version='1' changeset='53405733' lat='-22.818517' lon='-47.0588865' />
  <node id='5202903741' action='delete' timestamp='2017-10-31T19:30:24Z' uid='5005847' user='igorkalju' visible='true' version='1' changeset='53405733' lat='-22.818517' lon='-47.0588437' />
  <node id='5202903742' action='delete' timestamp='2017-10-31T19:30:24Z' uid='5005847' user='igorkalju' visible='true' version='1' changeset='53405733' lat='-22.8184271' lon='-47.0588437' />
  <node id='5202903743' timestamp='2021-05-07T23:29:37Z' uid='12781306' user='LumosMaxima1' visible='true' version='3' changeset='104344636' lat='-22.8181129' lon='-47.0589387' />
  <node id='5202903744' action='delete' timestamp='2017-10-31T19:30:24Z' uid='5005847' user='igorkalju' visible='true' version='1' changeset='53405733' lat='-22.8182215' lon='-47.0589421' />
  <node id='5202903745' action='delete' timestamp='2017-10-31T19:30:24Z' uid='5005847' user='igorkalju' visible='true' version='1' changeset='53405733' lat='-22.8182721' lon='-47.0589686' />
  <node id='5202903746' action='delete' timestamp='2017-10-31T19:30:24Z' uid='5005847' user='igorkalju' visible='true' version='1' changeset='53405733' lat='-22.8185963' lon='-47.0589726' />
  <node id='5202903747' timestamp='2021-05-07T23:29:37Z' uid='12781306' user='LumosMaxima1' visible='true' version='4' changeset='104344636' lat='-22.8181599' lon='-47.0584198' />
  <node id='5202903748' action='delete' timestamp='2017-10-31T19:30:24Z' uid='5005847' user='igorkalju' visible='true' version='1' changeset='53405733' lat='-22.8187031' lon='-47.0583994' />
  <node id='5202903749' action='delete' timestamp='2017-10-31T19:30:24Z' uid='5005847' user='igorkalju' visible='true' version='1' changeset='53405733' lat='-22.8182642' lon='-47.0590544' />
  <node id='5202903750' action='delete' timestamp='2017-10-31T19:30:24Z' uid='5005847' user='igorkalju' visible='true' version='1' changeset='53405733' lat='-22.8182661' lon='-47.0588989' />
  <node id='5202903751' action='delete' timestamp='2017-10-31T19:30:24Z' uid='5005847' user='igorkalju' visible='true' version='1' changeset='53405733' lat='-22.8186295' lon='-47.058904' />
  <node id='5202903752' action='delete' timestamp='2017-10-31T19:30:24Z' uid='5005847' user='igorkalju' visible='true' version='1' changeset='53405733' lat='-22.8186277' lon='-47.0590595' />
  <node id='5202903753' action='delete' timestamp='2017-10-31T19:30:24Z' uid='5005847' user='igorkalju' visible='true' version='1' changeset='53405733' lat='-22.8182266' lon='-47.0584835' />
  <node id='5202903754' action='delete' timestamp='2017-10-31T19:30:24Z' uid='5005847' user='igorkalju' visible='true' version='1' changeset='53405733' lat='-22.8187643' lon='-47.0584875' />
  <node id='5202903755' action='delete' timestamp='2017-10-31T19:30:25Z' uid='5005847' user='igorkalju' visible='true' version='1' changeset='53405733' lat='-22.818768' lon='-47.0583778' />
  <node id='5202903756' action='delete' timestamp='2017-10-31T19:30:25Z' uid='5005847' user='igorkalju' visible='true' version='1' changeset='53405733' lat='-22.8182434' lon='-47.0582782' />
  <node id='5202963789' timestamp='2017-10-31T20:01:12Z' uid='5005847' user='igorkalju' visible='true' version='1' changeset='53406663' lat='-22.8180266' lon='-47.0622721' />
  <node id='5202963790' timestamp='2021-02-20T23:20:44Z' uid='1856060' user='patodiez' visible='true' version='2' changeset='99663646' lat='-22.8181275' lon='-47.0622663' />
  <node id='5202963791' timestamp='2017-10-31T20:01:12Z' uid='5005847' user='igorkalju' visible='true' version='1' changeset='53406663' lat='-22.8180059' lon='-47.0612084' />
  <node id='5202963792' timestamp='2017-10-31T20:01:12Z' uid='5005847' user='igorkalju' visible='true' version='1' changeset='53406663' lat='-22.8180687' lon='-47.0612515' />
  <node id='5202963793' timestamp='2021-02-20T23:20:44Z' uid='1856060' user='patodiez' visible='true' version='2' changeset='99663646' lat='-22.8181125' lon='-47.061206' />
  <node id='5202963794' timestamp='2017-10-31T20:01:12Z' uid='5005847' user='igorkalju' visible='true' version='1' changeset='53406663' lat='-22.8180982' lon='-47.061238' />
  <node id='5202963795' timestamp='2017-10-31T20:01:12Z' uid='5005847' user='igorkalju' visible='true' version='1' changeset='53406663' lat='-22.818033' lon='-47.0612381' />
  <node id='5202963796' timestamp='2017-10-31T20:01:12Z' uid='5005847' user='igorkalju' visible='true' version='1' changeset='53406663' lat='-22.8179967' lon='-47.0607541' />
  <node id='5202963797' timestamp='2021-02-20T23:20:44Z' uid='1856060' user='patodiez' visible='true' version='2' changeset='99663646' lat='-22.8180569' lon='-47.060715' />
  <node id='5202963798' timestamp='2021-02-20T23:20:44Z' uid='1856060' user='patodiez' visible='true' version='2' changeset='99663646' lat='-22.8181081' lon='-47.0607454' />
  <node id='5202963799' timestamp='2017-10-31T20:01:12Z' uid='5005847' user='igorkalju' visible='true' version='1' changeset='53406663' lat='-22.8180915' lon='-47.0607232' />
  <node id='5202963800' timestamp='2017-10-31T20:01:12Z' uid='5005847' user='igorkalju' visible='true' version='1' changeset='53406663' lat='-22.8180214' lon='-47.0607255' />
  <node id='5202963801' action='delete' timestamp='2018-01-27T19:27:17Z' uid='4176326' user='mutuka' visible='true' version='2' changeset='55812615' lat='-22.8173872' lon='-47.0634873' />
  <node id='5202963802' action='delete' timestamp='2018-01-27T19:27:17Z' uid='4176326' user='mutuka' visible='true' version='2' changeset='55812615' lat='-22.8175389' lon='-47.063497' />
  <node id='5202963803' action='delete' timestamp='2018-01-27T19:27:17Z' uid='4176326' user='mutuka' visible='true' version='2' changeset='55812615' lat='-22.8175449' lon='-47.063386' />
  <node id='5202963804' action='delete' timestamp='2018-01-27T19:27:17Z' uid='4176326' user='mutuka' visible='true' version='2' changeset='55812615' lat='-22.8173933' lon='-47.0633763' />
  <node id='5203276708' action='delete' timestamp='2017-10-31T23:15:48Z' uid='5005847' user='igorkalju' visible='true' version='1' changeset='53410879' lat='-22.8131841' lon='-47.0623662' />
  <node id='5203276709' action='delete' timestamp='2017-10-31T23:15:48Z' uid='5005847' user='igorkalju' visible='true' version='1' changeset='53410879' lat='-22.8134746' lon='-47.0606853' />
  <node id='5203276710' action='delete' timestamp='2017-10-31T23:15:48Z' uid='5005847' user='igorkalju' visible='true' version='1' changeset='53410879' lat='-22.8118528' lon='-47.0608858' />
  <node id='5203276711' action='delete' timestamp='2022-04-27T17:25:05Z' uid='10661323' user='Thiago AG' visible='true' version='2' changeset='120270120' lat='-22.8114958' lon='-47.061871' />
  <node id='5203276712' action='delete' timestamp='2017-10-31T23:15:48Z' uid='5005847' user='igorkalju' visible='true' version='1' changeset='53410879' lat='-22.8119964' lon='-47.0621387' />
  <node id='5203276713' action='delete' timestamp='2017-10-31T23:15:48Z' uid='5005847' user='igorkalju' visible='true' version='1' changeset='53410879' lat='-22.8121615' lon='-47.0617596' />
  <node id='5203276714' action='delete' timestamp='2017-10-31T23:15:48Z' uid='5005847' user='igorkalju' visible='true' version='1' changeset='53410879' lat='-22.8121991' lon='-47.0618534' />
  <node id='5203276715' action='delete' timestamp='2017-10-31T23:15:48Z' uid='5005847' user='igorkalju' visible='true' version='1' changeset='53410879' lat='-22.8122347' lon='-47.0619326' />
  <node id='5203276716' action='delete' timestamp='2017-10-31T23:15:48Z' uid='5005847' user='igorkalju' visible='true' version='1' changeset='53410879' lat='-22.8123002' lon='-47.0619956' />
  <node id='5203276717' action='delete' timestamp='2017-10-31T23:15:48Z' uid='5005847' user='igorkalju' visible='true' version='1' changeset='53410879' lat='-22.8123771' lon='-47.0620261' />
  <node id='5203276718' action='delete' timestamp='2017-10-31T23:15:48Z' uid='5005847' user='igorkalju' visible='true' version='1' changeset='53410879' lat='-22.8124558' lon='-47.0620383' />
  <node id='5203276719' action='delete' timestamp='2017-10-31T23:15:48Z' uid='5005847' user='igorkalju' visible='true' version='1' changeset='53410879' lat='-22.8125307' lon='-47.0620241' />
  <node id='5203276720' action='delete' timestamp='2017-10-31T23:15:48Z' uid='5005847' user='igorkalju' visible='true' version='1' changeset='53410879' lat='-22.8126' lon='-47.0619814' />
  <node id='5203277821' action='delete' timestamp='2017-10-31T23:15:48Z' uid='5005847' user='igorkalju' visible='true' version='1' changeset='53410879' lat='-22.8126488' lon='-47.0619367' />
  <node id='5203277822' action='delete' timestamp='2017-10-31T23:15:48Z' uid='5005847' user='igorkalju' visible='true' version='1' changeset='53410879' lat='-22.8126825' lon='-47.0618737' />
  <node id='5203277823' action='delete' timestamp='2017-10-31T23:15:48Z' uid='5005847' user='igorkalju' visible='true' version='1' changeset='53410879' lat='-22.8127031' lon='-47.0618086' />
  <node id='5203277824' action='delete' timestamp='2017-10-31T23:15:48Z' uid='5005847' user='igorkalju' visible='true' version='1' changeset='53410879' lat='-22.8127068' lon='-47.0617619' />
  <node id='5203277825' action='delete' timestamp='2017-10-31T23:15:48Z' uid='5005847' user='igorkalju' visible='true' version='1' changeset='53410879' lat='-22.8126997' lon='-47.061708' />
  <node id='5203289463' action='delete' timestamp='2021-05-07T23:29:37Z' uid='12781306' user='LumosMaxima1' visible='true' version='4' changeset='104344636' lat='-22.8186455' lon='-47.0597283' />
  <node id='5203289466' action='delete' timestamp='2021-05-07T23:29:37Z' uid='12781306' user='LumosMaxima1' visible='true' version='2' changeset='104344636' lat='-22.819578' lon='-47.0600492' />
  <node id='5203289473' action='delete' timestamp='2020-08-06T11:45:35Z' uid='10888604' user='Metuje' visible='true' version='2' changeset='89036819' lat='-22.8185284' lon='-47.0596538' />
  <node id='5203289474' action='delete' timestamp='2020-08-06T11:45:35Z' uid='10888604' user='Metuje' visible='true' version='2' changeset='89036819' lat='-22.8187628' lon='-47.0597305' />
  <node id='5203289475' action='delete' timestamp='2020-08-06T11:45:35Z' uid='10888604' user='Metuje' visible='true' version='2' changeset='89036819' lat='-22.8189149' lon='-47.0597742' />
  <node id='5203289476' action='delete' timestamp='2020-08-06T11:45:35Z' uid='10888604' user='Metuje' visible='true' version='2' changeset='89036819' lat='-22.8191516' lon='-47.0597905' />
  <node id='5203289477' action='delete' timestamp='2020-08-06T11:45:35Z' uid='10888604' user='Metuje' visible='true' version='2' changeset='89036819' lat='-22.8191473' lon='-47.0598606' />
  <node id='5203289478' action='delete' timestamp='2020-08-06T11:45:35Z' uid='10888604' user='Metuje' visible='true' version='2' changeset='89036819' lat='-22.8195433' lon='-47.0598956' />
  <node id='5203289479' action='delete' timestamp='2020-08-06T11:45:35Z' uid='10888604' user='Metuje' visible='true' version='2' changeset='89036819' lat='-22.819524' lon='-47.0600077' />
  <node id='5203289480' action='delete' timestamp='2020-08-06T11:45:35Z' uid='10888604' user='Metuje' visible='true' version='2' changeset='89036819' lat='-22.8198533' lon='-47.0601291' />
  <node id='5203289481' action='delete' timestamp='2020-08-06T11:45:35Z' uid='10888604' user='Metuje' visible='true' version='2' changeset='89036819' lat='-22.8199414' lon='-47.0595964' />
  <node id='5203289482' action='delete' timestamp='2020-08-06T11:45:35Z' uid='10888604' user='Metuje' visible='true' version='2' changeset='89036819' lat='-22.8195799' lon='-47.0595617' />
  <node id='5203289483' action='delete' timestamp='2020-08-06T11:45:35Z' uid='10888604' user='Metuje' visible='true' version='2' changeset='89036819' lat='-22.8185399' lon='-47.0594569' />
  <node id='5203289485' action='delete' timestamp='2021-05-07T23:29:37Z' uid='12781306' user='LumosMaxima1' visible='true' version='2' changeset='104344636' lat='-22.8200497' lon='-47.0602223' />
  <node id='5209274687' action='delete' timestamp='2017-11-03T22:38:31Z' uid='4176326' user='mutuka' visible='true' version='1' changeset='53491538' lat='-22.8200364' lon='-47.0656929' />
  <node id='5209274688' action='delete' timestamp='2017-11-03T22:38:31Z' uid='4176326' user='mutuka' visible='true' version='1' changeset='53491538' lat='-22.8197142' lon='-47.065293' />
  <node id='5209274691' action='delete' timestamp='2024-01-11T16:09:26Z' uid='10661323' user='Thiago AG' visible='true' version='2' changeset='146149923' lat='-22.8147705' lon='-47.057496'>
    <tag k='name' v='Museu Exploratório de Ciências' />
    <tag k='tourism' v='museum' />
    <tag k='website' v='https://www.mc.unicamp.br/' />
  </node>
  <node id='5288275335' action='delete' timestamp='2018-02-14T03:00:25Z' uid='5203793' user='shakra144' visible='true' version='2' changeset='56340247' lat='-22.8272077' lon='-47.0603625' />
  <node id='5355122172' action='delete' timestamp='2018-01-22T18:21:45Z' uid='4176326' user='mutuka' visible='true' version='1' changeset='55662676' lat='-22.8186111' lon='-47.0650308' />
  <node id='5355122173' action='delete' timestamp='2018-01-22T18:21:45Z' uid='4176326' user='mutuka' visible='true' version='1' changeset='55662676' lat='-22.8187398' lon='-47.0646956' />
  <node id='5355259110' action='delete' timestamp='2018-01-22T19:36:41Z' uid='4176326' user='mutuka' visible='true' version='1' changeset='55664511' lat='-22.8210659' lon='-47.0674361' />
  <node id='5355284945' action='delete' timestamp='2018-01-27T19:27:23Z' uid='4176326' user='mutuka' visible='true' version='2' changeset='55812615' lat='-22.8164695' lon='-47.0645793' />
  <node id='5355284946' action='delete' timestamp='2018-01-27T19:27:24Z' uid='4176326' user='mutuka' visible='true' version='2' changeset='55812615' lat='-22.8164139' lon='-47.064582' />
  <node id='5355284947' action='delete' timestamp='2018-01-27T19:27:24Z' uid='4176326' user='mutuka' visible='true' version='2' changeset='55812615' lat='-22.8163839' lon='-47.0645311' />
  <node id='5355284948' action='delete' timestamp='2018-01-27T19:27:24Z' uid='4176326' user='mutuka' visible='true' version='2' changeset='55812615' lat='-22.8164095' lon='-47.0644775' />
  <node id='5355284949' action='delete' timestamp='2018-01-27T19:27:24Z' uid='4176326' user='mutuka' visible='true' version='2' changeset='55812615' lat='-22.8164651' lon='-47.0644747' />
  <node id='5355284950' action='delete' timestamp='2018-01-27T19:27:24Z' uid='4176326' user='mutuka' visible='true' version='2' changeset='55812615' lat='-22.8164951' lon='-47.0645256' />
  <node id='5355361434' action='delete' timestamp='2018-01-22T20:19:10Z' uid='4176326' user='mutuka' visible='true' version='1' changeset='55665571' lat='-22.8137039' lon='-47.0617971' />
  <node id='5355361435' action='delete' timestamp='2018-01-22T20:19:10Z' uid='4176326' user='mutuka' visible='true' version='1' changeset='55665571' lat='-22.8136756' lon='-47.0615394' />
  <node id='5355361436' action='delete' timestamp='2018-01-22T20:19:10Z' uid='4176326' user='mutuka' visible='true' version='1' changeset='55665571' lat='-22.8140443' lon='-47.0614971' />
  <node id='5355361437' action='delete' timestamp='2018-01-22T20:19:10Z' uid='4176326' user='mutuka' visible='true' version='1' changeset='55665571' lat='-22.8140656' lon='-47.0617586' />
  <node id='5355361438' action='delete' timestamp='2018-01-22T20:19:10Z' uid='4176326' user='mutuka' visible='true' version='1' changeset='55665571' lat='-22.8137677' lon='-47.0614394' />
  <node id='5355361439' action='delete' timestamp='2018-01-22T20:19:10Z' uid='4176326' user='mutuka' visible='true' version='1' changeset='55665571' lat='-22.8137465' lon='-47.0611817' />
  <node id='5355361440' action='delete' timestamp='2018-01-22T20:19:10Z' uid='4176326' user='mutuka' visible='true' version='1' changeset='55665571' lat='-22.8141081' lon='-47.0611509' />
  <node id='5355361441' action='delete' timestamp='2018-01-22T20:19:10Z' uid='4176326' user='mutuka' visible='true' version='1' changeset='55665571' lat='-22.8141223' lon='-47.0614125' />
  <node id='5355361442' action='delete' timestamp='2018-01-22T20:19:10Z' uid='4176326' user='mutuka' visible='true' version='1' changeset='55665571' lat='-22.8146115' lon='-47.0613702' />
  <node id='5355361443' action='delete' timestamp='2018-01-22T20:19:10Z' uid='4176326' user='mutuka' visible='true' version='1' changeset='55665571' lat='-22.8145867' lon='-47.0611202' />
  <node id='5355361444' action='delete' timestamp='2018-01-22T20:19:10Z' uid='4176326' user='mutuka' visible='true' version='1' changeset='55665571' lat='-22.8149412' lon='-47.0610817' />
  <node id='5355361445' action='delete' timestamp='2018-01-22T20:19:10Z' uid='4176326' user='mutuka' visible='true' version='1' changeset='55665571' lat='-22.8149625' lon='-47.0613356' />
  <node id='5355361452' action='delete' timestamp='2018-01-27T19:27:24Z' uid='4176326' user='mutuka' visible='true' version='2' changeset='55812615' lat='-22.8118805' lon='-47.0634797' />
  <node id='5355361453' action='delete' timestamp='2018-01-27T19:27:24Z' uid='4176326' user='mutuka' visible='true' version='2' changeset='55812615' lat='-22.8119971' lon='-47.0627875' />
  <node id='5355361454' action='delete' timestamp='2018-01-27T19:27:24Z' uid='4176326' user='mutuka' visible='true' version='2' changeset='55812615' lat='-22.8129899' lon='-47.0629842' />
  <node id='5355361455' action='delete' timestamp='2018-01-27T19:27:24Z' uid='4176326' user='mutuka' visible='true' version='2' changeset='55812615' lat='-22.8128734' lon='-47.0636764' />
  <node id='5355361457' action='delete' timestamp='2018-01-22T20:19:11Z' uid='4176326' user='mutuka' visible='true' version='1' changeset='55665571' lat='-22.8177496' lon='-47.0612367' />
  <node id='5355361458' action='delete' timestamp='2018-01-22T20:19:11Z' uid='4176326' user='mutuka' visible='true' version='1' changeset='55665571' lat='-22.8177496' lon='-47.0612076' />
  <node id='5355361459' action='delete' timestamp='2018-01-22T20:19:11Z' uid='4176326' user='mutuka' visible='true' version='1' changeset='55665571' lat='-22.8177074' lon='-47.0612086' />
  <node id='5355361460' action='delete' timestamp='2018-01-22T20:19:11Z' uid='4176326' user='mutuka' visible='true' version='1' changeset='55665571' lat='-22.8177079' lon='-47.0610871' />
  <node id='5355361461' action='delete' timestamp='2018-01-22T20:19:11Z' uid='4176326' user='mutuka' visible='true' version='1' changeset='55665571' lat='-22.8177557' lon='-47.0610855' />
  <node id='5355361462' action='delete' timestamp='2018-01-22T20:19:11Z' uid='4176326' user='mutuka' visible='true' version='1' changeset='55665571' lat='-22.8177568' lon='-47.0610569' />
  <node id='5355361463' action='delete' timestamp='2018-01-22T20:19:11Z' uid='4176326' user='mutuka' visible='true' version='1' changeset='55665571' lat='-22.8179097' lon='-47.0610615' />
  <node id='5366584705' action='delete' timestamp='2018-01-27T19:26:55Z' uid='4176326' user='mutuka' visible='true' version='1' changeset='55812615' lat='-22.8184824' lon='-47.0630438' />
  <node id='5366584706' action='delete' timestamp='2018-01-27T19:26:55Z' uid='4176326' user='mutuka' visible='true' version='1' changeset='55812615' lat='-22.8188174' lon='-47.0628896' />
  <node id='5366584707' action='delete' timestamp='2018-01-27T19:26:55Z' uid='4176326' user='mutuka' visible='true' version='1' changeset='55812615' lat='-22.8187733' lon='-47.062777' />
  <node id='5366584708' action='delete' timestamp='2018-01-27T19:26:55Z' uid='4176326' user='mutuka' visible='true' version='1' changeset='55812615' lat='-22.8184383' lon='-47.0629312' />
  <node id='5366584921' action='delete' timestamp='2020-08-06T11:45:35Z' uid='10888604' user='Metuje' visible='true' version='2' changeset='89036819' lat='-22.8160827' lon='-47.0595477' />
  <node id='5366584922' action='delete' timestamp='2020-08-06T11:45:35Z' uid='10888604' user='Metuje' visible='true' version='2' changeset='89036819' lat='-22.8161176' lon='-47.0593506' />
  <node id='5366584923' action='delete' timestamp='2020-08-06T11:45:35Z' uid='10888604' user='Metuje' visible='true' version='2' changeset='89036819' lat='-22.8166888' lon='-47.0594697' />
  <node id='5366584924' action='delete' timestamp='2020-08-06T11:45:35Z' uid='10888604' user='Metuje' visible='true' version='2' changeset='89036819' lat='-22.8166539' lon='-47.0596667' />
  <node id='5366584925' action='delete' timestamp='2018-01-27T19:26:56Z' uid='4176326' user='mutuka' visible='true' version='1' changeset='55812615' lat='-22.8172808' lon='-47.058437' />
  <node id='5366584926' action='delete' timestamp='2018-01-27T19:26:56Z' uid='4176326' user='mutuka' visible='true' version='1' changeset='55812615' lat='-22.8173247' lon='-47.0581322' />
  <node id='5366584927' action='delete' timestamp='2018-01-27T19:26:56Z' uid='4176326' user='mutuka' visible='true' version='1' changeset='55812615' lat='-22.8164042' lon='-47.057976' />
  <node id='5366584928' action='delete' timestamp='2018-01-27T19:26:56Z' uid='4176326' user='mutuka' visible='true' version='1' changeset='55812615' lat='-22.8163602' lon='-47.0582808' />
  <node id='5366584929' action='delete' timestamp='2020-08-06T11:45:35Z' uid='10888604' user='Metuje' visible='true' version='2' changeset='89036819' lat='-22.8177787' lon='-47.0608633' />
  <node id='5366584930' action='delete' timestamp='2020-08-06T11:45:35Z' uid='10888604' user='Metuje' visible='true' version='2' changeset='89036819' lat='-22.8177898' lon='-47.0606638' />
  <node id='5366584931' action='delete' timestamp='2020-08-06T11:45:35Z' uid='10888604' user='Metuje' visible='true' version='2' changeset='89036819' lat='-22.8169396' lon='-47.0606084' />
  <node id='5366584932' action='delete' timestamp='2020-08-06T11:45:35Z' uid='10888604' user='Metuje' visible='true' version='2' changeset='89036819' lat='-22.8169286' lon='-47.0608078' />
  <node id='5366584933' action='delete' timestamp='2018-01-27T19:26:56Z' uid='4176326' user='mutuka' visible='true' version='1' changeset='55812615' lat='-22.8165542' lon='-47.0608134' />
  <node id='5366584934' action='delete' timestamp='2018-01-27T19:26:56Z' uid='4176326' user='mutuka' visible='true' version='1' changeset='55812615' lat='-22.8165547' lon='-47.0606135' />
  <node id='5366584935' action='delete' timestamp='2018-01-27T19:26:56Z' uid='4176326' user='mutuka' visible='true' version='1' changeset='55812615' lat='-22.8157029' lon='-47.0606113' />
  <node id='5366584936' action='delete' timestamp='2018-01-27T19:26:56Z' uid='4176326' user='mutuka' visible='true' version='1' changeset='55812615' lat='-22.8157025' lon='-47.0608112' />
  <node id='5366585019' action='delete' timestamp='2018-01-27T19:26:57Z' uid='4176326' user='mutuka' visible='true' version='1' changeset='55812615' lat='-22.8162604' lon='-47.0647576' />
  <node id='5366585020' action='delete' timestamp='2018-01-27T19:26:57Z' uid='4176326' user='mutuka' visible='true' version='1' changeset='55812615' lat='-22.8163556' lon='-47.0650218' />
  <node id='5366585021' action='delete' timestamp='2018-01-27T19:26:57Z' uid='4176326' user='mutuka' visible='true' version='1' changeset='55812615' lat='-22.8162541' lon='-47.0650649' />
  <node id='5366585022' action='delete' timestamp='2018-01-27T19:26:57Z' uid='4176326' user='mutuka' visible='true' version='1' changeset='55812615' lat='-22.8161589' lon='-47.0648007' />
  <node id='5366585223' action='delete' timestamp='2018-01-27T19:27:00Z' uid='4176326' user='mutuka' visible='true' version='1' changeset='55812615' lat='-22.8148929' lon='-47.063389' />
  <node id='5366585224' action='delete' timestamp='2018-01-27T19:27:00Z' uid='4176326' user='mutuka' visible='true' version='1' changeset='55812615' lat='-22.8148942' lon='-47.0630792' />
  <node id='5366585225' action='delete' timestamp='2018-01-27T19:27:00Z' uid='4176326' user='mutuka' visible='true' version='1' changeset='55812615' lat='-22.8148028' lon='-47.0630787' />
  <node id='5366585226' action='delete' timestamp='2018-01-27T19:27:00Z' uid='4176326' user='mutuka' visible='true' version='1' changeset='55812615' lat='-22.8148015' lon='-47.0633885' />
  <node id='5366585227' action='delete' timestamp='2018-01-27T19:27:00Z' uid='4176326' user='mutuka' visible='true' version='1' changeset='55812615' lat='-22.8153231' lon='-47.0632121' />
  <node id='5366585228' action='delete' timestamp='2018-01-27T19:27:00Z' uid='4176326' user='mutuka' visible='true' version='1' changeset='55812615' lat='-22.8152168' lon='-47.0627869' />
  <node id='5366585229' action='delete' timestamp='2018-01-27T19:27:00Z' uid='4176326' user='mutuka' visible='true' version='1' changeset='55812615' lat='-22.8151094' lon='-47.0628186' />
  <node id='5366585230' action='delete' timestamp='2018-01-27T19:27:00Z' uid='4176326' user='mutuka' visible='true' version='1' changeset='55812615' lat='-22.8152157' lon='-47.0632437' />
  <node id='5366585231' action='delete' timestamp='2018-01-27T19:27:00Z' uid='4176326' user='mutuka' visible='true' version='1' changeset='55812615' lat='-22.8145223' lon='-47.0637601' />
  <node id='5366585232' action='delete' timestamp='2018-01-27T19:27:00Z' uid='4176326' user='mutuka' visible='true' version='1' changeset='55812615' lat='-22.814772' lon='-47.0636341' />
  <node id='5366585233' action='delete' timestamp='2018-01-27T19:27:00Z' uid='4176326' user='mutuka' visible='true' version='1' changeset='55812615' lat='-22.8147322' lon='-47.0635413' />
  <node id='5366585234' action='delete' timestamp='2018-01-27T19:27:00Z' uid='4176326' user='mutuka' visible='true' version='1' changeset='55812615' lat='-22.8144825' lon='-47.0636674' />
  <node id='5366585235' action='delete' timestamp='2018-01-27T19:27:00Z' uid='4176326' user='mutuka' visible='true' version='1' changeset='55812615' lat='-22.8145305' lon='-47.063831' />
  <node id='5366585236' action='delete' timestamp='2018-01-27T19:27:00Z' uid='4176326' user='mutuka' visible='true' version='1' changeset='55812615' lat='-22.8144005' lon='-47.0635281' />
  <node id='5366585237' action='delete' timestamp='2018-01-27T19:27:00Z' uid='4176326' user='mutuka' visible='true' version='1' changeset='55812615' lat='-22.8143024' lon='-47.0635777' />
  <node id='5366585238' action='delete' timestamp='2018-01-27T19:27:00Z' uid='4176326' user='mutuka' visible='true' version='1' changeset='55812615' lat='-22.8144324' lon='-47.0638806' />
  <node id='5366585239' action='delete' timestamp='2018-01-27T19:27:00Z' uid='4176326' user='mutuka' visible='true' version='1' changeset='55812615' lat='-22.8141329' lon='-47.0639539' />
  <node id='5366585240' action='delete' timestamp='2018-01-27T19:27:00Z' uid='4176326' user='mutuka' visible='true' version='1' changeset='55812615' lat='-22.8143826' lon='-47.0638279' />
  <node id='5366585241' action='delete' timestamp='2018-01-27T19:27:00Z' uid='4176326' user='mutuka' visible='true' version='1' changeset='55812615' lat='-22.8143428' lon='-47.0637351' />
  <node id='5366585242' action='delete' timestamp='2018-01-27T19:27:00Z' uid='4176326' user='mutuka' visible='true' version='1' changeset='55812615' lat='-22.8140931' lon='-47.0638612' />
  <node id='5366585243' action='delete' timestamp='2018-01-27T19:27:00Z' uid='4176326' user='mutuka' visible='true' version='1' changeset='55812615' lat='-22.8140748' lon='-47.0638131' />
  <node id='5366585244' action='delete' timestamp='2018-01-27T19:27:00Z' uid='4176326' user='mutuka' visible='true' version='1' changeset='55812615' lat='-22.8143245' lon='-47.063687' />
  <node id='5366585245' action='delete' timestamp='2018-01-27T19:27:00Z' uid='4176326' user='mutuka' visible='true' version='1' changeset='55812615' lat='-22.8142847' lon='-47.0635943' />
  <node id='5366585246' action='delete' timestamp='2018-01-27T19:27:00Z' uid='4176326' user='mutuka' visible='true' version='1' changeset='55812615' lat='-22.814035' lon='-47.0637203' />
  <node id='5366585247' action='delete' timestamp='2018-01-27T19:27:01Z' uid='4176326' user='mutuka' visible='true' version='1' changeset='55812615' lat='-22.8144611' lon='-47.06362' />
  <node id='5366585248' action='delete' timestamp='2018-01-27T19:27:01Z' uid='4176326' user='mutuka' visible='true' version='1' changeset='55812615' lat='-22.8147108' lon='-47.0634939' />
  <node id='5366585249' action='delete' timestamp='2018-01-27T19:27:01Z' uid='4176326' user='mutuka' visible='true' version='1' changeset='55812615' lat='-22.814671' lon='-47.0634012' />
  <node id='5366585250' action='delete' timestamp='2018-01-27T19:27:01Z' uid='4176326' user='mutuka' visible='true' version='1' changeset='55812615' lat='-22.8144213' lon='-47.0635272' />
  <node id='5366585251' action='delete' timestamp='2018-01-27T19:27:01Z' uid='4176326' user='mutuka' visible='true' version='1' changeset='55812615' lat='-22.8140094' lon='-47.0636731' />
  <node id='5366585252' action='delete' timestamp='2018-01-27T19:27:01Z' uid='4176326' user='mutuka' visible='true' version='1' changeset='55812615' lat='-22.8142591' lon='-47.063547' />
  <node id='5366585253' action='delete' timestamp='2018-01-27T19:27:01Z' uid='4176326' user='mutuka' visible='true' version='1' changeset='55812615' lat='-22.8142193' lon='-47.0634542' />
  <node id='5366585254' action='delete' timestamp='2018-01-27T19:27:01Z' uid='4176326' user='mutuka' visible='true' version='1' changeset='55812615' lat='-22.8139696' lon='-47.0635803' />
  <node id='5366585255' action='delete' timestamp='2018-01-27T19:27:01Z' uid='4176326' user='mutuka' visible='true' version='1' changeset='55812615' lat='-22.8170055' lon='-47.0630602' />
  <node id='5366585256' action='delete' timestamp='2018-01-27T19:27:01Z' uid='4176326' user='mutuka' visible='true' version='1' changeset='55812615' lat='-22.8170092' lon='-47.0628268' />
  <node id='5366585257' action='delete' timestamp='2018-01-27T19:27:01Z' uid='4176326' user='mutuka' visible='true' version='1' changeset='55812615' lat='-22.8169271' lon='-47.0628253' />
  <node id='5366585258' action='delete' timestamp='2018-01-27T19:27:01Z' uid='4176326' user='mutuka' visible='true' version='1' changeset='55812615' lat='-22.8169234' lon='-47.0630586' />
  <node id='5366585259' action='delete' timestamp='2018-01-27T19:27:01Z' uid='4176326' user='mutuka' visible='true' version='1' changeset='55812615' lat='-22.8170112' lon='-47.0627713' />
  <node id='5366585260' action='delete' timestamp='2018-01-27T19:27:01Z' uid='4176326' user='mutuka' visible='true' version='1' changeset='55812615' lat='-22.8170118' lon='-47.062611' />
  <node id='5366585261' action='delete' timestamp='2018-01-27T19:27:01Z' uid='4176326' user='mutuka' visible='true' version='1' changeset='55812615' lat='-22.8169327' lon='-47.0626107' />
  <node id='5366585262' action='delete' timestamp='2018-01-27T19:27:01Z' uid='4176326' user='mutuka' visible='true' version='1' changeset='55812615' lat='-22.8169321' lon='-47.0627709' />
  <node id='5366585263' action='delete' timestamp='2018-01-27T19:27:01Z' uid='4176326' user='mutuka' visible='true' version='1' changeset='55812615' lat='-22.816126' lon='-47.061828' />
  <node id='5366585264' action='delete' timestamp='2018-01-27T19:27:01Z' uid='4176326' user='mutuka' visible='true' version='1' changeset='55812615' lat='-22.816125' lon='-47.0617812' />
  <node id='5366585265' action='delete' timestamp='2018-01-27T19:27:01Z' uid='4176326' user='mutuka' visible='true' version='1' changeset='55812615' lat='-22.8162289' lon='-47.0617785' />
  <node id='5366585266' action='delete' timestamp='2018-01-27T19:27:01Z' uid='4176326' user='mutuka' visible='true' version='1' changeset='55812615' lat='-22.8162298' lon='-47.0618197' />
  <node id='5366585267' action='delete' timestamp='2018-01-27T19:27:01Z' uid='4176326' user='mutuka' visible='true' version='1' changeset='55812615' lat='-22.8163527' lon='-47.0618165' />
  <node id='5366585268' action='delete' timestamp='2018-01-27T19:27:01Z' uid='4176326' user='mutuka' visible='true' version='1' changeset='55812615' lat='-22.8163518' lon='-47.0617762' />
  <node id='5366585269' action='delete' timestamp='2018-01-27T19:27:01Z' uid='4176326' user='mutuka' visible='true' version='1' changeset='55812615' lat='-22.8163738' lon='-47.0617756' />
  <node id='5366585270' action='delete' timestamp='2018-01-27T19:27:01Z' uid='4176326' user='mutuka' visible='true' version='1' changeset='55812615' lat='-22.8163704' lon='-47.0616221' />
  <node id='5366585271' action='delete' timestamp='2018-01-27T19:27:01Z' uid='4176326' user='mutuka' visible='true' version='1' changeset='55812615' lat='-22.8162587' lon='-47.0616251' />
  <node id='5366585272' action='delete' timestamp='2018-01-27T19:27:01Z' uid='4176326' user='mutuka' visible='true' version='1' changeset='55812615' lat='-22.8162582' lon='-47.0616019' />
  <node id='5366585273' action='delete' timestamp='2018-01-27T19:27:01Z' uid='4176326' user='mutuka' visible='true' version='1' changeset='55812615' lat='-22.8160856' lon='-47.0616065' />
  <node id='5366585274' action='delete' timestamp='2018-01-27T19:27:01Z' uid='4176326' user='mutuka' visible='true' version='1' changeset='55812615' lat='-22.8160862' lon='-47.0616309' />
  <node id='5366585275' action='delete' timestamp='2018-01-27T19:27:01Z' uid='4176326' user='mutuka' visible='true' version='1' changeset='55812615' lat='-22.8159767' lon='-47.0616338' />
  <node id='5366585276' action='delete' timestamp='2018-01-27T19:27:01Z' uid='4176326' user='mutuka' visible='true' version='1' changeset='55812615' lat='-22.8159801' lon='-47.0617863' />
  <node id='5366585277' action='delete' timestamp='2018-01-27T19:27:01Z' uid='4176326' user='mutuka' visible='true' version='1' changeset='55812615' lat='-22.8160119' lon='-47.0617855' />
  <node id='5366585278' action='delete' timestamp='2018-01-27T19:27:01Z' uid='4176326' user='mutuka' visible='true' version='1' changeset='55812615' lat='-22.8160129' lon='-47.061831' />
  <node id='5366585279' action='delete' timestamp='2018-01-27T19:27:01Z' uid='4176326' user='mutuka' visible='true' version='1' changeset='55812615' lat='-22.8167501' lon='-47.0617123' />
  <node id='5366585280' action='delete' timestamp='2018-01-27T19:27:01Z' uid='4176326' user='mutuka' visible='true' version='1' changeset='55812615' lat='-22.8168122' lon='-47.0617075' />
  <node id='5366585281' action='delete' timestamp='2018-01-27T19:27:01Z' uid='4176326' user='mutuka' visible='true' version='1' changeset='55812615' lat='-22.8168141' lon='-47.0617735' />
  <node id='5366585282' action='delete' timestamp='2018-01-27T19:27:01Z' uid='4176326' user='mutuka' visible='true' version='1' changeset='55812615' lat='-22.8167519' lon='-47.0617755' />
  <node id='5366585283' action='delete' timestamp='2018-01-27T19:27:01Z' uid='4176326' user='mutuka' visible='true' version='1' changeset='55812615' lat='-22.8168903' lon='-47.0617049' />
  <node id='5366585284' action='delete' timestamp='2018-01-27T19:27:01Z' uid='4176326' user='mutuka' visible='true' version='1' changeset='55812615' lat='-22.81653' lon='-47.0622025' />
  <node id='5366585285' action='delete' timestamp='2018-01-27T19:27:01Z' uid='4176326' user='mutuka' visible='true' version='1' changeset='55812615' lat='-22.8165162' lon='-47.0617201' />
  <node id='5366585286' action='delete' timestamp='2018-01-27T19:27:01Z' uid='4176326' user='mutuka' visible='true' version='1' changeset='55812615' lat='-22.8168868' lon='-47.0615826' />
  <node id='5366585287' action='delete' timestamp='2018-01-27T19:27:01Z' uid='4176326' user='mutuka' visible='true' version='1' changeset='55812615' lat='-22.8163918' lon='-47.0615993' />
  <node id='5366585288' action='delete' timestamp='2018-01-27T19:27:01Z' uid='4176326' user='mutuka' visible='true' version='1' changeset='55812615' lat='-22.8164092' lon='-47.0622066' />
  <node id='5366585289' action='delete' timestamp='2018-01-27T19:27:01Z' uid='4176326' user='mutuka' visible='true' version='1' changeset='55812615' lat='-22.8175902' lon='-47.0621414' />
  <node id='5366585290' action='delete' timestamp='2018-01-27T19:27:01Z' uid='4176326' user='mutuka' visible='true' version='1' changeset='55812615' lat='-22.8176918' lon='-47.0621426' />
  <node id='5366585291' action='delete' timestamp='2018-01-27T19:27:01Z' uid='4176326' user='mutuka' visible='true' version='1' changeset='55812615' lat='-22.8176884' lon='-47.0619394' />
  <node id='5366585436' action='delete' timestamp='2018-01-27T19:27:02Z' uid='4176326' user='mutuka' visible='true' version='1' changeset='55812615' lat='-22.8179282' lon='-47.0584034' />
  <node id='5366585437' action='delete' timestamp='2018-01-27T19:27:02Z' uid='4176326' user='mutuka' visible='true' version='1' changeset='55812615' lat='-22.8179134' lon='-47.0584215' />
  <node id='5366585438' action='delete' timestamp='2018-01-27T19:27:02Z' uid='4176326' user='mutuka' visible='true' version='1' changeset='55812615' lat='-22.8178937' lon='-47.058433' />
  <node id='5366585439' action='delete' timestamp='2018-01-27T19:27:02Z' uid='4176326' user='mutuka' visible='true' version='1' changeset='55812615' lat='-22.8178716' lon='-47.0584366' />
  <node id='5366585440' action='delete' timestamp='2018-01-27T19:27:02Z' uid='4176326' user='mutuka' visible='true' version='1' changeset='55812615' lat='-22.8178497' lon='-47.0584317' />
  <node id='5366585441' action='delete' timestamp='2018-01-27T19:27:02Z' uid='4176326' user='mutuka' visible='true' version='1' changeset='55812615' lat='-22.8178307' lon='-47.058419' />
  <node id='5366585442' action='delete' timestamp='2018-01-27T19:27:02Z' uid='4176326' user='mutuka' visible='true' version='1' changeset='55812615' lat='-22.8178168' lon='-47.0583999' />
  <node id='5366585443' action='delete' timestamp='2018-01-27T19:27:02Z' uid='4176326' user='mutuka' visible='true' version='1' changeset='55812615' lat='-22.8178097' lon='-47.0583769' />
  <node id='5366585444' action='delete' timestamp='2018-01-27T19:27:02Z' uid='4176326' user='mutuka' visible='true' version='1' changeset='55812615' lat='-22.8178186' lon='-47.0583301' />
  <node id='5366585445' action='delete' timestamp='2018-01-27T19:27:02Z' uid='4176326' user='mutuka' visible='true' version='1' changeset='55812615' lat='-22.8178335' lon='-47.058312' />
  <node id='5366585446' action='delete' timestamp='2018-01-27T19:27:02Z' uid='4176326' user='mutuka' visible='true' version='1' changeset='55812615' lat='-22.8178531' lon='-47.0583005' />
  <node id='5366585447' action='delete' timestamp='2018-01-27T19:27:02Z' uid='4176326' user='mutuka' visible='true' version='1' changeset='55812615' lat='-22.8178753' lon='-47.058297' />
  <node id='5366585448' action='delete' timestamp='2018-01-27T19:27:02Z' uid='4176326' user='mutuka' visible='true' version='1' changeset='55812615' lat='-22.8178972' lon='-47.0583018' />
  <node id='5366585449' action='delete' timestamp='2018-01-27T19:27:02Z' uid='4176326' user='mutuka' visible='true' version='1' changeset='55812615' lat='-22.8179162' lon='-47.0583146' />
  <node id='5366585450' action='delete' timestamp='2018-01-27T19:27:02Z' uid='4176326' user='mutuka' visible='true' version='1' changeset='55812615' lat='-22.8179301' lon='-47.0583336' />
  <node id='5366585451' action='delete' timestamp='2018-01-27T19:27:02Z' uid='4176326' user='mutuka' visible='true' version='1' changeset='55812615' lat='-22.8179371' lon='-47.0583566' />
  <node id='5366585452' action='delete' timestamp='2018-01-27T19:27:02Z' uid='4176326' user='mutuka' visible='true' version='1' changeset='55812615' lat='-22.8179365' lon='-47.0583808' />
  <node id='5366585453' action='delete' timestamp='2018-01-27T19:27:02Z' uid='4176326' user='mutuka' visible='true' version='1' changeset='55812615' lat='-22.8178104' lon='-47.0583527' />
  <node id='5366585454' action='delete' timestamp='2018-01-27T19:27:02Z' uid='4176326' user='mutuka' visible='true' version='1' changeset='55812615' lat='-22.8176125' lon='-47.0612897' />
  <node id='5366585455' action='delete' timestamp='2018-01-27T19:27:02Z' uid='4176326' user='mutuka' visible='true' version='1' changeset='55812615' lat='-22.8176121' lon='-47.0613763' />
  <node id='5366585456' action='delete' timestamp='2018-01-27T19:27:02Z' uid='4176326' user='mutuka' visible='true' version='1' changeset='55812615' lat='-22.8175533' lon='-47.061051' />
  <node id='5366585457' action='delete' timestamp='2018-01-27T19:27:02Z' uid='4176326' user='mutuka' visible='true' version='1' changeset='55812615' lat='-22.8176917' lon='-47.061051' />
  <node id='5366585458' action='delete' timestamp='2018-01-27T19:27:02Z' uid='4176326' user='mutuka' visible='true' version='1' changeset='55812615' lat='-22.8176917' lon='-47.0612884' />
  <node id='5366585459' action='delete' timestamp='2018-01-27T19:27:02Z' uid='4176326' user='mutuka' visible='true' version='1' changeset='55812615' lat='-22.8175533' lon='-47.0612884' />
  <node id='5366585460' action='delete' timestamp='2018-01-27T19:27:02Z' uid='4176326' user='mutuka' visible='true' version='1' changeset='55812615' lat='-22.8175503' lon='-47.0615236' />
  <node id='5366585461' action='delete' timestamp='2018-01-27T19:27:02Z' uid='4176326' user='mutuka' visible='true' version='1' changeset='55812615' lat='-22.8175512' lon='-47.0612894' />
  <node id='5366585462' action='delete' timestamp='2018-01-27T19:27:02Z' uid='4176326' user='mutuka' visible='true' version='1' changeset='55812615' lat='-22.8178824' lon='-47.0613775' />
  <node id='5366585463' action='delete' timestamp='2018-01-27T19:27:02Z' uid='4176326' user='mutuka' visible='true' version='1' changeset='55812615' lat='-22.8178818' lon='-47.0615252' />
  <node id='5366585464' action='delete' timestamp='2018-01-27T19:27:02Z' uid='4176326' user='mutuka' visible='true' version='1' changeset='55812615' lat='-22.8176347' lon='-47.0641638' />
  <node id='5366585465' action='delete' timestamp='2018-01-27T19:27:02Z' uid='4176326' user='mutuka' visible='true' version='1' changeset='55812615' lat='-22.81716' lon='-47.0641531' />
  <node id='5366585466' action='delete' timestamp='2018-01-27T19:27:02Z' uid='4176326' user='mutuka' visible='true' version='1' changeset='55812615' lat='-22.8171577' lon='-47.0642737' />
  <node id='5366585467' action='delete' timestamp='2018-01-27T19:27:02Z' uid='4176326' user='mutuka' visible='true' version='1' changeset='55812615' lat='-22.8176324' lon='-47.0642844' />
  <node id='5366585468' action='delete' timestamp='2018-01-27T19:27:02Z' uid='4176326' user='mutuka' visible='true' version='1' changeset='55812615' lat='-22.8173907' lon='-47.0644713' />
  <node id='5366585469' action='delete' timestamp='2018-01-27T19:27:02Z' uid='4176326' user='mutuka' visible='true' version='1' changeset='55812615' lat='-22.8173882' lon='-47.0643801' />
  <node id='5366585470' action='delete' timestamp='2018-01-27T19:27:02Z' uid='4176326' user='mutuka' visible='true' version='1' changeset='55812615' lat='-22.8172368' lon='-47.064385' />
  <node id='5366585471' action='delete' timestamp='2018-01-27T19:27:02Z' uid='4176326' user='mutuka' visible='true' version='1' changeset='55812615' lat='-22.8172393' lon='-47.0644762' />
  <node id='5411358689' action='delete' timestamp='2022-04-24T15:33:00Z' uid='10661323' user='Thiago AG' visible='true' version='2' changeset='120129049' lat='-22.8183609' lon='-47.051576' />
  <node id='5411358693' action='delete' timestamp='2018-02-14T03:00:24Z' uid='5203793' user='shakra144' visible='true' version='1' changeset='56340247' lat='-22.8184259' lon='-47.0518097' />
  <node id='5411360242' action='delete' timestamp='2020-08-20T11:49:52Z' uid='10888604' user='Metuje' visible='true' version='2' changeset='89689863' lat='-22.8248303' lon='-47.0589575' />
  <node id='5411360247' action='delete' timestamp='2018-02-14T03:00:25Z' uid='5203793' user='shakra144' visible='true' version='1' changeset='56340247' lat='-22.8298556' lon='-47.0580539' />
  <node id='5411360248' action='delete' timestamp='2018-02-14T03:00:25Z' uid='5203793' user='shakra144' visible='true' version='1' changeset='56340247' lat='-22.8294692' lon='-47.058087' />
  <node id='5411360249' action='delete' timestamp='2018-02-14T03:00:25Z' uid='5203793' user='shakra144' visible='true' version='1' changeset='56340247' lat='-22.8283076' lon='-47.0595668' />
  <node id='5411360250' action='delete' timestamp='2018-02-14T03:00:25Z' uid='5203793' user='shakra144' visible='true' version='1' changeset='56340247' lat='-22.8275507' lon='-47.0601766' />
  <node id='5417654843' action='delete' timestamp='2020-08-06T11:45:35Z' uid='10888604' user='Metuje' visible='true' version='2' changeset='89036819' lat='-22.8156657' lon='-47.0593137' />
  <node id='5417654844' action='delete' timestamp='2020-08-06T11:45:35Z' uid='10888604' user='Metuje' visible='true' version='2' changeset='89036819' lat='-22.8156369' lon='-47.0594673' />
  <node id='5417654845' action='delete' timestamp='2020-08-06T11:45:35Z' uid='10888604' user='Metuje' visible='true' version='2' changeset='89036819' lat='-22.8152253' lon='-47.0594097' />
  <node id='5417654846' action='delete' timestamp='2020-08-06T11:45:35Z' uid='10888604' user='Metuje' visible='true' version='2' changeset='89036819' lat='-22.8152496' lon='-47.0592441' />
  <node id='5418740570' action='delete' timestamp='2020-08-06T11:45:35Z' uid='10888604' user='Metuje' visible='true' version='2' changeset='89036819' lat='-22.8139774' lon='-47.0647135' />
  <node id='5418740571' action='delete' timestamp='2020-08-06T11:45:35Z' uid='10888604' user='Metuje' visible='true' version='2' changeset='89036819' lat='-22.8141932' lon='-47.065322' />
  <node id='5418740572' action='delete' timestamp='2020-08-06T11:45:35Z' uid='10888604' user='Metuje' visible='true' version='2' changeset='89036819' lat='-22.8144509' lon='-47.065196' />
  <node id='5418740573' action='delete' timestamp='2020-08-06T11:45:35Z' uid='10888604' user='Metuje' visible='true' version='2' changeset='89036819' lat='-22.8142117' lon='-47.0645998' />
  <node id='5418740574' timestamp='2018-02-17T18:32:20Z' uid='5203793' user='shakra144' visible='true' version='1' changeset='56447105' lat='-22.8141994' lon='-47.0644789' />
  <node id='5418740575' action='delete' timestamp='2020-08-27T12:16:04Z' uid='10653302' user='HangingLake' visible='true' version='3' changeset='90026850' lat='-22.8141921' lon='-47.0646495' />
  <node id='5418740576' action='delete' timestamp='2020-08-06T11:45:35Z' uid='10888604' user='Metuje' visible='true' version='2' changeset='89036819' lat='-22.8140518' lon='-47.0647443' />
  <node id='5418740577' action='delete' timestamp='2020-08-06T11:45:35Z' uid='10888604' user='Metuje' visible='true' version='2' changeset='89036819' lat='-22.814231' lon='-47.0652397' />
  <node id='5418740578' action='delete' timestamp='2020-08-06T11:45:35Z' uid='10888604' user='Metuje' visible='true' version='2' changeset='89036819' lat='-22.814386' lon='-47.0651851' />
  <node id='5418740579' action='delete' timestamp='2018-02-17T18:32:20Z' uid='5203793' user='shakra144' visible='true' version='1' changeset='56447105' lat='-22.8149506' lon='-47.0643067' />
  <node id='5418740580' action='delete' timestamp='2018-02-17T18:32:20Z' uid='5203793' user='shakra144' visible='true' version='1' changeset='56447105' lat='-22.8147805' lon='-47.0643849' />
  <node id='5418740581' action='delete' timestamp='2018-02-17T18:32:20Z' uid='5203793' user='shakra144' visible='true' version='1' changeset='56447105' lat='-22.8147181' lon='-47.0642285' />
  <node id='5418740582' action='delete' timestamp='2018-02-17T18:32:20Z' uid='5203793' user='shakra144' visible='true' version='1' changeset='56447105' lat='-22.8148903' lon='-47.0641468' />
  <node id='5418740583' action='delete' timestamp='2018-02-17T18:32:20Z' uid='5203793' user='shakra144' visible='true' version='1' changeset='56447105' lat='-22.8146945' lon='-47.0644199' />
  <node id='5418740584' action='delete' timestamp='2018-02-17T18:32:20Z' uid='5203793' user='shakra144' visible='true' version='1' changeset='56447105' lat='-22.8146353' lon='-47.064267' />
  <node id='5418740585' action='delete' timestamp='2018-02-17T18:32:20Z' uid='5203793' user='shakra144' visible='true' version='1' changeset='56447105' lat='-22.81449' lon='-47.0643476' />
  <node id='5418740586' action='delete' timestamp='2018-02-17T18:32:20Z' uid='5203793' user='shakra144' visible='true' version='1' changeset='56447105' lat='-22.8143533' lon='-47.064448' />
  <node id='5418740587' action='delete' timestamp='2018-02-17T18:32:21Z' uid='5203793' user='shakra144' visible='true' version='1' changeset='56447105' lat='-22.8143221' lon='-47.064483' />
  <node id='5418740588' action='delete' timestamp='2018-02-17T18:32:21Z' uid='5203793' user='shakra144' visible='true' version='1' changeset='56447105' lat='-22.8143587' lon='-47.0645776' />
  <node id='5418740589' action='delete' timestamp='2023-02-28T01:29:17Z' uid='16547666' user='AzuisRiver' visible='true' version='2' changeset='133109442' lat='-22.8145874' lon='-47.0643763' />
  <node id='5418740590' action='delete' timestamp='2018-02-17T18:32:21Z' uid='5203793' user='shakra144' visible='true' version='1' changeset='56447105' lat='-22.8143576' lon='-47.0644888' />
  <node id='5418740591' action='delete' timestamp='2018-02-17T18:32:21Z' uid='5203793' user='shakra144' visible='true' version='1' changeset='56447105' lat='-22.81448' lon='-47.0644262' />
  <node id='5418740592' timestamp='2018-02-17T18:32:21Z' uid='5203793' user='shakra144' visible='true' version='1' changeset='56447105' lat='-22.8144331' lon='-47.0643168' />
  <node id='5418740593' timestamp='2018-02-17T18:32:21Z' uid='5203793' user='shakra144' visible='true' version='1' changeset='56447105' lat='-22.8147407' lon='-47.0641245' />
  <node id='5418740594' action='delete' timestamp='2021-08-16T06:21:47Z' uid='12205092' user='EikaIsland' visible='true' version='2' changeset='109728223' lat='-22.8148457' lon='-47.0642709' />
  <node id='5418740595' action='delete' timestamp='2020-12-29T09:27:00Z' uid='10653060' user='Condado' visible='true' version='2' changeset='96587670' lat='-22.8148709' lon='-47.0642427' />
  <node id='5418740596' timestamp='2018-02-17T18:32:21Z' uid='5203793' user='shakra144' visible='true' version='1' changeset='56447105' lat='-22.8165628' lon='-47.062513' />
  <node id='5418740597' action='delete' timestamp='2018-02-17T18:32:21Z' uid='5203793' user='shakra144' visible='true' version='1' changeset='56447105' lat='-22.8166607' lon='-47.0623198' />
  <node id='5418740598' action='delete' timestamp='2018-02-17T18:32:21Z' uid='5203793' user='shakra144' visible='true' version='1' changeset='56447105' lat='-22.8167502' lon='-47.0621981' />
  <node id='5418740599' action='delete' timestamp='2021-05-10T16:31:34Z' uid='12781306' user='LumosMaxima1' visible='true' version='2' changeset='104464437' lat='-22.8168645' lon='-47.0620772' />
  <node id='5418740600' action='delete' timestamp='2021-05-10T16:31:34Z' uid='12781306' user='LumosMaxima1' visible='true' version='2' changeset='104464437' lat='-22.8168525' lon='-47.061928' />
  <node id='5418740601' action='delete' timestamp='2021-05-10T16:31:34Z' uid='12781306' user='LumosMaxima1' visible='true' version='2' changeset='104464437' lat='-22.8166882' lon='-47.0619368' />
  <node id='5418740602' action='delete' timestamp='2021-05-10T16:31:34Z' uid='12781306' user='LumosMaxima1' visible='true' version='2' changeset='104464437' lat='-22.8166809' lon='-47.0622689' />
  <node id='5418740603' action='delete' timestamp='2018-02-17T18:32:21Z' uid='5203793' user='shakra144' visible='true' version='1' changeset='56447105' lat='-22.816599' lon='-47.062223' />
  <node id='5418740604' action='delete' timestamp='2018-02-17T18:32:21Z' uid='5203793' user='shakra144' visible='true' version='1' changeset='56447105' lat='-22.8167625' lon='-47.062223' />
  <node id='5418740605' action='delete' timestamp='2018-02-17T18:32:21Z' uid='5203793' user='shakra144' visible='true' version='1' changeset='56447105' lat='-22.8168841' lon='-47.0621004' />
  <node id='5418740606' action='delete' timestamp='2018-02-17T18:32:21Z' uid='5203793' user='shakra144' visible='true' version='1' changeset='56447105' lat='-22.8169498' lon='-47.0620981' />
  <node id='5418740607' action='delete' timestamp='2018-02-17T18:32:21Z' uid='5203793' user='shakra144' visible='true' version='1' changeset='56447105' lat='-22.8169455' lon='-47.0618868' />
  <node id='5418740608' action='delete' timestamp='2018-02-17T18:32:21Z' uid='5203793' user='shakra144' visible='true' version='1' changeset='56447105' lat='-22.8165893' lon='-47.0618949' />
  <node id='5418740609' timestamp='2020-08-06T11:45:35Z' uid='10888604' user='Metuje' visible='true' version='2' changeset='89036819' lat='-22.8157744' lon='-47.0609155' />
  <node id='5418740610' timestamp='2020-08-06T11:45:35Z' uid='10888604' user='Metuje' visible='true' version='2' changeset='89036819' lat='-22.815809' lon='-47.0606949' />
  <node id='5418740611' timestamp='2020-08-06T11:45:35Z' uid='10888604' user='Metuje' visible='true' version='2' changeset='89036819' lat='-22.816463' lon='-47.0607103' />
  <node id='5418740612' timestamp='2018-02-17T18:32:21Z' uid='5203793' user='shakra144' visible='true' version='1' changeset='56447105' lat='-22.8164579' lon='-47.0609209' />
  <node id='5418740613' timestamp='2020-08-06T11:45:35Z' uid='10888604' user='Metuje' visible='true' version='2' changeset='89036819' lat='-22.8170353' lon='-47.0609263' />
  <node id='5418740614' timestamp='2020-08-06T11:45:35Z' uid='10888604' user='Metuje' visible='true' version='2' changeset='89036819' lat='-22.8170478' lon='-47.0607115' />
  <node id='5418740615' timestamp='2020-08-06T11:45:35Z' uid='10888604' user='Metuje' visible='true' version='2' changeset='89036819' lat='-22.817701' lon='-47.0607533' />
  <node id='5418740616' timestamp='2020-08-06T11:45:35Z' uid='10888604' user='Metuje' visible='true' version='2' changeset='89036819' lat='-22.8176945' lon='-47.0609628' />
  <node id='5418740617' timestamp='2021-05-07T23:29:37Z' uid='12781306' user='LumosMaxima1' visible='true' version='3' changeset='104344636' lat='-22.8173881' lon='-47.0595263' />
  <node id='5418740618' action='delete' timestamp='2021-05-07T23:29:37Z' uid='12781306' user='LumosMaxima1' visible='true' version='3' changeset='104344636' lat='-22.8173338' lon='-47.059723' />
  <node id='5418740619' action='delete' timestamp='2021-05-07T23:29:37Z' uid='12781306' user='LumosMaxima1' visible='true' version='3' changeset='104344636' lat='-22.8170527' lon='-47.0596672' />
  <node id='5418740620' timestamp='2021-05-07T23:29:37Z' uid='12781306' user='LumosMaxima1' visible='true' version='3' changeset='104344636' lat='-22.8170665' lon='-47.0594708' />
  <node id='5418740621' action='delete' timestamp='2020-08-06T11:45:35Z' uid='10888604' user='Metuje' visible='true' version='2' changeset='89036819' lat='-22.816882' lon='-47.0597005' />
  <node id='5418740622' action='delete' timestamp='2020-08-06T11:45:35Z' uid='10888604' user='Metuje' visible='true' version='2' changeset='89036819' lat='-22.817416' lon='-47.0598022' />
  <node id='5418740623' action='delete' timestamp='2020-08-06T11:45:35Z' uid='10888604' user='Metuje' visible='true' version='2' changeset='89036819' lat='-22.8174516' lon='-47.0596314' />
  <node id='5418740624' action='delete' timestamp='2020-08-06T11:45:35Z' uid='10888604' user='Metuje' visible='true' version='2' changeset='89036819' lat='-22.8169101' lon='-47.0595278' />
  <node id='5418740625' timestamp='2021-05-07T23:29:37Z' uid='12781306' user='LumosMaxima1' visible='true' version='3' changeset='104344636' lat='-22.8166232' lon='-47.0593946' />
  <node id='5418740626' action='delete' timestamp='2021-05-07T23:29:37Z' uid='12781306' user='LumosMaxima1' visible='true' version='3' changeset='104344636' lat='-22.8165951' lon='-47.059542' />
  <node id='5418740627' action='delete' timestamp='2021-05-07T23:29:37Z' uid='12781306' user='LumosMaxima1' visible='true' version='3' changeset='104344636' lat='-22.8162606' lon='-47.0594589' />
  <node id='5418740628' timestamp='2021-05-07T23:29:37Z' uid='12781306' user='LumosMaxima1' visible='true' version='3' changeset='104344636' lat='-22.8162844' lon='-47.0593271' />
  <node id='5418740629' action='delete' timestamp='2021-02-20T23:20:44Z' uid='1856060' user='patodiez' visible='true' version='2' changeset='99663646' lat='-22.816276' lon='-47.0580422' />
  <node id='5418740630' action='delete' timestamp='2020-08-06T11:45:35Z' uid='10888604' user='Metuje' visible='true' version='2' changeset='89036819' lat='-22.8172547' lon='-47.0581762' />
  <node id='5418740631' action='delete' timestamp='2020-08-06T11:45:35Z' uid='10888604' user='Metuje' visible='true' version='2' changeset='89036819' lat='-22.81722' lon='-47.0583644' />
  <node id='5418740632' action='delete' timestamp='2020-08-06T11:45:35Z' uid='10888604' user='Metuje' visible='true' version='2' changeset='89036819' lat='-22.8164134' lon='-47.0582475' />
  <node id='5418740633' action='delete' timestamp='2020-08-06T11:45:35Z' uid='10888604' user='Metuje' visible='true' version='2' changeset='89036819' lat='-22.8164264' lon='-47.058071' />
  <node id='5418740634' action='delete' timestamp='2018-02-17T18:32:21Z' uid='5203793' user='shakra144' visible='true' version='1' changeset='56447105' lat='-22.817346' lon='-47.0581387' />
  <node id='5418740635' timestamp='2021-05-07T23:29:37Z' uid='12781306' user='LumosMaxima1' visible='true' version='4' changeset='104344636' lat='-22.8180326' lon='-47.0583791' />
  <node id='5418740636' timestamp='2021-05-06T23:36:36Z' uid='12781306' user='LumosMaxima1' visible='true' version='3' changeset='104278102' lat='-22.8153589' lon='-47.0591613' />
  <node id='5418740637' action='delete' timestamp='2020-08-06T11:45:35Z' uid='10888604' user='Metuje' visible='true' version='2' changeset='89036819' lat='-22.8153486' lon='-47.0593585' />
  <node id='5418740638' action='delete' timestamp='2020-08-06T11:45:35Z' uid='10888604' user='Metuje' visible='true' version='2' changeset='89036819' lat='-22.8155692' lon='-47.0593719' />
  <node id='5418740639' timestamp='2021-05-06T23:36:36Z' uid='12781306' user='LumosMaxima1' visible='true' version='3' changeset='104278102' lat='-22.8155848' lon='-47.0591985' />
  <node id='5418740640' action='delete' timestamp='2020-08-27T07:04:29Z' uid='10653302' user='HangingLake' visible='true' version='3' changeset='90008548' lat='-22.8143902' lon='-47.0607935' />
  <node id='5418740641' action='delete' timestamp='2020-08-27T07:04:29Z' uid='10653302' user='HangingLake' visible='true' version='3' changeset='90008548' lat='-22.8146102' lon='-47.0608062' />
  <node id='5418740642' timestamp='2020-08-27T07:04:29Z' uid='10653302' user='HangingLake' visible='true' version='3' changeset='90008548' lat='-22.8146213' lon='-47.0609895' />
  <node id='5418740643' action='delete' timestamp='2018-02-17T18:32:21Z' uid='5203793' user='shakra144' visible='true' version='1' changeset='56447105' lat='-22.8143214' lon='-47.0608927' />
  <node id='5418740644' action='delete' timestamp='2018-02-17T18:32:21Z' uid='5203793' user='shakra144' visible='true' version='1' changeset='56447105' lat='-22.8147749' lon='-47.0608608' />
  <node id='5418740645' action='delete' timestamp='2018-02-17T18:32:21Z' uid='5203793' user='shakra144' visible='true' version='1' changeset='56447105' lat='-22.8147732' lon='-47.0606768' />
  <node id='5418740646' action='delete' timestamp='2018-02-17T18:32:22Z' uid='5203793' user='shakra144' visible='true' version='1' changeset='56447105' lat='-22.8143149' lon='-47.0607033' />
  <node id='5418740647' timestamp='2018-02-17T18:32:22Z' uid='5203793' user='shakra144' visible='true' version='1' changeset='56447105' lat='-22.8179848' lon='-47.0601973' />
  <node id='5418740648' action='delete' timestamp='2018-02-17T18:32:22Z' uid='5203793' user='shakra144' visible='true' version='1' changeset='56447105' lat='-22.8175513' lon='-47.0601757' />
  <node id='5418740649' action='delete' timestamp='2018-02-17T18:32:22Z' uid='5203793' user='shakra144' visible='true' version='1' changeset='56447105' lat='-22.8170099' lon='-47.0601542' />
  <node id='5418740650' action='delete' timestamp='2024-01-11T16:09:26Z' uid='10661323' user='Thiago AG' visible='true' version='2' changeset='146149923' lat='-22.8164759' lon='-47.0601563' />
  <node id='5418740652' action='delete' timestamp='2024-01-11T16:09:26Z' uid='10661323' user='Thiago AG' visible='true' version='2' changeset='146149923' lat='-22.8160261' lon='-47.0601429' />
  <node id='5418740654' timestamp='2018-02-17T18:32:22Z' uid='5203793' user='shakra144' visible='true' version='1' changeset='56447105' lat='-22.8172598' lon='-47.0625582' />
  <node id='5418740655' action='delete' timestamp='2018-02-17T18:32:22Z' uid='5203793' user='shakra144' visible='true' version='1' changeset='56447105' lat='-22.817245' lon='-47.0627116' />
  <node id='5418740656' action='delete' timestamp='2021-05-10T16:31:34Z' uid='12781306' user='LumosMaxima1' visible='true' version='2' changeset='104464437' lat='-22.8171831' lon='-47.0628214' />
  <node id='5418740657' action='delete' timestamp='2021-05-10T16:31:34Z' uid='12781306' user='LumosMaxima1' visible='true' version='3' changeset='104464437' lat='-22.8171373' lon='-47.0634138' />
  <node id='5418740658' action='delete' timestamp='2021-05-10T16:31:34Z' uid='12781306' user='LumosMaxima1' visible='true' version='3' changeset='104464437' lat='-22.817255' lon='-47.0634243' />
  <node id='5418740659' action='delete' timestamp='2021-05-10T16:31:34Z' uid='12781306' user='LumosMaxima1' visible='true' version='3' changeset='104464437' lat='-22.8173356' lon='-47.062845' />
  <node id='5418740660' action='delete' timestamp='2021-05-10T16:31:34Z' uid='12781306' user='LumosMaxima1' visible='true' version='3' changeset='104464437' lat='-22.8173061' lon='-47.0627866' />
  <node id='5418740661' action='delete' timestamp='2018-02-17T18:32:22Z' uid='5203793' user='shakra144' visible='true' version='1' changeset='56447105' lat='-22.8170818' lon='-47.0634407' />
  <node id='5418740662' action='delete' timestamp='2018-02-17T18:32:22Z' uid='5203793' user='shakra144' visible='true' version='1' changeset='56447105' lat='-22.8173167' lon='-47.0634796' />
  <node id='5418740663' action='delete' timestamp='2018-02-17T18:32:22Z' uid='5203793' user='shakra144' visible='true' version='1' changeset='56447105' lat='-22.8173706' lon='-47.0628214' />
  <node id='5418740664' action='delete' timestamp='2018-02-17T18:32:22Z' uid='5203793' user='shakra144' visible='true' version='1' changeset='56447105' lat='-22.8171471' lon='-47.062793' />
  <node id='5418740811' action='delete' timestamp='2018-02-17T18:32:24Z' uid='5203793' user='shakra144' visible='true' version='1' changeset='56447105' lat='-22.8142005' lon='-47.0580723' />
  <node id='5418740812' action='delete' timestamp='2018-02-17T18:32:24Z' uid='5203793' user='shakra144' visible='true' version='1' changeset='56447105' lat='-22.8138494' lon='-47.056758' />
  <node id='5418740813' action='delete' timestamp='2018-02-17T18:32:24Z' uid='5203793' user='shakra144' visible='true' version='1' changeset='56447105' lat='-22.8120272' lon='-47.0569216' />
  <node id='5418740814' action='delete' timestamp='2018-02-17T18:32:24Z' uid='5203793' user='shakra144' visible='true' version='1' changeset='56447105' lat='-22.8120643' lon='-47.057332' />
  <node id='5418740815' action='delete' timestamp='2018-02-17T18:32:24Z' uid='5203793' user='shakra144' visible='true' version='1' changeset='56447105' lat='-22.8130805' lon='-47.0572193' />
  <node id='5418740816' action='delete' timestamp='2018-02-17T18:32:24Z' uid='5203793' user='shakra144' visible='true' version='1' changeset='56447105' lat='-22.8131225' lon='-47.0581635' />
  <node id='5419178935' action='delete' timestamp='2018-02-18T00:20:59Z' uid='5203793' user='shakra144' visible='true' version='1' changeset='56452517' lat='-22.816514' lon='-47.06825' />
  <node id='5419178938' action='delete' timestamp='2018-02-18T00:20:59Z' uid='5203793' user='shakra144' visible='true' version='1' changeset='56452517' lat='-22.8164651' lon='-47.0681239' />
  <node id='5419178978' timestamp='2021-05-05T19:56:54Z' uid='12781306' user='LumosMaxima1' visible='true' version='3' changeset='104205625' lat='-22.8132596' lon='-47.0653711' />
  <node id='5419178979' action='delete' timestamp='2020-08-06T11:45:35Z' uid='10888604' user='Metuje' visible='true' version='2' changeset='89036819' lat='-22.8133665' lon='-47.0654279' />
  <node id='5419178980' action='delete' timestamp='2018-02-18T00:20:59Z' uid='5203793' user='shakra144' visible='true' version='1' changeset='56452517' lat='-22.8134962' lon='-47.0652737' />
  <node id='5419178981' action='delete' timestamp='2018-02-18T00:20:59Z' uid='5203793' user='shakra144' visible='true' version='1' changeset='56452517' lat='-22.8136359' lon='-47.0651275' />
  <node id='5419178982' action='delete' timestamp='2020-08-06T11:45:35Z' uid='10888604' user='Metuje' visible='true' version='2' changeset='89036819' lat='-22.8138176' lon='-47.0649773' />
  <node id='5419178983' action='delete' timestamp='2020-08-06T11:45:35Z' uid='10888604' user='Metuje' visible='true' version='2' changeset='89036819' lat='-22.813893' lon='-47.0648835' />
  <node id='5419178984' timestamp='2018-02-18T00:20:59Z' uid='5203793' user='shakra144' visible='true' version='1' changeset='56452517' lat='-22.8138246' lon='-47.0647709' />
  <node id='5419178985' action='delete' timestamp='2018-02-18T00:20:59Z' uid='5203793' user='shakra144' visible='true' version='1' changeset='56452517' lat='-22.8132824' lon='-47.0654333' />
  <node id='5419178986' action='delete' timestamp='2018-02-18T00:20:59Z' uid='5203793' user='shakra144' visible='true' version='1' changeset='56452517' lat='-22.8133664' lon='-47.0655259' />
  <node id='5419178987' action='delete' timestamp='2018-02-18T00:20:59Z' uid='5203793' user='shakra144' visible='true' version='1' changeset='56452517' lat='-22.8135172' lon='-47.0653529' />
  <node id='5419178988' action='delete' timestamp='2018-02-18T00:20:59Z' uid='5203793' user='shakra144' visible='true' version='1' changeset='56452517' lat='-22.8136767' lon='-47.0651718' />
  <node id='5419178989' action='delete' timestamp='2018-02-18T00:20:59Z' uid='5203793' user='shakra144' visible='true' version='1' changeset='56452517' lat='-22.8138201' lon='-47.0650377' />
  <node id='5419178990' action='delete' timestamp='2018-02-18T00:20:59Z' uid='5203793' user='shakra144' visible='true' version='1' changeset='56452517' lat='-22.8139487' lon='-47.064925' />
  <node id='5419178991' action='delete' timestamp='2018-02-18T00:20:59Z' uid='5203793' user='shakra144' visible='true' version='1' changeset='56452517' lat='-22.813872' lon='-47.0647923' />
  <node id='5419178992' action='delete' timestamp='2018-02-18T00:20:59Z' uid='5203793' user='shakra144' visible='true' version='1' changeset='56452517' lat='-22.8137385' lon='-47.0648996' />
  <node id='5419178993' action='delete' timestamp='2018-02-18T00:20:59Z' uid='5203793' user='shakra144' visible='true' version='1' changeset='56452517' lat='-22.8135964' lon='-47.0650404' />
  <node id='5419178994' action='delete' timestamp='2018-02-18T00:20:59Z' uid='5203793' user='shakra144' visible='true' version='1' changeset='56452517' lat='-22.8134653' lon='-47.0651892' />
  <node id='5419178995' action='delete' timestamp='2018-02-18T00:20:59Z' uid='5203793' user='shakra144' visible='true' version='1' changeset='56452517' lat='-22.8133726' lon='-47.0653113' />
  <node id='5419178996' timestamp='2020-09-23T13:26:19Z' uid='10653302' user='HangingLake' visible='true' version='3' changeset='91370504' lat='-22.8140961' lon='-47.0644114' />
  <node id='5419178997' timestamp='2020-09-23T13:26:19Z' uid='10653302' user='HangingLake' visible='true' version='3' changeset='91370504' lat='-22.8140851' lon='-47.0644436' />
  <node id='5419178998' timestamp='2020-09-23T13:26:19Z' uid='10653302' user='HangingLake' visible='true' version='3' changeset='91370504' lat='-22.8140909' lon='-47.0644773' />
  <node id='5419178999' timestamp='2020-09-23T13:26:19Z' uid='10653302' user='HangingLake' visible='true' version='3' changeset='91370504' lat='-22.814112' lon='-47.064503' />
  <node id='5419179000' timestamp='2020-08-27T12:16:04Z' uid='10653302' user='HangingLake' visible='true' version='2' changeset='90026850' lat='-22.814158' lon='-47.0645028' />
  <node id='5419179001' timestamp='2020-12-21T09:05:39Z' uid='10653060' user='Condado' visible='true' version='2' changeset='96180882' lat='-22.8147505' lon='-47.0639806' />
  <node id='5419179002' timestamp='2020-12-21T09:05:39Z' uid='10653060' user='Condado' visible='true' version='2' changeset='96180882' lat='-22.8147456' lon='-47.0640159' />
  <node id='5419179003' timestamp='2018-02-18T00:21:00Z' uid='5203793' user='shakra144' visible='true' version='1' changeset='56452517' lat='-22.8147468' lon='-47.0640515' />
  <node id='5419179004' timestamp='2018-02-18T00:21:00Z' uid='5203793' user='shakra144' visible='true' version='1' changeset='56452517' lat='-22.8147731' lon='-47.064078' />
  <node id='5419179005' timestamp='2018-02-18T00:21:00Z' uid='5203793' user='shakra144' visible='true' version='1' changeset='56452517' lat='-22.8148128' lon='-47.0640858' />
  <node id='5419179006' timestamp='2020-12-21T09:05:39Z' uid='10653060' user='Condado' visible='true' version='2' changeset='96180882' lat='-22.81508' lon='-47.0639533' />
  <node id='5419179007' timestamp='2020-12-21T09:05:39Z' uid='10653060' user='Condado' visible='true' version='2' changeset='96180882' lat='-22.8150859' lon='-47.0639198' />
  <node id='5419179008' timestamp='2018-02-18T00:21:00Z' uid='5203793' user='shakra144' visible='true' version='1' changeset='56452517' lat='-22.8150841' lon='-47.0638849' />
  <node id='5419179009' timestamp='2018-02-18T00:21:00Z' uid='5203793' user='shakra144' visible='true' version='1' changeset='56452517' lat='-22.8150569' lon='-47.0638595' />
  <node id='5419179010' timestamp='2018-02-18T00:21:00Z' uid='5203793' user='shakra144' visible='true' version='1' changeset='56452517' lat='-22.8150216' lon='-47.0638474' />
  <node id='5419179011' timestamp='2020-12-21T09:05:39Z' uid='10653060' user='Condado' visible='true' version='2' changeset='96180882' lat='-22.817021' lon='-47.0635912' />
  <node id='5419179012' timestamp='2020-12-21T09:05:39Z' uid='10653060' user='Condado' visible='true' version='2' changeset='96180882' lat='-22.8170025' lon='-47.0636143' />
  <node id='5419179013' timestamp='2020-12-21T09:05:39Z' uid='10653060' user='Condado' visible='true' version='2' changeset='96180882' lat='-22.8169932' lon='-47.0636358' />
  <node id='5419179014' timestamp='2020-12-21T09:05:39Z' uid='10653060' user='Condado' visible='true' version='2' changeset='96180882' lat='-22.816992' lon='-47.0636673' />
  <node id='5419179015' timestamp='2018-02-18T00:21:00Z' uid='5203793' user='shakra144' visible='true' version='1' changeset='56452517' lat='-22.8169924' lon='-47.0636993' />
  <node id='5419179016' timestamp='2018-02-18T00:21:00Z' uid='5203793' user='shakra144' visible='true' version='1' changeset='56452517' lat='-22.8160876' lon='-47.063665' />
  <node id='5419179017' action='delete' timestamp='2018-02-18T00:21:00Z' uid='5203793' user='shakra144' visible='true' version='1' changeset='56452517' lat='-22.8163319' lon='-47.0643008' />
  <node id='5925391896' action='delete' timestamp='2018-09-24T01:57:47Z' uid='8861679' user='Aline Piroutec' visible='true' version='1' changeset='62864873' lat='-22.8163395' lon='-47.0619556' />
  <node id='5925391897' action='delete' timestamp='2018-09-24T01:57:47Z' uid='8861679' user='Aline Piroutec' visible='true' version='1' changeset='62864873' lat='-22.8162093' lon='-47.0620369' />
  <node id='5925391898' action='delete' timestamp='2018-09-24T01:57:47Z' uid='8861679' user='Aline Piroutec' visible='true' version='1' changeset='62864873' lat='-22.8162514' lon='-47.0620949' />
  <node id='5925391899' action='delete' timestamp='2018-09-24T01:57:47Z' uid='8861679' user='Aline Piroutec' visible='true' version='1' changeset='62864873' lat='-22.8162524' lon='-47.0623134' />
  <node id='5925391900' action='delete' timestamp='2018-09-24T01:57:47Z' uid='8861679' user='Aline Piroutec' visible='true' version='1' changeset='62864873' lat='-22.8163076' lon='-47.0623185' />
  <node id='5925391901' action='delete' timestamp='2018-09-24T01:57:47Z' uid='8861679' user='Aline Piroutec' visible='true' version='1' changeset='62864873' lat='-22.8163386' lon='-47.0622687' />
  <node id='5925391902' action='delete' timestamp='2018-09-24T01:57:47Z' uid='8861679' user='Aline Piroutec' visible='true' version='1' changeset='62864873' lat='-22.8164088' lon='-47.0622677' />
  <node id='5925391903' action='delete' timestamp='2018-09-24T01:57:47Z' uid='8861679' user='Aline Piroutec' visible='true' version='1' changeset='62864873' lat='-22.8164039' lon='-47.0620216' />
  <node id='5925391904' action='delete' timestamp='2018-09-24T01:57:47Z' uid='8861679' user='Aline Piroutec' visible='true' version='1' changeset='62864873' lat='-22.8163395' lon='-47.0620237' />
  <node id='5925391905' action='delete' timestamp='2018-09-24T01:57:48Z' uid='8861679' user='Aline Piroutec' visible='true' version='1' changeset='62864873' lat='-22.8169646' lon='-47.0621344' />
  <node id='5925391906' action='delete' timestamp='2018-09-24T01:57:48Z' uid='8861679' user='Aline Piroutec' visible='true' version='1' changeset='62864873' lat='-22.8170527' lon='-47.0621365' />
  <node id='5925391907' action='delete' timestamp='2018-09-24T01:57:48Z' uid='8861679' user='Aline Piroutec' visible='true' version='1' changeset='62864873' lat='-22.817049' lon='-47.0618783' />
  <node id='5925391908' action='delete' timestamp='2018-09-24T01:57:48Z' uid='8861679' user='Aline Piroutec' visible='true' version='1' changeset='62864873' lat='-22.81696' lon='-47.0618793' />
  <node id='5925391909' action='delete' timestamp='2018-09-24T01:57:48Z' uid='8861679' user='Aline Piroutec' visible='true' version='1' changeset='62864873' lat='-22.8169609' lon='-47.0619627' />
  <node id='5925391910' action='delete' timestamp='2018-09-24T01:57:48Z' uid='8861679' user='Aline Piroutec' visible='true' version='1' changeset='62864873' lat='-22.8169993' lon='-47.0619627' />
  <node id='5925391911' action='delete' timestamp='2018-09-24T01:57:48Z' uid='8861679' user='Aline Piroutec' visible='true' version='1' changeset='62864873' lat='-22.8170002' lon='-47.0620552' />
  <node id='5925391912' action='delete' timestamp='2018-09-24T01:57:48Z' uid='8861679' user='Aline Piroutec' visible='true' version='1' changeset='62864873' lat='-22.8169646' lon='-47.0620552' />
  <node id='5925391913' action='delete' timestamp='2018-09-24T01:57:48Z' uid='8861679' user='Aline Piroutec' visible='true' version='1' changeset='62864873' lat='-22.8169581' lon='-47.0618377' />
  <node id='5925391914' action='delete' timestamp='2018-09-24T01:57:48Z' uid='8861679' user='Aline Piroutec' visible='true' version='1' changeset='62864873' lat='-22.8170433' lon='-47.0618377' />
  <node id='5925391915' action='delete' timestamp='2018-09-24T01:57:48Z' uid='8861679' user='Aline Piroutec' visible='true' version='1' changeset='62864873' lat='-22.8170377' lon='-47.0615744' />
  <node id='5925391916' action='delete' timestamp='2018-09-24T01:57:48Z' uid='8861679' user='Aline Piroutec' visible='true' version='1' changeset='62864873' lat='-22.8169497' lon='-47.0615775' />
  <node id='5925391917' action='delete' timestamp='2018-09-24T01:57:48Z' uid='8861679' user='Aline Piroutec' visible='true' version='1' changeset='62864873' lat='-22.8169525' lon='-47.061673' />
  <node id='5925391918' action='delete' timestamp='2018-09-24T01:57:48Z' uid='8861679' user='Aline Piroutec' visible='true' version='1' changeset='62864873' lat='-22.8169853' lon='-47.061673' />
  <node id='5925391919' action='delete' timestamp='2018-09-24T01:57:48Z' uid='8861679' user='Aline Piroutec' visible='true' version='1' changeset='62864873' lat='-22.8169871' lon='-47.0617553' />
  <node id='5925391920' action='delete' timestamp='2018-09-24T01:57:48Z' uid='8861679' user='Aline Piroutec' visible='true' version='1' changeset='62864873' lat='-22.8169553' lon='-47.0617563' />
  <node id='6013571141' action='delete' timestamp='2018-10-25T18:52:51Z' uid='9003616' user='TMGrossi' visible='true' version='1' changeset='63878501' lat='-22.8171578' lon='-47.0659092' />
  <node id='6013571142' action='delete' timestamp='2018-10-25T18:52:51Z' uid='9003616' user='TMGrossi' visible='true' version='1' changeset='63878501' lat='-22.8171578' lon='-47.0652226' />
  <node id='6013571143' action='delete' timestamp='2018-10-25T18:52:51Z' uid='9003616' user='TMGrossi' visible='true' version='1' changeset='63878501' lat='-22.8175237' lon='-47.0652226' />
  <node id='6013571144' action='delete' timestamp='2018-10-25T18:52:51Z' uid='9003616' user='TMGrossi' visible='true' version='1' changeset='63878501' lat='-22.8175138' lon='-47.0645574' />
  <node id='6013571145' action='delete' timestamp='2018-10-25T18:52:51Z' uid='9003616' user='TMGrossi' visible='true' version='1' changeset='63878501' lat='-22.8184335' lon='-47.0644179' />
  <node id='6013571146' action='delete' timestamp='2018-10-25T18:52:51Z' uid='9003616' user='TMGrossi' visible='true' version='1' changeset='63878501' lat='-22.8183836' lon='-47.0649551' />
  <node id='6013571147' action='delete' timestamp='2018-10-25T18:52:51Z' uid='9003616' user='TMGrossi' visible='true' version='1' changeset='63878501' lat='-22.8182139' lon='-47.0653515' />
  <node id='6013571148' action='delete' timestamp='2020-08-06T11:45:35Z' uid='10888604' user='Metuje' visible='true' version='2' changeset='89036819' lat='-22.8183097' lon='-47.0655218' />
  <node id='6013571149' action='delete' timestamp='2018-10-25T18:52:51Z' uid='9003616' user='TMGrossi' visible='true' version='1' changeset='63878501' lat='-22.8182139' lon='-47.0660027' />
  <node id='6223963075' action='delete' timestamp='2023-02-28T01:29:17Z' uid='16547666' user='AzuisRiver' visible='true' version='3' changeset='133109442' lat='-22.8131803' lon='-47.058112' />
  <node id='6223963076' action='delete' timestamp='2020-08-27T07:04:29Z' uid='10653302' user='HangingLake' visible='true' version='2' changeset='90008548' lat='-22.8141377' lon='-47.0580454' />
  <node id='6223963077' action='delete' timestamp='2020-08-27T07:04:29Z' uid='10653302' user='HangingLake' visible='true' version='2' changeset='90008548' lat='-22.8131537' lon='-47.0579473' />
  <node id='6223963078' action='delete' timestamp='2020-08-27T07:04:29Z' uid='10653302' user='HangingLake' visible='true' version='2' changeset='90008548' lat='-22.8140747' lon='-47.0578645' />
  <node id='6223963079' action='delete' timestamp='2020-08-27T07:04:29Z' uid='10653302' user='HangingLake' visible='true' version='2' changeset='90008548' lat='-22.8131534' lon='-47.0578042' />
  <node id='6223963080' action='delete' timestamp='2020-08-27T07:04:29Z' uid='10653302' user='HangingLake' visible='true' version='2' changeset='90008548' lat='-22.8130993' lon='-47.0576445' />
  <node id='6223963081' action='delete' timestamp='2019-01-21T02:14:25Z' uid='8782076' user='A run' visible='true' version='1' changeset='66490225' lat='-22.8140415' lon='-47.0575305' />
  <node id='6223963082' action='delete' timestamp='2020-08-27T07:04:29Z' uid='10653302' user='HangingLake' visible='true' version='2' changeset='90008548' lat='-22.8131061' lon='-47.0574971' />
  <node id='6223963083' action='delete' timestamp='2020-08-27T07:04:29Z' uid='10653302' user='HangingLake' visible='true' version='2' changeset='90008548' lat='-22.8139382' lon='-47.0574077' />
  <node id='6223963084' action='delete' timestamp='2020-08-27T07:04:29Z' uid='10653302' user='HangingLake' visible='true' version='2' changeset='90008548' lat='-22.8130957' lon='-47.0573569' />
  <node id='6223964385' action='delete' timestamp='2020-08-27T07:04:29Z' uid='10653302' user='HangingLake' visible='true' version='2' changeset='90008548' lat='-22.8120394' lon='-47.0571174' />
  <node id='6223964386' action='delete' timestamp='2020-08-27T07:04:29Z' uid='10653302' user='HangingLake' visible='true' version='2' changeset='90008548' lat='-22.8138318' lon='-47.0569615' />
  <node id='6223964387' action='delete' timestamp='2020-08-27T07:04:29Z' uid='10653302' user='HangingLake' visible='true' version='2' changeset='90008548' lat='-22.8138633' lon='-47.0571075' />
  <node id='6223964388' action='delete' timestamp='2019-01-21T02:14:25Z' uid='8782076' user='A run' visible='true' version='1' changeset='66490225' lat='-22.8120498' lon='-47.0572664' />
  <node id='6223964389' action='delete' timestamp='2020-08-27T07:04:29Z' uid='10653302' user='HangingLake' visible='true' version='2' changeset='90008548' lat='-22.8120263' lon='-47.0569472' />
  <node id='6223964390' action='delete' timestamp='2019-01-21T02:14:25Z' uid='8782076' user='A run' visible='true' version='1' changeset='66490225' lat='-22.8129398' lon='-47.0568573' />
  <node id='6223964391' action='delete' timestamp='2020-08-27T07:04:29Z' uid='10653302' user='HangingLake' visible='true' version='2' changeset='90008548' lat='-22.8137709' lon='-47.0568047' />
  <node id='6223964392' action='delete' timestamp='2020-08-27T07:04:29Z' uid='10653302' user='HangingLake' visible='true' version='2' changeset='90008548' lat='-22.813904' lon='-47.0572785' />
  <node id='6223964393' action='delete' timestamp='2020-08-27T07:04:29Z' uid='10653302' user='HangingLake' visible='true' version='2' changeset='90008548' lat='-22.814028' lon='-47.0577049' />
  <node id='6223964394' action='delete' timestamp='2020-08-27T07:04:29Z' uid='10653302' user='HangingLake' visible='true' version='2' changeset='90008548' lat='-22.8141043' lon='-47.057945' />
  <node id='6223964395' action='delete' timestamp='2020-09-23T12:34:50Z' uid='10653302' user='HangingLake' visible='true' version='3' changeset='91367571' lat='-22.8141983' lon='-47.0582306' />
  <node id='6223964396' action='delete' timestamp='2020-09-23T12:52:22Z' uid='10653302' user='HangingLake' visible='true' version='4' changeset='91368571' lat='-22.8141717' lon='-47.0583091' />
  <node id='6223964397' action='delete' timestamp='2021-08-05T06:36:53Z' uid='12369933' user='Namunukula' visible='true' version='4' changeset='109180463' lat='-22.8141914' lon='-47.0584641' />
  <node id='6224223184' timestamp='2021-05-06T23:27:16Z' uid='12781306' user='LumosMaxima1' visible='true' version='3' changeset='104277929' lat='-22.8137101' lon='-47.0602581' />
  <node id='6224223888' timestamp='2021-05-06T23:27:16Z' uid='12781306' user='LumosMaxima1' visible='true' version='3' changeset='104277929' lat='-22.8136844' lon='-47.060245' />
  <node id='6224223889' timestamp='2021-05-06T23:27:16Z' uid='12781306' user='LumosMaxima1' visible='true' version='3' changeset='104277929' lat='-22.8137222' lon='-47.0602918' />
  <node id='6226339955' timestamp='2021-05-06T23:27:16Z' uid='12781306' user='LumosMaxima1' visible='true' version='3' changeset='104277929' lat='-22.8134975' lon='-47.0618213' />
  <node id='6226339956' timestamp='2021-05-06T23:27:16Z' uid='12781306' user='LumosMaxima1' visible='true' version='3' changeset='104277929' lat='-22.8134667' lon='-47.0618368' />
  <node id='6226339957' timestamp='2021-05-06T23:27:16Z' uid='12781306' user='LumosMaxima1' visible='true' version='3' changeset='104277929' lat='-22.8134337' lon='-47.0618395' />
  <node id='6226339958' timestamp='2021-05-06T23:27:16Z' uid='12781306' user='LumosMaxima1' visible='true' version='3' changeset='104277929' lat='-22.8134222' lon='-47.0618279' />
  <node id='6226339959' timestamp='2021-05-06T23:27:16Z' uid='12781306' user='LumosMaxima1' visible='true' version='3' changeset='104277929' lat='-22.8134182' lon='-47.0618098' />
  <node id='6226339960' timestamp='2021-05-06T23:27:16Z' uid='12781306' user='LumosMaxima1' visible='true' version='3' changeset='104277929' lat='-22.8134708' lon='-47.0615345' />
  <node id='6226339961' timestamp='2021-05-06T23:27:16Z' uid='12781306' user='LumosMaxima1' visible='true' version='3' changeset='104277929' lat='-22.8134573' lon='-47.0614726' />
  <node id='6226438948' timestamp='2019-01-22T04:58:07Z' uid='9086400' user='Siva U' visible='true' version='1' changeset='66526135' lat='-22.8174346' lon='-47.0637614' />
  <node id='6226438949' timestamp='2019-01-22T04:58:07Z' uid='9086400' user='Siva U' visible='true' version='1' changeset='66526135' lat='-22.8174321' lon='-47.0637855' />
  <node id='6226438950' timestamp='2019-01-22T04:58:07Z' uid='9086400' user='Siva U' visible='true' version='1' changeset='66526135' lat='-22.8174185' lon='-47.0638083' />
  <node id='6226438951' timestamp='2019-01-22T04:58:07Z' uid='9086400' user='Siva U' visible='true' version='1' changeset='66526135' lat='-22.8174117' lon='-47.0638157' />
  <node id='6226438952' timestamp='2019-01-22T04:58:07Z' uid='9086400' user='Siva U' visible='true' version='1' changeset='66526135' lat='-22.8174284' lon='-47.0637137' />
  <node id='6326071430' action='delete' timestamp='2020-08-20T11:49:52Z' uid='10888604' user='Metuje' visible='true' version='3' changeset='89689863' lat='-22.8179995' lon='-47.0727461' />
  <node id='6326071431' action='delete' timestamp='2020-04-14T10:55:50Z' uid='10652829' user='DnieperBasin' visible='true' version='2' changeset='83529437' lat='-22.8161902' lon='-47.0735457' />
  <node id='6350339144' action='delete' timestamp='2022-04-24T15:33:00Z' uid='10661323' user='Thiago AG' visible='true' version='2' changeset='120129049' lat='-22.8109213' lon='-47.0643857' />
  <node id='6350339145' action='delete' timestamp='2022-04-24T15:33:00Z' uid='10661323' user='Thiago AG' visible='true' version='2' changeset='120129049' lat='-22.8106176' lon='-47.0639135' />
  <node id='6350341185' action='delete' timestamp='2019-03-20T17:59:10Z' uid='9511934' user='bmalveira' visible='true' version='1' changeset='68347103' lat='-22.8222157' lon='-47.059252' />
  <node id='6350341186' action='delete' timestamp='2019-03-20T17:59:10Z' uid='9511934' user='bmalveira' visible='true' version='1' changeset='68347103' lat='-22.8220595' lon='-47.0589031' />
  <node id='6350341187' action='delete' timestamp='2019-03-20T17:59:10Z' uid='9511934' user='bmalveira' visible='true' version='1' changeset='68347103' lat='-22.8220036' lon='-47.0586522' />
  <node id='6350341188' action='delete' timestamp='2019-03-20T17:59:10Z' uid='9511934' user='bmalveira' visible='true' version='1' changeset='68347103' lat='-22.8219655' lon='-47.0583692' />
  <node id='6350341190' action='delete' timestamp='2019-03-20T17:59:10Z' uid='9511934' user='bmalveira' visible='true' version='1' changeset='68347103' lat='-22.8220291' lon='-47.0578099' />
  <node id='6350341192' action='delete' timestamp='2019-03-20T17:59:10Z' uid='9511934' user='bmalveira' visible='true' version='1' changeset='68347103' lat='-22.8218841' lon='-47.0574429' />
  <node id='6350341193' action='delete' timestamp='2019-03-20T17:59:10Z' uid='9511934' user='bmalveira' visible='true' version='1' changeset='68347103' lat='-22.8220315' lon='-47.0571764' />
  <node id='6350341194' action='delete' timestamp='2019-03-20T17:59:10Z' uid='9511934' user='bmalveira' visible='true' version='1' changeset='68347103' lat='-22.8222117' lon='-47.0571675' />
  <node id='6350341195' action='delete' timestamp='2019-03-20T17:59:10Z' uid='9511934' user='bmalveira' visible='true' version='1' changeset='68347103' lat='-22.8224246' lon='-47.0574252' />
  <node id='6350341196' action='delete' timestamp='2019-03-20T17:59:10Z' uid='9511934' user='bmalveira' visible='true' version='1' changeset='68347103' lat='-22.8224737' lon='-47.0576739' />
  <node id='6350341197' action='delete' timestamp='2019-03-20T17:59:10Z' uid='9511934' user='bmalveira' visible='true' version='1' changeset='68347103' lat='-22.8226703' lon='-47.0578872' />
  <node id='6350341198' action='delete' timestamp='2019-03-20T17:59:10Z' uid='9511934' user='bmalveira' visible='true' version='1' changeset='68347103' lat='-22.8228996' lon='-47.0581271' />
  <node id='6350341199' action='delete' timestamp='2019-03-20T17:59:10Z' uid='9511934' user='bmalveira' visible='true' version='1' changeset='68347103' lat='-22.8230388' lon='-47.0582337' />
  <node id='6384564566' action='delete' timestamp='2019-04-05T00:49:56Z' uid='9600402' user='tdlvd' visible='true' version='1' changeset='68903254' lat='-22.8129712' lon='-47.0577574' />
  <node id='6384564567' action='delete' timestamp='2019-04-05T00:49:56Z' uid='9600402' user='tdlvd' visible='true' version='1' changeset='68903254' lat='-22.8129143' lon='-47.0578517' />
  <node id='6384564568' action='delete' timestamp='2019-04-05T00:49:56Z' uid='9600402' user='tdlvd' visible='true' version='1' changeset='68903254' lat='-22.8130551' lon='-47.0580208' />
  <node id='6384564569' action='delete' timestamp='2019-04-05T00:49:56Z' uid='9600402' user='tdlvd' visible='true' version='1' changeset='68903254' lat='-22.8131121' lon='-47.0581963' />
  <node id='6384564570' action='delete' timestamp='2019-04-05T00:49:56Z' uid='9600402' user='tdlvd' visible='true' version='1' changeset='68903254' lat='-22.8129682' lon='-47.0583004' />
  <node id='6384564571' action='delete' timestamp='2019-04-05T00:49:56Z' uid='9600402' user='tdlvd' visible='true' version='1' changeset='68903254' lat='-22.8128214' lon='-47.0583004' />
  <node id='6384564572' action='delete' timestamp='2019-04-05T00:49:56Z' uid='9600402' user='tdlvd' visible='true' version='1' changeset='68903254' lat='-22.8127434' lon='-47.0583036' />
  <node id='6384564573' action='delete' timestamp='2019-04-05T00:49:56Z' uid='9600402' user='tdlvd' visible='true' version='1' changeset='68903254' lat='-22.8126445' lon='-47.0581476' />
  <node id='6384564574' action='delete' timestamp='2019-04-05T00:49:56Z' uid='9600402' user='tdlvd' visible='true' version='1' changeset='68903254' lat='-22.8125367' lon='-47.0583361' />
  <node id='6384564575' action='delete' timestamp='2019-04-05T00:49:56Z' uid='9600402' user='tdlvd' visible='true' version='1' changeset='68903254' lat='-22.8124078' lon='-47.0582516' />
  <node id='6384564576' action='delete' timestamp='2019-04-05T00:49:56Z' uid='9600402' user='tdlvd' visible='true' version='1' changeset='68903254' lat='-22.8122789' lon='-47.0583394' />
  <node id='6384564577' action='delete' timestamp='2019-04-05T00:49:56Z' uid='9600402' user='tdlvd' visible='true' version='1' changeset='68903254' lat='-22.8121381' lon='-47.0585507' />
  <node id='6384564578' action='delete' timestamp='2019-04-05T00:49:56Z' uid='9600402' user='tdlvd' visible='true' version='1' changeset='68903254' lat='-22.8120991' lon='-47.0586287' />
  <node id='6384564579' action='delete' timestamp='2019-04-05T00:49:56Z' uid='9600402' user='tdlvd' visible='true' version='1' changeset='68903254' lat='-22.8121111' lon='-47.0589376' />
  <node id='6384564580' action='delete' timestamp='2019-04-05T00:49:56Z' uid='9600402' user='tdlvd' visible='true' version='1' changeset='68903254' lat='-22.8119882' lon='-47.0587816' />
  <node id='6384564985' action='delete' timestamp='2019-04-05T00:49:56Z' uid='9600402' user='tdlvd' visible='true' version='1' changeset='68903254' lat='-22.8121171' lon='-47.0585927' />
  <node id='6384564986' action='delete' timestamp='2019-04-05T00:49:56Z' uid='9600402' user='tdlvd' visible='true' version='1' changeset='68903254' lat='-22.8126475' lon='-47.0589864' />
  <node id='6384564987' action='delete' timestamp='2019-04-05T00:49:56Z' uid='9600402' user='tdlvd' visible='true' version='1' changeset='68903254' lat='-22.8122059' lon='-47.058449' />
  <node id='6384564988' action='delete' timestamp='2019-04-05T00:49:56Z' uid='9600402' user='tdlvd' visible='true' version='1' changeset='68903254' lat='-22.8127508' lon='-47.0588215' />
  <node id='6384564989' action='delete' timestamp='2019-04-05T00:49:56Z' uid='9600402' user='tdlvd' visible='true' version='1' changeset='68903254' lat='-22.8125638' lon='-47.0582887' />
  <node id='6384564990' action='delete' timestamp='2019-04-05T00:55:20Z' uid='9600402' user='tdlvd' visible='true' version='2' changeset='68903307' lat='-22.812936' lon='-47.0585664' />
  <node id='6496075097' timestamp='2019-05-23T19:12:51Z' uid='9511934' user='bmalveira' visible='true' version='1' changeset='70563598' lat='-22.8153325' lon='-47.0638557' />
  <node id='6496075098' action='delete' timestamp='2019-05-23T19:12:51Z' uid='9511934' user='bmalveira' visible='true' version='1' changeset='70563598' lat='-22.8154059' lon='-47.0640624' />
  <node id='6496075099' action='delete' timestamp='2019-05-23T19:12:51Z' uid='9511934' user='bmalveira' visible='true' version='1' changeset='70563598' lat='-22.8153615' lon='-47.0641319' />
  <node id='6496075100' action='delete' timestamp='2019-05-23T19:12:51Z' uid='9511934' user='bmalveira' visible='true' version='1' changeset='70563598' lat='-22.8153007' lon='-47.0639608' />
  <node id='6496075101' action='delete' timestamp='2019-05-23T19:12:51Z' uid='9511934' user='bmalveira' visible='true' version='1' changeset='70563598' lat='-22.8154141' lon='-47.0639163' />
  <node id='6496075102' action='delete' timestamp='2019-05-23T19:12:51Z' uid='9511934' user='bmalveira' visible='true' version='1' changeset='70563598' lat='-22.8154765' lon='-47.0640856' />
  <node id='6496075103' timestamp='2019-05-23T19:12:51Z' uid='9511934' user='bmalveira' visible='true' version='1' changeset='70563598' lat='-22.8158313' lon='-47.06371' />
  <node id='6496075104' action='delete' timestamp='2019-05-23T19:12:51Z' uid='9511934' user='bmalveira' visible='true' version='1' changeset='70563598' lat='-22.8158718' lon='-47.0638362' />
  <node id='6496075105' action='delete' timestamp='2019-05-23T19:12:51Z' uid='9511934' user='bmalveira' visible='true' version='1' changeset='70563598' lat='-22.8156293' lon='-47.0639331' />
  <node id='6496075106' timestamp='2019-05-23T19:12:51Z' uid='9511934' user='bmalveira' visible='true' version='1' changeset='70563598' lat='-22.8155813' lon='-47.0637739' />
  <node id='6496075107' action='delete' timestamp='2019-05-23T19:12:51Z' uid='9511934' user='bmalveira' visible='true' version='1' changeset='70563598' lat='-22.8155357' lon='-47.06397' />
  <node id='6496075108' action='delete' timestamp='2019-05-23T19:12:51Z' uid='9511934' user='bmalveira' visible='true' version='1' changeset='70563598' lat='-22.8155513' lon='-47.0640393' />
  <node id='6496075109' action='delete' timestamp='2019-05-23T19:12:51Z' uid='9511934' user='bmalveira' visible='true' version='1' changeset='70563598' lat='-22.8159158' lon='-47.0638854' />
  <node id='6496075110' action='delete' timestamp='2019-05-23T19:12:51Z' uid='9511934' user='bmalveira' visible='true' version='1' changeset='70563598' lat='-22.8158789' lon='-47.0637716' />
  <node id='6496075111' action='delete' timestamp='2019-05-23T19:12:51Z' uid='9511934' user='bmalveira' visible='true' version='1' changeset='70563598' lat='-22.8154932' lon='-47.0638762' />
  <node id='6496075112' timestamp='2019-05-23T19:12:51Z' uid='9511934' user='bmalveira' visible='true' version='1' changeset='70563598' lat='-22.8135905' lon='-47.0634293' />
  <node id='6496075113' action='delete' timestamp='2019-05-23T19:12:51Z' uid='9511934' user='bmalveira' visible='true' version='1' changeset='70563598' lat='-22.8136523' lon='-47.0635925' />
  <node id='6496075114' action='delete' timestamp='2019-05-23T19:12:51Z' uid='9511934' user='bmalveira' visible='true' version='1' changeset='70563598' lat='-22.8136058' lon='-47.0636164' />
  <node id='6496075115' action='delete' timestamp='2019-05-23T19:12:51Z' uid='9511934' user='bmalveira' visible='true' version='1' changeset='70563598' lat='-22.8137405' lon='-47.0635487' />
  <node id='6496075116' action='delete' timestamp='2019-05-23T19:12:51Z' uid='9511934' user='bmalveira' visible='true' version='1' changeset='70563598' lat='-22.8136328' lon='-47.0637214' />
  <node id='6496075117' action='delete' timestamp='2019-05-23T19:12:52Z' uid='9511934' user='bmalveira' visible='true' version='1' changeset='70563598' lat='-22.8135654' lon='-47.0635487' />
  <node id='6496075118' action='delete' timestamp='2019-05-23T19:12:52Z' uid='9511934' user='bmalveira' visible='true' version='1' changeset='70563598' lat='-22.8137478' lon='-47.0634518' />
  <node id='6496075119' action='delete' timestamp='2019-05-23T19:12:52Z' uid='9511934' user='bmalveira' visible='true' version='1' changeset='70563598' lat='-22.8138115' lon='-47.0636324' />
  <node id='6512224127' action='delete' timestamp='2019-05-30T22:21:02Z' uid='7489282' user='eduardoaddad' visible='true' version='1' changeset='70787964' lat='-22.8170915' lon='-47.0725777' />
  <node id='6512224128' action='delete' timestamp='2019-05-30T22:21:02Z' uid='7489282' user='eduardoaddad' visible='true' version='1' changeset='70787964' lat='-22.8170973' lon='-47.0727848' />
  <node id='6512224980' action='delete' timestamp='2019-05-30T22:22:12Z' uid='7489282' user='eduardoaddad' visible='true' version='1' changeset='70787986' lat='-22.821622' lon='-47.0684808' />
  <node id='6512224983' action='delete' timestamp='2019-05-30T22:22:12Z' uid='7489282' user='eduardoaddad' visible='true' version='1' changeset='70787986' lat='-22.8214606' lon='-47.0685504' />
  <node id='6512225185' action='delete' timestamp='2020-12-31T14:45:34Z' uid='10653090' user='BodrogRiver' visible='true' version='2' changeset='96739080' lat='-22.8214577' lon='-47.0684671' />
  <node id='6512225187' action='delete' timestamp='2020-12-31T14:45:34Z' uid='10653090' user='BodrogRiver' visible='true' version='2' changeset='96739080' lat='-22.8215741' lon='-47.0684169' />
  <node id='6545864717' action='delete' timestamp='2020-08-06T11:45:35Z' uid='10888604' user='Metuje' visible='true' version='2' changeset='89036819' lat='-22.8148876' lon='-47.0624791' />
  <node id='6545864718' action='delete' timestamp='2019-06-13T20:19:09Z' uid='9511934' user='bmalveira' visible='true' version='1' changeset='71231113' lat='-22.8149327' lon='-47.0623694' />
  <node id='6545864719' action='delete' timestamp='2019-06-13T20:19:09Z' uid='9511934' user='bmalveira' visible='true' version='1' changeset='71231113' lat='-22.8149364' lon='-47.0623242' />
  <node id='6545864720' action='delete' timestamp='2019-06-13T20:19:09Z' uid='9511934' user='bmalveira' visible='true' version='1' changeset='71231113' lat='-22.8149487' lon='-47.0622844' />
  <node id='6545864721' action='delete' timestamp='2019-06-13T20:19:09Z' uid='9511934' user='bmalveira' visible='true' version='1' changeset='71231113' lat='-22.8149707' lon='-47.0622472' />
  <node id='6545864722' action='delete' timestamp='2019-06-13T20:19:09Z' uid='9511934' user='bmalveira' visible='true' version='1' changeset='71231113' lat='-22.8150025' lon='-47.0622206' />
  <node id='6545864723' action='delete' timestamp='2019-06-13T20:19:09Z' uid='9511934' user='bmalveira' visible='true' version='1' changeset='71231113' lat='-22.8150307' lon='-47.062214' />
  <node id='6545864724' action='delete' timestamp='2019-06-13T20:19:09Z' uid='9511934' user='bmalveira' visible='true' version='1' changeset='71231113' lat='-22.8150919' lon='-47.0621967' />
  <node id='6545864725' action='delete' timestamp='2019-06-13T20:19:09Z' uid='9511934' user='bmalveira' visible='true' version='1' changeset='71231113' lat='-22.815158' lon='-47.0621715' />
  <node id='6545864727' action='delete' timestamp='2021-08-16T06:21:47Z' uid='12205092' user='EikaIsland' visible='true' version='2' changeset='109728223' lat='-22.8155415' lon='-47.0620852'>
    <tag k='barrier' v='gate' />
  </node>
  <node id='6545864728' action='delete' timestamp='2019-06-13T20:19:09Z' uid='9511934' user='bmalveira' visible='true' version='1' changeset='71231113' lat='-22.8155853' lon='-47.0620838' />
  <node id='6545864729' action='delete' timestamp='2019-06-13T20:19:09Z' uid='9511934' user='bmalveira' visible='true' version='1' changeset='71231113' lat='-22.8156159' lon='-47.0620905' />
  <node id='6545864730' timestamp='2019-06-13T20:19:09Z' uid='9511934' user='bmalveira' visible='true' version='1' changeset='71231113' lat='-22.8156637' lon='-47.062116' />
  <node id='6545864731' action='delete' timestamp='2019-06-13T20:19:09Z' uid='9511934' user='bmalveira' visible='true' version='1' changeset='71231113' lat='-22.8163784' lon='-47.063981' />
  <node id='6545864732' action='delete' timestamp='2019-06-13T20:19:09Z' uid='9511934' user='bmalveira' visible='true' version='1' changeset='71231113' lat='-22.8163813' lon='-47.0638502' />
  <node id='6545864733' action='delete' timestamp='2019-06-13T20:19:09Z' uid='9511934' user='bmalveira' visible='true' version='1' changeset='71231113' lat='-22.8162508' lon='-47.0638533' />
  <node id='6545864734' action='delete' timestamp='2019-06-13T20:19:09Z' uid='9511934' user='bmalveira' visible='true' version='1' changeset='71231113' lat='-22.8162494' lon='-47.0639825' />
  <node id='6545864735' action='delete' timestamp='2019-06-13T20:19:09Z' uid='9511934' user='bmalveira' visible='true' version='1' changeset='71231113' lat='-22.8161574' lon='-47.064018' />
  <node id='6545864736' action='delete' timestamp='2019-06-13T20:19:09Z' uid='9511934' user='bmalveira' visible='true' version='1' changeset='71231113' lat='-22.8160628' lon='-47.0637862' />
  <node id='6545864737' action='delete' timestamp='2019-06-13T20:19:09Z' uid='9511934' user='bmalveira' visible='true' version='1' changeset='71231113' lat='-22.8162032' lon='-47.0637282' />
  <node id='6545864738' action='delete' timestamp='2019-06-13T20:19:09Z' uid='9511934' user='bmalveira' visible='true' version='1' changeset='71231113' lat='-22.8162398' lon='-47.0638673' />
  <node id='6545864739' action='delete' timestamp='2019-06-13T20:19:09Z' uid='9511934' user='bmalveira' visible='true' version='1' changeset='71231113' lat='-22.8162352' lon='-47.0639849' />
  <node id='6545864740' action='delete' timestamp='2019-06-13T20:19:09Z' uid='9511934' user='bmalveira' visible='true' version='1' changeset='71231113' lat='-22.8162566' lon='-47.0640577' />
  <node id='6545864741' action='delete' timestamp='2019-06-13T20:19:09Z' uid='9511934' user='bmalveira' visible='true' version='1' changeset='71231113' lat='-22.8163192' lon='-47.0640263' />
  <node id='6545864742' action='delete' timestamp='2019-06-13T20:19:09Z' uid='9511934' user='bmalveira' visible='true' version='1' changeset='71231113' lat='-22.8163512' lon='-47.064114' />
  <node id='6545864743' action='delete' timestamp='2019-06-13T20:19:09Z' uid='9511934' user='bmalveira' visible='true' version='1' changeset='71231113' lat='-22.8163909' lon='-47.0641074' />
  <node id='6545864744' action='delete' timestamp='2019-06-13T20:19:09Z' uid='9511934' user='bmalveira' visible='true' version='1' changeset='71231113' lat='-22.8164458' lon='-47.0642928' />
  <node id='6545864745' action='delete' timestamp='2019-06-13T20:19:09Z' uid='9511934' user='bmalveira' visible='true' version='1' changeset='71231113' lat='-22.8163024' lon='-47.0643491' />
  <node id='6545864746' action='delete' timestamp='2019-06-13T20:19:09Z' uid='9511934' user='bmalveira' visible='true' version='1' changeset='71231113' lat='-22.8162658' lon='-47.0642415' />
  <node id='6545864747' action='delete' timestamp='2019-06-13T20:19:09Z' uid='9511934' user='bmalveira' visible='true' version='1' changeset='71231113' lat='-22.8162261' lon='-47.0642581' />
  <node id='6545864748' action='delete' timestamp='2019-06-13T20:19:09Z' uid='9511934' user='bmalveira' visible='true' version='1' changeset='71231113' lat='-22.8161696' lon='-47.0641074' />
  <node id='6545864749' action='delete' timestamp='2019-06-13T20:19:09Z' uid='9511934' user='bmalveira' visible='true' version='1' changeset='71231113' lat='-22.8162154' lon='-47.0640792' />
  <node id='6545864750' action='delete' timestamp='2019-06-13T20:19:09Z' uid='9511934' user='bmalveira' visible='true' version='1' changeset='71231113' lat='-22.8161879' lon='-47.0640047' />
  <node id='6545864751' action='delete' timestamp='2019-06-13T20:19:09Z' uid='9511934' user='bmalveira' visible='true' version='1' changeset='71231113' lat='-22.8165298' lon='-47.064061' />
  <node id='6545864752' action='delete' timestamp='2019-06-13T20:19:09Z' uid='9511934' user='bmalveira' visible='true' version='1' changeset='71231113' lat='-22.8168838' lon='-47.0640528' />
  <node id='6545864753' action='delete' timestamp='2019-06-13T20:19:09Z' uid='9511934' user='bmalveira' visible='true' version='1' changeset='71231113' lat='-22.8168808' lon='-47.0638624' />
  <node id='6545864754' action='delete' timestamp='2019-06-13T20:19:09Z' uid='9511934' user='bmalveira' visible='true' version='1' changeset='71231113' lat='-22.8165307' lon='-47.0638689' />
  <node id='6545864755' timestamp='2019-06-13T20:19:09Z' uid='9511934' user='bmalveira' visible='true' version='1' changeset='71231113' lat='-22.8167036' lon='-47.0636502' />
  <node id='6545864756' action='delete' timestamp='2019-06-13T20:19:09Z' uid='9511934' user='bmalveira' visible='true' version='1' changeset='71231113' lat='-22.8167053' lon='-47.063965' />
  <node id='6545864757' action='delete' timestamp='2019-06-13T20:19:09Z' uid='9511934' user='bmalveira' visible='true' version='1' changeset='71231113' lat='-22.816574' lon='-47.0639667' />
  <node id='6545864758' action='delete' timestamp='2019-06-13T20:19:09Z' uid='9511934' user='bmalveira' visible='true' version='1' changeset='71231113' lat='-22.816835' lon='-47.063965' />
  <node id='6643656797' action='delete' timestamp='2019-07-24T13:23:25Z' uid='9511934' user='bmalveira' visible='true' version='1' changeset='72602953' lat='-22.8153504' lon='-47.0651879' />
  <node id='6643656798' action='delete' timestamp='2019-07-24T13:23:25Z' uid='9511934' user='bmalveira' visible='true' version='1' changeset='72602953' lat='-22.8153526' lon='-47.0651938' />
  <node id='7122960813' action='delete' timestamp='2020-01-10T18:25:25Z' uid='8753513' user='greenmapper' visible='true' version='1' changeset='79430924' lat='-22.8116728' lon='-47.0618184' />
  <node id='7122960814' action='delete' timestamp='2020-08-27T13:05:35Z' uid='10653302' user='HangingLake' visible='true' version='2' changeset='90029109' lat='-22.8121202' lon='-47.0620622' />
  <node id='7122960815' action='delete' timestamp='2024-09-11T18:15:20Z' uid='379585' user='TByte' visible='true' version='3' changeset='156497191' lat='-22.8123576' lon='-47.0621064' />
  <node id='7122960816' action='delete' timestamp='2024-09-11T18:15:20Z' uid='379585' user='TByte' visible='true' version='4' changeset='156497191' lat='-22.812553' lon='-47.0621507' />
  <node id='7122960817' action='delete' timestamp='2020-08-27T13:05:35Z' uid='10653302' user='HangingLake' visible='true' version='2' changeset='90029109' lat='-22.8127013' lon='-47.0621909' />
  <node id='7122960818' action='delete' timestamp='2024-09-11T18:01:53Z' uid='379585' user='TByte' visible='true' version='3' changeset='156496723' lat='-22.8128037' lon='-47.0622014' />
  <node id='7122960819' action='delete' timestamp='2024-09-11T18:01:53Z' uid='379585' user='TByte' visible='true' version='3' changeset='156496723' lat='-22.8128549' lon='-47.0619855' />
  <node id='7122960820' action='delete' timestamp='2024-09-11T18:01:53Z' uid='379585' user='TByte' visible='true' version='3' changeset='156496723' lat='-22.8129557' lon='-47.0613706' />
  <node id='7122960821' action='delete' timestamp='2024-09-11T18:01:53Z' uid='379585' user='TByte' visible='true' version='4' changeset='156496723' lat='-22.8129919' lon='-47.0612382' />
  <node id='7122960822' action='delete' timestamp='2022-02-15T17:19:54Z' uid='13967573' user='Coast2Coast' visible='true' version='4' changeset='117444974' lat='-22.8132201' lon='-47.061093'>
    <tag k='access' v='permissive' />
    <tag k='barrier' v='gate' />
  </node>
  <node id='7122960823' timestamp='2021-05-06T23:27:16Z' uid='12781306' user='LumosMaxima1' visible='true' version='3' changeset='104277929' lat='-22.8135273' lon='-47.0609383' />
  <node id='7182481954' action='delete' timestamp='2020-02-03T20:45:31Z' uid='10630556' user='Night_biker' visible='true' version='1' changeset='80498255' lat='-22.8234694' lon='-47.0620845' />
  <node id='7182481958' action='delete' timestamp='2020-12-21T08:39:01Z' uid='10653060' user='Condado' visible='true' version='2' changeset='96179114' lat='-22.8233854' lon='-47.0620566' />
  <node id='7182481959' action='delete' timestamp='2020-02-03T20:45:31Z' uid='10630556' user='Night_biker' visible='true' version='1' changeset='80498255' lat='-22.82286' lon='-47.06223' />
  <node id='7182519377' action='delete' timestamp='2024-02-26T14:42:50Z' uid='10661323' user='Thiago AG' visible='true' version='3' changeset='147935231' lat='-22.8255939' lon='-47.066975' />
  <node id='7401656325' action='delete' timestamp='2020-04-14T10:55:50Z' uid='10652829' user='DnieperBasin' visible='true' version='1' changeset='83529437' lat='-22.8119768' lon='-47.0680395' />
  <node id='7652274648' action='delete' timestamp='2024-04-16T19:36:23Z' uid='20409850' user='VLD279' visible='true' version='3' changeset='150100598' lat='-22.8219928' lon='-47.0693839' />
  <node id='7737763631' timestamp='2021-05-06T23:27:16Z' uid='12781306' user='LumosMaxima1' visible='true' version='3' changeset='104277929' lat='-22.8143523' lon='-47.0585477' />
  <node id='7737763632' timestamp='2021-05-06T23:36:36Z' uid='12781306' user='LumosMaxima1' visible='true' version='4' changeset='104278102' lat='-22.8143804' lon='-47.058556' />
  <node id='7737763633' timestamp='2021-05-06T23:36:36Z' uid='12781306' user='LumosMaxima1' visible='true' version='4' changeset='104278102' lat='-22.8144031' lon='-47.0585801' />
  <node id='7737763634' timestamp='2021-05-06T23:36:36Z' uid='12781306' user='LumosMaxima1' visible='true' version='5' changeset='104278102' lat='-22.814422' lon='-47.0586396' />
  <node id='7773725622' action='delete' timestamp='2021-05-07T23:29:37Z' uid='12781306' user='LumosMaxima1' visible='true' version='2' changeset='104344636' lat='-22.8180067' lon='-47.0582572' />
  <node id='7773725623' action='delete' timestamp='2020-07-31T18:15:34Z' uid='11225848' user='madsforwhat' visible='true' version='1' changeset='88794157' lat='-22.8179832' lon='-47.0582356' />
  <node id='7791442063' action='delete' timestamp='2021-05-10T16:31:34Z' uid='12781306' user='LumosMaxima1' visible='true' version='2' changeset='104464437' lat='-22.8172836' lon='-47.0634072' />
  <node id='7791442064' action='delete' timestamp='2021-05-10T16:31:34Z' uid='12781306' user='LumosMaxima1' visible='true' version='2' changeset='104464437' lat='-22.8172954' lon='-47.0633731' />
  <node id='7791442065' action='delete' timestamp='2021-05-10T16:31:34Z' uid='12781306' user='LumosMaxima1' visible='true' version='2' changeset='104464437' lat='-22.8171122' lon='-47.06339' />
  <node id='7791442066' action='delete' timestamp='2021-05-10T16:31:34Z' uid='12781306' user='LumosMaxima1' visible='true' version='2' changeset='104464437' lat='-22.8171037' lon='-47.0633505' />
  <node id='7791445299' action='delete' timestamp='2020-08-06T11:45:35Z' uid='10888604' user='Metuje' visible='true' version='1' changeset='89036819' lat='-22.8142465' lon='-47.065258' />
  <node id='7791445300' action='delete' timestamp='2020-08-06T11:45:35Z' uid='10888604' user='Metuje' visible='true' version='1' changeset='89036819' lat='-22.814278' lon='-47.0652553' />
  <node id='7791445301' action='delete' timestamp='2020-08-06T11:45:35Z' uid='10888604' user='Metuje' visible='true' version='1' changeset='89036819' lat='-22.8143887' lon='-47.0651672' />
  <node id='7791445302' action='delete' timestamp='2020-08-06T11:45:35Z' uid='10888604' user='Metuje' visible='true' version='1' changeset='89036819' lat='-22.8143812' lon='-47.0651467' />
  <node id='7791445303' action='delete' timestamp='2020-08-06T11:45:35Z' uid='10888604' user='Metuje' visible='true' version='1' changeset='89036819' lat='-22.8140537' lon='-47.0647209' />
  <node id='7791445304' action='delete' timestamp='2020-08-06T11:45:35Z' uid='10888604' user='Metuje' visible='true' version='1' changeset='89036819' lat='-22.814071' lon='-47.0647015' />
  <node id='7791445305' action='delete' timestamp='2020-08-06T11:45:35Z' uid='10888604' user='Metuje' visible='true' version='1' changeset='89036819' lat='-22.8133799' lon='-47.0654287' />
  <node id='7791445306' action='delete' timestamp='2020-08-06T11:45:35Z' uid='10888604' user='Metuje' visible='true' version='1' changeset='89036819' lat='-22.8133923' lon='-47.0654163' />
  <node id='7791445307' action='delete' timestamp='2020-08-06T11:45:35Z' uid='10888604' user='Metuje' visible='true' version='1' changeset='89036819' lat='-22.813901' lon='-47.0648976' />
  <node id='7791445308' action='delete' timestamp='2020-08-06T11:45:35Z' uid='10888604' user='Metuje' visible='true' version='1' changeset='89036819' lat='-22.8138917' lon='-47.0649134' />
  <node id='7791445309' action='delete' timestamp='2020-08-27T07:04:29Z' uid='10653302' user='HangingLake' visible='true' version='2' changeset='90008548' lat='-22.8145994' lon='-47.0607875' />
  <node id='7791445310' action='delete' timestamp='2020-08-27T07:04:29Z' uid='10653302' user='HangingLake' visible='true' version='2' changeset='90008548' lat='-22.8145787' lon='-47.0607801' />
  <node id='7791445311' action='delete' timestamp='2020-08-27T07:04:29Z' uid='10653302' user='HangingLake' visible='true' version='2' changeset='90008548' lat='-22.814404' lon='-47.0607848' />
  <node id='7791445312' action='delete' timestamp='2020-08-27T07:04:29Z' uid='10653302' user='HangingLake' visible='true' version='2' changeset='90008548' lat='-22.8143831' lon='-47.0608109' />
  <node id='7791445313' action='delete' timestamp='2020-08-06T11:45:35Z' uid='10888604' user='Metuje' visible='true' version='1' changeset='89036819' lat='-22.8145182' lon='-47.0620317' />
  <node id='7791445314' action='delete' timestamp='2020-08-27T07:04:29Z' uid='10653302' user='HangingLake' visible='true' version='2' changeset='90008548' lat='-22.8147017' lon='-47.0619545' />
  <node id='7791445315' action='delete' timestamp='2020-08-06T11:45:35Z' uid='10888604' user='Metuje' visible='true' version='1' changeset='89036819' lat='-22.8146782' lon='-47.0619542' />
  <node id='7791445316' action='delete' timestamp='2020-08-06T11:45:35Z' uid='10888604' user='Metuje' visible='true' version='1' changeset='89036819' lat='-22.8145259' lon='-47.0620189' />
  <node id='7791445317' action='delete' timestamp='2020-08-06T11:45:35Z' uid='10888604' user='Metuje' visible='true' version='1' changeset='89036819' lat='-22.8155599' lon='-47.0593927' />
  <node id='7791445318' action='delete' timestamp='2020-08-06T11:45:35Z' uid='10888604' user='Metuje' visible='true' version='1' changeset='89036819' lat='-22.8155402' lon='-47.0593934' />
  <node id='7791445319' action='delete' timestamp='2020-08-06T11:45:35Z' uid='10888604' user='Metuje' visible='true' version='1' changeset='89036819' lat='-22.8153387' lon='-47.0593424' />
  <node id='7791445320' action='delete' timestamp='2020-08-06T11:45:35Z' uid='10888604' user='Metuje' visible='true' version='1' changeset='89036819' lat='-22.8153424' lon='-47.0593257' />
  <node id='7791445321' action='delete' timestamp='2020-08-06T11:45:35Z' uid='10888604' user='Metuje' visible='true' version='1' changeset='89036819' lat='-22.8163987' lon='-47.058235' />
  <node id='7791445322' action='delete' timestamp='2020-08-06T11:45:35Z' uid='10888604' user='Metuje' visible='true' version='1' changeset='89036819' lat='-22.8163981' lon='-47.0582125' />
  <node id='7791445323' action='delete' timestamp='2020-08-06T11:45:35Z' uid='10888604' user='Metuje' visible='true' version='1' changeset='89036819' lat='-22.8172281' lon='-47.0583663' />
  <node id='7791445324' action='delete' timestamp='2020-08-06T11:45:35Z' uid='10888604' user='Metuje' visible='true' version='1' changeset='89036819' lat='-22.8172368' lon='-47.0583607' />
  <node id='7791445325' action='delete' timestamp='2021-05-07T23:29:37Z' uid='12781306' user='LumosMaxima1' visible='true' version='2' changeset='104344636' lat='-22.8162565' lon='-47.059487' />
  <node id='7791445326' action='delete' timestamp='2021-05-07T23:29:37Z' uid='12781306' user='LumosMaxima1' visible='true' version='2' changeset='104344636' lat='-22.8162783' lon='-47.0595016' />
  <node id='7791445327' action='delete' timestamp='2021-05-07T23:29:37Z' uid='12781306' user='LumosMaxima1' visible='true' version='2' changeset='104344636' lat='-22.8165734' lon='-47.0595611' />
  <node id='7791445328' action='delete' timestamp='2021-05-07T23:29:37Z' uid='12781306' user='LumosMaxima1' visible='true' version='2' changeset='104344636' lat='-22.8165527' lon='-47.0595589' />
  <node id='7791445329' action='delete' timestamp='2021-05-07T23:29:37Z' uid='12781306' user='LumosMaxima1' visible='true' version='2' changeset='104344636' lat='-22.8170379' lon='-47.0596382' />
  <node id='7791445330' action='delete' timestamp='2021-05-07T23:29:37Z' uid='12781306' user='LumosMaxima1' visible='true' version='2' changeset='104344636' lat='-22.8170419' lon='-47.0596585' />
  <node id='7791445331' action='delete' timestamp='2021-05-07T23:29:37Z' uid='12781306' user='LumosMaxima1' visible='true' version='2' changeset='104344636' lat='-22.8173552' lon='-47.0597051' />
  <node id='7791445332' action='delete' timestamp='2021-05-07T23:29:37Z' uid='12781306' user='LumosMaxima1' visible='true' version='2' changeset='104344636' lat='-22.8173462' lon='-47.0597222' />
  <node id='7791445333' timestamp='2020-08-06T11:45:35Z' uid='10888604' user='Metuje' visible='true' version='1' changeset='89036819' lat='-22.8157936' lon='-47.060701' />
  <node id='7791445334' timestamp='2020-08-06T11:45:35Z' uid='10888604' user='Metuje' visible='true' version='1' changeset='89036819' lat='-22.815788' lon='-47.060717' />
  <node id='7791445335' timestamp='2020-08-06T11:45:35Z' uid='10888604' user='Metuje' visible='true' version='1' changeset='89036819' lat='-22.8164481' lon='-47.060701' />
  <node id='7791445336' timestamp='2020-08-06T11:45:35Z' uid='10888604' user='Metuje' visible='true' version='1' changeset='89036819' lat='-22.8164679' lon='-47.0607264' />
  <node id='7791445337' timestamp='2020-08-06T11:45:35Z' uid='10888604' user='Metuje' visible='true' version='1' changeset='89036819' lat='-22.8177059' lon='-47.0607727' />
  <node id='7791445338' timestamp='2020-08-06T11:45:35Z' uid='10888604' user='Metuje' visible='true' version='1' changeset='89036819' lat='-22.8176806' lon='-47.0607479' />
  <node id='7791445339' timestamp='2020-08-06T11:45:35Z' uid='10888604' user='Metuje' visible='true' version='1' changeset='89036819' lat='-22.8170316' lon='-47.0607197' />
  <node id='7791445340' timestamp='2020-08-06T11:45:35Z' uid='10888604' user='Metuje' visible='true' version='1' changeset='89036819' lat='-22.8170297' lon='-47.0607372' />
  <node id='7829392268' action='delete' timestamp='2020-08-20T11:49:52Z' uid='10888604' user='Metuje' visible='true' version='1' changeset='89689863' lat='-22.812098' lon='-47.0690118' />
  <node id='7829392270' action='delete' timestamp='2020-08-20T11:49:52Z' uid='10888604' user='Metuje' visible='true' version='1' changeset='89689863' lat='-22.8130684' lon='-47.064334' />
  <node id='7829392271' action='delete' timestamp='2020-08-20T11:49:52Z' uid='10888604' user='Metuje' visible='true' version='1' changeset='89689863' lat='-22.8129717' lon='-47.0643816' />
  <node id='7829392272' action='delete' timestamp='2020-08-20T11:49:52Z' uid='10888604' user='Metuje' visible='true' version='1' changeset='89689863' lat='-22.8130153' lon='-47.0643581' />
  <node id='7829392273' action='delete' timestamp='2020-08-20T11:49:52Z' uid='10888604' user='Metuje' visible='true' version='1' changeset='89689863' lat='-22.8129337' lon='-47.0644265' />
  <node id='7829392274' action='delete' timestamp='2020-08-20T11:49:52Z' uid='10888604' user='Metuje' visible='true' version='1' changeset='89689863' lat='-22.812904' lon='-47.0645365' />
  <node id='7829392275' action='delete' timestamp='2021-05-06T23:27:16Z' uid='12781306' user='LumosMaxima1' visible='true' version='2' changeset='104277929' lat='-22.8131784' lon='-47.0641702' />
  <node id='7829392276' action='delete' timestamp='2021-05-06T23:27:16Z' uid='12781306' user='LumosMaxima1' visible='true' version='2' changeset='104277929' lat='-22.8131624' lon='-47.0640667' />
  <node id='7829392277' action='delete' timestamp='2021-05-06T23:27:16Z' uid='12781306' user='LumosMaxima1' visible='true' version='2' changeset='104277929' lat='-22.8131624' lon='-47.0639331' />
  <node id='7829392278' action='delete' timestamp='2021-05-06T23:27:16Z' uid='12781306' user='LumosMaxima1' visible='true' version='2' changeset='104277929' lat='-22.8136687' lon='-47.0609394' />
  <node id='7829392279' action='delete' timestamp='2021-05-06T23:27:16Z' uid='12781306' user='LumosMaxima1' visible='true' version='2' changeset='104277929' lat='-22.8137512' lon='-47.060438' />
  <node id='7829392280' action='delete' timestamp='2021-05-06T23:36:36Z' uid='12781306' user='LumosMaxima1' visible='true' version='2' changeset='104278102' lat='-22.8138453' lon='-47.0599694' />
  <node id='7829392281' action='delete' timestamp='2021-05-06T23:36:36Z' uid='12781306' user='LumosMaxima1' visible='true' version='2' changeset='104278102' lat='-22.8139053' lon='-47.0597401' />
  <node id='7829392282' action='delete' timestamp='2021-05-06T23:36:36Z' uid='12781306' user='LumosMaxima1' visible='true' version='2' changeset='104278102' lat='-22.8139368' lon='-47.0596663' />
  <node id='7829392283' action='delete' timestamp='2021-05-06T23:36:36Z' uid='12781306' user='LumosMaxima1' visible='true' version='3' changeset='104278102' lat='-22.8142082' lon='-47.0591725' />
  <node id='7829392284' action='delete' timestamp='2021-05-06T23:36:36Z' uid='12781306' user='LumosMaxima1' visible='true' version='3' changeset='104278102' lat='-22.8142602' lon='-47.0591185' />
  <node id='7829422385' action='delete' timestamp='2021-05-06T23:36:36Z' uid='12781306' user='LumosMaxima1' visible='true' version='3' changeset='104278102' lat='-22.8145396' lon='-47.0584377' />
  <node id='7829422386' action='delete' timestamp='2021-05-06T23:36:36Z' uid='12781306' user='LumosMaxima1' visible='true' version='3' changeset='104278102' lat='-22.8145967' lon='-47.0572793' />
  <node id='7829422387' action='delete' timestamp='2021-05-06T23:36:36Z' uid='12781306' user='LumosMaxima1' visible='true' version='3' changeset='104278102' lat='-22.8145958' lon='-47.0571511' />
  <node id='7829422388' action='delete' timestamp='2021-05-06T23:36:36Z' uid='12781306' user='LumosMaxima1' visible='true' version='3' changeset='104278102' lat='-22.8146018' lon='-47.0571044' />
  <node id='7829422389' action='delete' timestamp='2021-05-06T23:27:16Z' uid='12781306' user='LumosMaxima1' visible='true' version='2' changeset='104277929' lat='-22.8132143' lon='-47.0636172' />
  <node id='7829422390' action='delete' timestamp='2022-04-27T17:25:05Z' uid='10661323' user='Thiago AG' visible='true' version='3' changeset='120270120' lat='-22.8127018' lon='-47.0649844' />
  <node id='7829422394' action='delete' timestamp='2021-05-19T06:45:31Z' uid='10409748' user='MillMountain' visible='true' version='2' changeset='104933746' lat='-22.8123637' lon='-47.0649396' />
  <node id='7829422395' action='delete' timestamp='2022-04-27T17:25:05Z' uid='10661323' user='Thiago AG' visible='true' version='3' changeset='120270120' lat='-22.8120297' lon='-47.0650446' />
  <node id='7829422396' action='delete' timestamp='2021-05-06T23:36:36Z' uid='12781306' user='LumosMaxima1' visible='true' version='3' changeset='104278102' lat='-22.8145754' lon='-47.058289' />
  <node id='7829422397' action='delete' timestamp='2021-05-06T23:36:36Z' uid='12781306' user='LumosMaxima1' visible='true' version='3' changeset='104278102' lat='-22.8144841' lon='-47.0585884' />
  <node id='7829422398' action='delete' timestamp='2021-05-06T23:36:36Z' uid='12781306' user='LumosMaxima1' visible='true' version='3' changeset='104278102' lat='-22.8144256' lon='-47.0587437' />
  <node id='7829422399' action='delete' timestamp='2020-08-20T11:49:52Z' uid='10888604' user='Metuje' visible='true' version='1' changeset='89689863' lat='-22.8151786' lon='-47.0572516' />
  <node id='7829422400' action='delete' timestamp='2020-08-20T11:49:52Z' uid='10888604' user='Metuje' visible='true' version='1' changeset='89689863' lat='-22.815903' lon='-47.057772' />
  <node id='7829422401' action='delete' timestamp='2020-08-20T11:49:52Z' uid='10888604' user='Metuje' visible='true' version='1' changeset='89689863' lat='-22.8168054' lon='-47.0580161' />
  <node id='7829422402' action='delete' timestamp='2020-08-20T11:49:52Z' uid='10888604' user='Metuje' visible='true' version='1' changeset='89689863' lat='-22.817332' lon='-47.0581019' />
  <node id='7829422403' action='delete' timestamp='2020-08-20T11:49:52Z' uid='10888604' user='Metuje' visible='true' version='1' changeset='89689863' lat='-22.8187437' lon='-47.058346' />
  <node id='7829422404' action='delete' timestamp='2020-08-20T11:49:52Z' uid='10888604' user='Metuje' visible='true' version='1' changeset='89689863' lat='-22.8211368' lon='-47.059325' />
  <node id='7829422405' action='delete' timestamp='2020-08-20T11:49:52Z' uid='10888604' user='Metuje' visible='true' version='1' changeset='89689863' lat='-22.8204273' lon='-47.0588368' />
  <node id='7829422406' action='delete' timestamp='2020-08-20T11:49:52Z' uid='10888604' user='Metuje' visible='true' version='1' changeset='89689863' lat='-22.8204322' lon='-47.058987' />
  <node id='7829422407' action='delete' timestamp='2020-08-20T11:49:52Z' uid='10888604' user='Metuje' visible='true' version='1' changeset='89689863' lat='-22.8220145' lon='-47.0594457' />
  <node id='7829422408' action='delete' timestamp='2022-03-27T16:38:45Z' uid='10661323' user='Thiago AG' visible='true' version='2' changeset='118988257' lat='-22.8295768' lon='-47.0580563' />
  <node id='7829422410' action='delete' timestamp='2020-08-20T11:49:52Z' uid='10888604' user='Metuje' visible='true' version='1' changeset='89689863' lat='-22.8301454' lon='-47.0580483' />
  <node id='7829422411' action='delete' timestamp='2020-08-20T11:49:52Z' uid='10888604' user='Metuje' visible='true' version='1' changeset='89689863' lat='-22.8306645' lon='-47.0580348' />
  <node id='7829422412' action='delete' timestamp='2022-03-27T16:38:45Z' uid='10661323' user='Thiago AG' visible='true' version='2' changeset='118988257' lat='-22.83128' lon='-47.0579837' />
  <node id='7829422413' action='delete' timestamp='2022-03-27T16:38:45Z' uid='10661323' user='Thiago AG' visible='true' version='2' changeset='118988257' lat='-22.8316718' lon='-47.0579964' />
  <node id='7829422417' action='delete' timestamp='2022-07-13T12:18:12Z' uid='10661323' user='Thiago AG' visible='true' version='3' changeset='123563084' lat='-22.8334684' lon='-47.0601909' />
  <node id='7829422418' action='delete' timestamp='2020-12-17T05:42:44Z' uid='10653060' user='Condado' visible='true' version='2' changeset='95977743' lat='-22.8334777' lon='-47.0603522' />
  <node id='7829422419' action='delete' timestamp='2020-08-20T11:49:52Z' uid='10888604' user='Metuje' visible='true' version='1' changeset='89689863' lat='-22.8334654' lon='-47.0604864' />
  <node id='7829422420' action='delete' timestamp='2020-08-20T11:49:52Z' uid='10888604' user='Metuje' visible='true' version='1' changeset='89689863' lat='-22.8334159' lon='-47.0606379' />
  <node id='7829422421' action='delete' timestamp='2020-08-20T11:49:52Z' uid='10888604' user='Metuje' visible='true' version='1' changeset='89689863' lat='-22.8333232' lon='-47.0607694' />
  <node id='7829422425' action='delete' timestamp='2020-08-20T11:49:52Z' uid='10888604' user='Metuje' visible='true' version='1' changeset='89689863' lat='-22.8331143' lon='-47.0609477' />
  <node id='7829422426' action='delete' timestamp='2020-08-20T11:49:52Z' uid='10888604' user='Metuje' visible='true' version='1' changeset='89689863' lat='-22.8329116' lon='-47.0610684' />
  <node id='7829422427' action='delete' timestamp='2020-08-20T11:49:52Z' uid='10888604' user='Metuje' visible='true' version='1' changeset='89689863' lat='-22.8289365' lon='-47.0659849' />
  <node id='7829422428' action='delete' timestamp='2020-08-20T11:49:52Z' uid='10888604' user='Metuje' visible='true' version='1' changeset='89689863' lat='-22.8283037' lon='-47.0665884' />
  <node id='7829422429' action='delete' timestamp='2020-08-20T11:49:52Z' uid='10888604' user='Metuje' visible='true' version='1' changeset='89689863' lat='-22.8270886' lon='-47.0676774' />
  <node id='7829422430' action='delete' timestamp='2024-02-26T14:42:50Z' uid='10661323' user='Thiago AG' visible='true' version='2' changeset='147935231' lat='-22.8255175' lon='-47.0668299' />
  <node id='7829422431' action='delete' timestamp='2024-02-26T14:42:50Z' uid='10661323' user='Thiago AG' visible='true' version='2' changeset='147935231' lat='-22.8239998' lon='-47.0680673' />
  <node id='7829422432' action='delete' timestamp='2020-08-20T11:49:52Z' uid='10888604' user='Metuje' visible='true' version='1' changeset='89689863' lat='-22.8232011' lon='-47.0685786' />
  <node id='7829422433' action='delete' timestamp='2020-08-20T11:49:52Z' uid='10888604' user='Metuje' visible='true' version='1' changeset='89689863' lat='-22.8231307' lon='-47.0686101' />
  <node id='7829422434' action='delete' timestamp='2020-08-20T11:49:52Z' uid='10888604' user='Metuje' visible='true' version='1' changeset='89689863' lat='-22.8232395' lon='-47.0685571' />
  <node id='7829422441' action='delete' timestamp='2024-04-16T19:36:23Z' uid='20409850' user='VLD279' visible='true' version='3' changeset='150100598' lat='-22.8219654' lon='-47.0693701' />
  <node id='7829422443' action='delete' timestamp='2020-08-20T11:49:52Z' uid='10888604' user='Metuje' visible='true' version='1' changeset='89689863' lat='-22.821656' lon='-47.069563' />
  <node id='7829422445' action='delete' timestamp='2024-02-26T14:42:50Z' uid='10661323' user='Thiago AG' visible='true' version='2' changeset='147935231' lat='-22.8217236' lon='-47.0694275' />
  <node id='7829422446' action='delete' timestamp='2024-02-26T14:42:50Z' uid='10661323' user='Thiago AG' visible='true' version='2' changeset='147935231' lat='-22.8217169' lon='-47.0694797' />
  <node id='7829422447' action='delete' timestamp='2020-08-20T11:49:52Z' uid='10888604' user='Metuje' visible='true' version='1' changeset='89689863' lat='-22.821685' lon='-47.0695221' />
  <node id='7829422448' action='delete' timestamp='2020-08-20T11:49:52Z' uid='10888604' user='Metuje' visible='true' version='1' changeset='89689863' lat='-22.8216375' lon='-47.0696066' />
  <node id='7829422449' action='delete' timestamp='2020-08-20T11:49:52Z' uid='10888604' user='Metuje' visible='true' version='1' changeset='89689863' lat='-22.8216201' lon='-47.0696522' />
  <node id='7829422450' action='delete' timestamp='2020-08-20T11:49:52Z' uid='10888604' user='Metuje' visible='true' version='1' changeset='89689863' lat='-22.8216152' lon='-47.069744' />
  <node id='7829422451' action='delete' timestamp='2020-08-20T11:49:52Z' uid='10888604' user='Metuje' visible='true' version='1' changeset='89689863' lat='-22.8216894' lon='-47.0699345' />
  <node id='7829422452' action='delete' timestamp='2020-08-20T11:49:52Z' uid='10888604' user='Metuje' visible='true' version='1' changeset='89689863' lat='-22.8216888' lon='-47.0699593' />
  <node id='7829422453' action='delete' timestamp='2020-08-20T11:49:52Z' uid='10888604' user='Metuje' visible='true' version='1' changeset='89689863' lat='-22.82163' lon='-47.069803' />
  <node id='7829422454' action='delete' timestamp='2020-08-20T11:49:52Z' uid='10888604' user='Metuje' visible='true' version='1' changeset='89689863' lat='-22.8216473' lon='-47.0698513' />
  <node id='7829422455' action='delete' timestamp='2020-08-20T11:49:52Z' uid='10888604' user='Metuje' visible='true' version='1' changeset='89689863' lat='-22.8216696' lon='-47.0699063' />
  <node id='7829422456' action='delete' timestamp='2020-08-20T11:49:52Z' uid='10888604' user='Metuje' visible='true' version='1' changeset='89689863' lat='-22.8216733' lon='-47.0699975' />
  <node id='7829422457' action='delete' timestamp='2020-08-20T11:49:52Z' uid='10888604' user='Metuje' visible='true' version='1' changeset='89689863' lat='-22.8215744' lon='-47.070086' />
  <node id='7829422458' action='delete' timestamp='2020-08-20T11:49:52Z' uid='10888604' user='Metuje' visible='true' version='1' changeset='89689863' lat='-22.821525' lon='-47.0701584' />
  <node id='7829422460' action='delete' timestamp='2020-08-20T11:49:52Z' uid='10888604' user='Metuje' visible='true' version='1' changeset='89689863' lat='-22.8210899' lon='-47.0705326' />
  <node id='7829422461' action='delete' timestamp='2020-08-20T11:49:52Z' uid='10888604' user='Metuje' visible='true' version='1' changeset='89689863' lat='-22.8209162' lon='-47.0707123' />
  <node id='7829422462' action='delete' timestamp='2020-08-20T11:49:52Z' uid='10888604' user='Metuje' visible='true' version='1' changeset='89689863' lat='-22.8208185' lon='-47.0708028' />
  <node id='7829422464' action='delete' timestamp='2020-08-20T11:49:52Z' uid='10888604' user='Metuje' visible='true' version='1' changeset='89689863' lat='-22.8207141' lon='-47.0709052' />
  <node id='7829422465' action='delete' timestamp='2020-08-20T11:49:52Z' uid='10888604' user='Metuje' visible='true' version='1' changeset='89689863' lat='-22.8203908' lon='-47.0712166' />
  <node id='7829422466' action='delete' timestamp='2020-08-20T11:49:52Z' uid='10888604' user='Metuje' visible='true' version='1' changeset='89689863' lat='-22.8201232' lon='-47.0714633' />
  <node id='7829422467' action='delete' timestamp='2020-08-20T11:49:52Z' uid='10888604' user='Metuje' visible='true' version='1' changeset='89689863' lat='-22.819719' lon='-47.0718348' />
  <node id='7829422469' action='delete' timestamp='2020-08-20T11:49:52Z' uid='10888604' user='Metuje' visible='true' version='1' changeset='89689863' lat='-22.8195917' lon='-47.0719381' />
  <node id='7829422470' action='delete' timestamp='2020-08-20T11:49:52Z' uid='10888604' user='Metuje' visible='true' version='1' changeset='89689863' lat='-22.8188568' lon='-47.0722291' />
  <node id='7829422471' action='delete' timestamp='2020-08-20T11:49:52Z' uid='10888604' user='Metuje' visible='true' version='1' changeset='89689863' lat='-22.8189186' lon='-47.0722405' />
  <node id='7829422472' action='delete' timestamp='2020-08-20T11:49:52Z' uid='10888604' user='Metuje' visible='true' version='1' changeset='89689863' lat='-22.8190169' lon='-47.0722418' />
  <node id='7829422473' action='delete' timestamp='2020-08-20T11:49:52Z' uid='10888604' user='Metuje' visible='true' version='1' changeset='89689863' lat='-22.8191219' lon='-47.0722224' />
  <node id='7829422474' action='delete' timestamp='2020-08-20T11:49:52Z' uid='10888604' user='Metuje' visible='true' version='1' changeset='89689863' lat='-22.8193401' lon='-47.0721037' />
  <node id='7829422475' action='delete' timestamp='2024-02-26T14:42:50Z' uid='10661323' user='Thiago AG' visible='true' version='2' changeset='147935231' lat='-22.8188246' lon='-47.0722199' />
  <node id='7829422476' action='delete' timestamp='2024-02-26T14:42:50Z' uid='10661323' user='Thiago AG' visible='true' version='2' changeset='147935231' lat='-22.8187859' lon='-47.0722014' />
  <node id='7829422477' action='delete' timestamp='2024-02-26T14:42:50Z' uid='10661323' user='Thiago AG' visible='true' version='2' changeset='147935231' lat='-22.8187359' lon='-47.0721813' />
  <node id='7829422478' action='delete' timestamp='2024-02-26T14:42:50Z' uid='10661323' user='Thiago AG' visible='true' version='2' changeset='147935231' lat='-22.8186683' lon='-47.0721338' />
  <node id='7829422479' action='delete' timestamp='2024-02-26T14:42:50Z' uid='10661323' user='Thiago AG' visible='true' version='2' changeset='147935231' lat='-22.8185891' lon='-47.0720865' />
  <node id='7829422480' action='delete' timestamp='2024-02-26T14:42:50Z' uid='10661323' user='Thiago AG' visible='true' version='2' changeset='147935231' lat='-22.8185004' lon='-47.0720522' />
  <node id='7829422481' action='delete' timestamp='2024-02-26T14:42:50Z' uid='10661323' user='Thiago AG' visible='true' version='2' changeset='147935231' lat='-22.8184318' lon='-47.0720431' />
  <node id='7829422482' action='delete' timestamp='2024-02-26T14:42:50Z' uid='10661323' user='Thiago AG' visible='true' version='2' changeset='147935231' lat='-22.8183732' lon='-47.0720407' />
  <node id='7829422483' action='delete' timestamp='2024-02-26T14:42:50Z' uid='10661323' user='Thiago AG' visible='true' version='2' changeset='147935231' lat='-22.8183198' lon='-47.0720432' />
  <node id='7829422484' action='delete' timestamp='2024-02-26T14:42:50Z' uid='10661323' user='Thiago AG' visible='true' version='2' changeset='147935231' lat='-22.8182582' lon='-47.0720495' />
  <node id='7829422485' action='delete' timestamp='2024-02-26T14:42:50Z' uid='10661323' user='Thiago AG' visible='true' version='2' changeset='147935231' lat='-22.8182097' lon='-47.0720529' />
  <node id='7829422486' action='delete' timestamp='2024-02-26T14:42:50Z' uid='10661323' user='Thiago AG' visible='true' version='2' changeset='147935231' lat='-22.8181507' lon='-47.0720589' />
  <node id='7829422487' action='delete' timestamp='2024-02-26T14:42:50Z' uid='10661323' user='Thiago AG' visible='true' version='2' changeset='147935231' lat='-22.8180938' lon='-47.072072' />
  <node id='7829422489' action='delete' timestamp='2024-02-26T14:42:50Z' uid='10661323' user='Thiago AG' visible='true' version='2' changeset='147935231' lat='-22.8179646' lon='-47.0721937' />
  <node id='7829422490' action='delete' timestamp='2024-02-26T14:42:50Z' uid='10661323' user='Thiago AG' visible='true' version='2' changeset='147935231' lat='-22.8179655' lon='-47.0723201' />
  <node id='7829422491' action='delete' timestamp='2024-02-26T14:42:50Z' uid='10661323' user='Thiago AG' visible='true' version='2' changeset='147935231' lat='-22.8179244' lon='-47.0724418' />
  <node id='7829422492' action='delete' timestamp='2024-02-26T14:42:50Z' uid='10661323' user='Thiago AG' visible='true' version='2' changeset='147935231' lat='-22.8179527' lon='-47.0726751' />
  <node id='7829422493' action='delete' timestamp='2024-02-26T14:42:50Z' uid='10661323' user='Thiago AG' visible='true' version='2' changeset='147935231' lat='-22.8179867' lon='-47.0727081' />
  <node id='7848602364' action='delete' timestamp='2020-08-27T07:04:29Z' uid='10653302' user='HangingLake' visible='true' version='1' changeset='90008548' lat='-22.8131302' lon='-47.0578283' />
  <node id='7848602365' action='delete' timestamp='2020-08-27T07:04:29Z' uid='10653302' user='HangingLake' visible='true' version='1' changeset='90008548' lat='-22.8131379' lon='-47.0578109' />
  <node id='7848602366' action='delete' timestamp='2020-08-27T07:04:29Z' uid='10653302' user='HangingLake' visible='true' version='1' changeset='90008548' lat='-22.8131327' lon='-47.0579232' />
  <node id='7848602367' action='delete' timestamp='2020-08-27T07:04:29Z' uid='10653302' user='HangingLake' visible='true' version='1' changeset='90008548' lat='-22.8131392' lon='-47.0579396' />
  <node id='7848602368' action='delete' timestamp='2020-08-27T07:04:29Z' uid='10653302' user='HangingLake' visible='true' version='1' changeset='90008548' lat='-22.8137978' lon='-47.0568238' />
  <node id='7848602369' action='delete' timestamp='2020-08-27T07:04:29Z' uid='10653302' user='HangingLake' visible='true' version='1' changeset='90008548' lat='-22.8137879' lon='-47.0568084' />
  <node id='7848602370' action='delete' timestamp='2020-08-27T07:04:29Z' uid='10653302' user='HangingLake' visible='true' version='1' changeset='90008548' lat='-22.8139853' lon='-47.0575436' />
  <node id='7848602371' action='delete' timestamp='2020-08-27T07:04:29Z' uid='10653302' user='HangingLake' visible='true' version='1' changeset='90008548' lat='-22.8141909' lon='-47.0581448' />
  <node id='7848602372' action='delete' timestamp='2021-08-05T06:36:53Z' uid='12369933' user='Namunukula' visible='true' version='4' changeset='109180463' lat='-22.8141198' lon='-47.0584064' />
  <node id='7848602373' action='delete' timestamp='2021-08-05T06:36:53Z' uid='12369933' user='Namunukula' visible='true' version='4' changeset='109180463' lat='-22.8141538' lon='-47.0584318'>
    <tag k='barrier' v='gate' />
  </node>
  <node id='7849796709' timestamp='2024-01-31T06:31:53Z' uid='17110751' user='TetnuldiPeak' visible='true' version='5' changeset='146889614' lat='-22.8142932' lon='-47.0588222'>
    <tag k='barrier' v='block' />
  </node>
  <node id='7849796710' timestamp='2021-05-06T23:27:16Z' uid='12781306' user='LumosMaxima1' visible='true' version='2' changeset='104277929' lat='-22.813449' lon='-47.0618427' />
  <node id='7849796711' timestamp='2021-05-06T23:27:16Z' uid='12781306' user='LumosMaxima1' visible='true' version='2' changeset='104277929' lat='-22.8134705' lon='-47.0615031' />
  <node id='7849902468' action='delete' timestamp='2023-02-28T01:29:17Z' uid='16547666' user='AzuisRiver' visible='true' version='2' changeset='133109442' lat='-22.8133441' lon='-47.0602731' />
  <node id='7849902469' action='delete' timestamp='2020-08-27T13:23:50Z' uid='10653302' user='HangingLake' visible='true' version='2' changeset='90029955' lat='-22.8133564' lon='-47.0603278' />
  <node id='7849902470' action='delete' timestamp='2020-08-27T13:23:50Z' uid='10653302' user='HangingLake' visible='true' version='2' changeset='90029955' lat='-22.8133756' lon='-47.0603382' />
  <node id='7849902471' action='delete' timestamp='2020-08-27T13:23:50Z' uid='10653302' user='HangingLake' visible='true' version='2' changeset='90029955' lat='-22.8134801' lon='-47.0603449' />
  <node id='7849902472' timestamp='2021-05-06T23:36:36Z' uid='12781306' user='LumosMaxima1' visible='true' version='3' changeset='104278102' lat='-22.8136198' lon='-47.0603596' />
  <node id='7849902473' action='delete' timestamp='2020-08-27T13:05:35Z' uid='10653302' user='HangingLake' visible='true' version='1' changeset='90029109' lat='-22.8127581' lon='-47.0607117' />
  <node id='7849902474' timestamp='2021-05-06T23:36:36Z' uid='12781306' user='LumosMaxima1' visible='true' version='3' changeset='104278102' lat='-22.8135719' lon='-47.0606414' />
  <node id='7849902475' action='delete' timestamp='2021-05-06T23:27:16Z' uid='12781306' user='LumosMaxima1' visible='true' version='2' changeset='104277929' lat='-22.8129492' lon='-47.0611719' />
  <node id='7849902476' action='delete' timestamp='2024-09-11T18:01:53Z' uid='379585' user='TByte' visible='true' version='3' changeset='156496723' lat='-22.8128284' lon='-47.0611965' />
  <node id='7849902477' action='delete' timestamp='2024-09-11T18:01:53Z' uid='379585' user='TByte' visible='true' version='3' changeset='156496723' lat='-22.8128507' lon='-47.061232' />
  <node id='7849902478' action='delete' timestamp='2024-09-11T18:01:53Z' uid='379585' user='TByte' visible='true' version='3' changeset='156496723' lat='-22.8128776' lon='-47.0612568' />
  <node id='7849902479' action='delete' timestamp='2020-08-27T13:05:35Z' uid='10653302' user='HangingLake' visible='true' version='1' changeset='90029109' lat='-22.8116767' lon='-47.0616009' />
  <node id='7849902481' action='delete' timestamp='2020-08-27T13:05:35Z' uid='10653302' user='HangingLake' visible='true' version='1' changeset='90029109' lat='-22.8117366' lon='-47.0614385' />
  <node id='7849974486' action='delete' timestamp='2024-09-11T18:01:53Z' uid='379585' user='TByte' visible='true' version='2' changeset='156496723' lat='-22.8117878' lon='-47.0618824' />
  <node id='7849974490' action='delete' timestamp='2020-08-27T13:05:35Z' uid='10653302' user='HangingLake' visible='true' version='1' changeset='90029109' lat='-22.8120584' lon='-47.0609443' />
  <node id='7849974491' action='delete' timestamp='2024-09-11T18:01:53Z' uid='379585' user='TByte' visible='true' version='2' changeset='156496723' lat='-22.8129446' lon='-47.0614611' />
  <node id='7849974492' action='delete' timestamp='2024-09-11T18:01:53Z' uid='379585' user='TByte' visible='true' version='3' changeset='156496723' lat='-22.8128142' lon='-47.0616382' />
  <node id='7849974493' action='delete' timestamp='2024-09-11T18:01:53Z' uid='379585' user='TByte' visible='true' version='3' changeset='156496723' lat='-22.8127885' lon='-47.0617032' />
  <node id='7849974494' action='delete' timestamp='2024-09-11T18:01:53Z' uid='379585' user='TByte' visible='true' version='2' changeset='156496723' lat='-22.8127851' lon='-47.0617642' />
  <node id='7849974495' action='delete' timestamp='2024-09-11T18:01:53Z' uid='379585' user='TByte' visible='true' version='2' changeset='156496723' lat='-22.8127911' lon='-47.0618518' />
  <node id='7849974496' action='delete' timestamp='2024-09-11T18:01:53Z' uid='379585' user='TByte' visible='true' version='2' changeset='156496723' lat='-22.8129618' lon='-47.0622318' />
  <node id='7849974497' action='delete' timestamp='2024-09-11T18:15:20Z' uid='379585' user='TByte' visible='true' version='3' changeset='156497191' lat='-22.8129492' lon='-47.0612945' />
  <node id='7849974498' action='delete' timestamp='2024-09-11T18:01:53Z' uid='379585' user='TByte' visible='true' version='2' changeset='156496723' lat='-22.8131185' lon='-47.0613277' />
  <node id='7849974499' action='delete' timestamp='2020-08-27T13:05:35Z' uid='10653302' user='HangingLake' visible='true' version='1' changeset='90029109' lat='-22.8131747' lon='-47.0613393' />
  <node id='7849974500' action='delete' timestamp='2020-08-27T13:05:35Z' uid='10653302' user='HangingLake' visible='true' version='1' changeset='90029109' lat='-22.8132019' lon='-47.0613635' />
  <node id='7849974501' action='delete' timestamp='2020-08-27T13:05:35Z' uid='10653302' user='HangingLake' visible='true' version='1' changeset='90029109' lat='-22.8132093' lon='-47.0614037' />
  <node id='7849974507' action='delete' timestamp='2021-05-06T23:27:16Z' uid='12781306' user='LumosMaxima1' visible='true' version='2' changeset='104277929' lat='-22.8127507' lon='-47.0611573' />
  <node id='7849974508' action='delete' timestamp='2020-08-27T13:05:35Z' uid='10653302' user='HangingLake' visible='true' version='1' changeset='90029109' lat='-22.8127186' lon='-47.0611368' />
  <node id='7849974509' action='delete' timestamp='2020-08-27T13:05:35Z' uid='10653302' user='HangingLake' visible='true' version='1' changeset='90029109' lat='-22.8123867' lon='-47.0609045' />
  <node id='7849974510' timestamp='2021-05-06T23:27:16Z' uid='12781306' user='LumosMaxima1' visible='true' version='2' changeset='104277929' lat='-22.8135422' lon='-47.0608181' />
  <node id='7849974511' action='delete' timestamp='2021-05-06T23:27:16Z' uid='12781306' user='LumosMaxima1' visible='true' version='2' changeset='104277929' lat='-22.8129337' lon='-47.0611336' />
  <node id='7849974512' action='delete' timestamp='2024-09-11T18:01:53Z' uid='379585' user='TByte' visible='true' version='3' changeset='156496723' lat='-22.8129416' lon='-47.0610916' />
  <node id='7849974513' action='delete' timestamp='2020-08-27T13:05:35Z' uid='10653302' user='HangingLake' visible='true' version='1' changeset='90029109' lat='-22.8126283' lon='-47.0609048' />
  <node id='7849974514' action='delete' timestamp='2020-08-27T13:05:35Z' uid='10653302' user='HangingLake' visible='true' version='1' changeset='90029109' lat='-22.8126011' lon='-47.0608887' />
  <node id='7849974515' action='delete' timestamp='2020-08-27T13:05:35Z' uid='10653302' user='HangingLake' visible='true' version='1' changeset='90029109' lat='-22.8125616' lon='-47.0608833' />
  <node id='7849974516' action='delete' timestamp='2020-08-27T13:05:35Z' uid='10653302' user='HangingLake' visible='true' version='1' changeset='90029109' lat='-22.8119744' lon='-47.0609544' />
  <node id='7849974517' action='delete' timestamp='2020-08-27T13:05:35Z' uid='10653302' user='HangingLake' visible='true' version='1' changeset='90029109' lat='-22.8119187' lon='-47.0609866' />
  <node id='7849974518' action='delete' timestamp='2020-08-27T13:05:35Z' uid='10653302' user='HangingLake' visible='true' version='1' changeset='90029109' lat='-22.8118866' lon='-47.0610322' />
  <node id='7849974519' action='delete' timestamp='2020-08-27T13:05:35Z' uid='10653302' user='HangingLake' visible='true' version='1' changeset='90029109' lat='-22.8116357' lon='-47.0617121' />
  <node id='7849974520' action='delete' timestamp='2020-08-27T13:05:35Z' uid='10653302' user='HangingLake' visible='true' version='1' changeset='90029109' lat='-22.8116381' lon='-47.0617631' />
  <node id='7849974521' action='delete' timestamp='2020-08-27T13:05:35Z' uid='10653302' user='HangingLake' visible='true' version='1' changeset='90029109' lat='-22.8120028' lon='-47.0620152' />
  <node id='7850027313' action='delete' timestamp='2022-02-15T17:19:54Z' uid='13967573' user='Coast2Coast' visible='true' version='2' changeset='117444974' lat='-22.8131896' lon='-47.0611056'>
    <tag k='barrier' v='lift_gate' />
  </node>
  <node id='7850036129' action='delete' timestamp='2020-08-27T13:23:50Z' uid='10653302' user='HangingLake' visible='true' version='1' changeset='90029955' lat='-22.8131315' lon='-47.0606674' />
  <node id='7850036130' action='delete' timestamp='2020-08-27T13:23:50Z' uid='10653302' user='HangingLake' visible='true' version='1' changeset='90029955' lat='-22.8133462' lon='-47.0603094' />
  <node id='7850036131' action='delete' timestamp='2022-02-15T17:19:54Z' uid='13967573' user='Coast2Coast' visible='true' version='4' changeset='117444974' lat='-22.8131801' lon='-47.0609877'>
    <tag k='access' v='permissive' />
    <tag k='barrier' v='gate' />
  </node>
  <node id='7850036134' action='delete' timestamp='2024-09-11T18:01:53Z' uid='379585' user='TByte' visible='true' version='2' changeset='156496723' lat='-22.8128634' lon='-47.0615726' />
  <node id='7850036135' action='delete' timestamp='2024-09-11T18:01:53Z' uid='379585' user='TByte' visible='true' version='2' changeset='156496723' lat='-22.8128976' lon='-47.0617133' />
  <node id='7850036137' action='delete' timestamp='2020-08-27T13:23:50Z' uid='10653302' user='HangingLake' visible='true' version='1' changeset='90029955' lat='-22.8130004' lon='-47.0613608' />
  <node id='7850036138' action='delete' timestamp='2020-08-27T13:23:50Z' uid='10653302' user='HangingLake' visible='true' version='1' changeset='90029955' lat='-22.8127612' lon='-47.0609866' />
  <node id='7850036139' action='delete' timestamp='2020-08-27T13:23:50Z' uid='10653302' user='HangingLake' visible='true' version='1' changeset='90029955' lat='-22.8125671' lon='-47.0610369' />
  <node id='7853388199' timestamp='2021-05-06T23:27:16Z' uid='12781306' user='LumosMaxima1' visible='true' version='2' changeset='104277929' lat='-22.8144369' lon='-47.0572041' />
  <node id='7931318091' action='delete' timestamp='2020-09-22T12:45:12Z' uid='10653302' user='HangingLake' visible='true' version='1' changeset='91296177' lat='-22.8128026' lon='-47.0598212' />
  <node id='7931318092' action='delete' timestamp='2020-09-22T12:45:12Z' uid='10653302' user='HangingLake' visible='true' version='1' changeset='91296177' lat='-22.8128461' lon='-47.0601964' />
  <node id='7931318094' action='delete' timestamp='2020-09-22T12:45:12Z' uid='10653302' user='HangingLake' visible='true' version='1' changeset='91296177' lat='-22.8120799' lon='-47.0602817' />
  <node id='7931318095' action='delete' timestamp='2020-09-22T12:45:12Z' uid='10653302' user='HangingLake' visible='true' version='1' changeset='91296177' lat='-22.8119002' lon='-47.0599352' />
  <node id='7931318096' action='delete' timestamp='2020-09-22T12:45:12Z' uid='10653302' user='HangingLake' visible='true' version='1' changeset='91296177' lat='-22.811936' lon='-47.0602638' />
  <node id='7931318097' action='delete' timestamp='2020-09-22T12:45:12Z' uid='10653302' user='HangingLake' visible='true' version='1' changeset='91296177' lat='-22.8119496' lon='-47.0602879' />
  <node id='7931318098' action='delete' timestamp='2020-09-22T12:45:12Z' uid='10653302' user='HangingLake' visible='true' version='1' changeset='91296177' lat='-22.8119719' lon='-47.0602946' />
  <node id='7934515836' timestamp='2021-05-06T23:27:16Z' uid='12781306' user='LumosMaxima1' visible='true' version='2' changeset='104277929' lat='-22.8137023' lon='-47.0605123' />
  <node id='7934535199' action='delete' timestamp='2021-05-06T23:36:36Z' uid='12781306' user='LumosMaxima1' visible='true' version='2' changeset='104278102' lat='-22.8139194' lon='-47.0586748' />
  <node id='7934535200' action='delete' timestamp='2020-09-23T12:52:22Z' uid='10653302' user='HangingLake' visible='true' version='1' changeset='91368571' lat='-22.8137013' lon='-47.0589964' />
  <node id='7934535201' action='delete' timestamp='2020-09-23T12:52:22Z' uid='10653302' user='HangingLake' visible='true' version='1' changeset='91368571' lat='-22.8136643' lon='-47.0590366' />
  <node id='7934535202' action='delete' timestamp='2020-09-23T12:52:22Z' uid='10653302' user='HangingLake' visible='true' version='1' changeset='91368571' lat='-22.813616' lon='-47.0590501' />
  <node id='7934535203' action='delete' timestamp='2023-02-28T01:29:17Z' uid='16547666' user='AzuisRiver' visible='true' version='2' changeset='133109442' lat='-22.8127909' lon='-47.0591265' />
  <node id='7934535204' action='delete' timestamp='2020-09-23T12:52:22Z' uid='10653302' user='HangingLake' visible='true' version='1' changeset='91368571' lat='-22.8133799' lon='-47.0591399' />
  <node id='7934535205' action='delete' timestamp='2023-02-28T01:29:17Z' uid='16547666' user='AzuisRiver' visible='true' version='2' changeset='133109442' lat='-22.8127359' lon='-47.0592338' />
  <node id='7934535210' action='delete' timestamp='2020-09-23T12:52:22Z' uid='10653302' user='HangingLake' visible='true' version='1' changeset='91368571' lat='-22.8130486' lon='-47.0649067' />
  <node id='7934535211' action='delete' timestamp='2020-09-23T12:52:22Z' uid='10653302' user='HangingLake' visible='true' version='1' changeset='91368571' lat='-22.8137693' lon='-47.0608746' />
  <node id='7934535212' action='delete' timestamp='2020-09-23T12:52:22Z' uid='10653302' user='HangingLake' visible='true' version='1' changeset='91368571' lat='-22.81421' lon='-47.0608652' />
  <node id='7934535213' action='delete' timestamp='2020-09-23T12:52:22Z' uid='10653302' user='HangingLake' visible='true' version='1' changeset='91368571' lat='-22.8142298' lon='-47.0608559' />
  <node id='7934535214' action='delete' timestamp='2020-09-23T12:52:22Z' uid='10653302' user='HangingLake' visible='true' version='1' changeset='91368571' lat='-22.8142385' lon='-47.0608344' />
  <node id='7934535215' action='delete' timestamp='2020-09-23T12:52:22Z' uid='10653302' user='HangingLake' visible='true' version='1' changeset='91368571' lat='-22.8142317' lon='-47.0605514' />
  <node id='7934535216' action='delete' timestamp='2020-09-23T12:52:22Z' uid='10653302' user='HangingLake' visible='true' version='1' changeset='91368571' lat='-22.8142224' lon='-47.0605313' />
  <node id='7934535217' action='delete' timestamp='2020-09-23T12:52:22Z' uid='10653302' user='HangingLake' visible='true' version='1' changeset='91368571' lat='-22.8142082' lon='-47.0605239' />
  <node id='8247552488' action='delete' timestamp='2020-12-21T11:08:24Z' uid='10653060' user='Condado' visible='true' version='1' changeset='96190136' lat='-22.8205412' lon='-47.0604213' />
  <node id='8253704567' timestamp='2021-05-06T23:36:36Z' uid='12781306' user='LumosMaxima1' visible='true' version='2' changeset='104278102' lat='-22.8151207' lon='-47.0591136' />
  <node id='8253704568' timestamp='2021-05-06T23:36:36Z' uid='12781306' user='LumosMaxima1' visible='true' version='2' changeset='104278102' lat='-22.8151328' lon='-47.0590152' />
  <node id='8266559434' action='delete' timestamp='2023-08-02T06:50:09Z' uid='15750510' user='Ahaggarplateau' visible='true' version='3' changeset='139330463' lat='-22.8161763' lon='-47.0624809'>
    <tag k='access' v='permissive' />
    <tag k='barrier' v='gate' />
  </node>
  <node id='8266559435' action='delete' timestamp='2021-05-10T16:31:34Z' uid='12781306' user='LumosMaxima1' visible='true' version='2' changeset='104464437' lat='-22.8159185' lon='-47.0620223' />
  <node id='8266559436' action='delete' timestamp='2021-05-10T16:31:34Z' uid='12781306' user='LumosMaxima1' visible='true' version='2' changeset='104464437' lat='-22.8158883' lon='-47.0619995' />
  <node id='8266559437' action='delete' timestamp='2021-05-10T16:31:34Z' uid='12781306' user='LumosMaxima1' visible='true' version='2' changeset='104464437' lat='-22.8159402' lon='-47.0620417' />
  <node id='8266559438' action='delete' timestamp='2021-05-10T16:31:34Z' uid='12781306' user='LumosMaxima1' visible='true' version='2' changeset='104464437' lat='-22.8160465' lon='-47.062373' />
  <node id='8266559439' action='delete' timestamp='2021-05-10T16:31:34Z' uid='12781306' user='LumosMaxima1' visible='true' version='2' changeset='104464437' lat='-22.8159933' lon='-47.0621617' />
  <node id='8266559440' action='delete' timestamp='2021-05-10T16:31:34Z' uid='12781306' user='LumosMaxima1' visible='true' version='2' changeset='104464437' lat='-22.8161009' lon='-47.0621852' />
  <node id='8266559441' action='delete' timestamp='2021-05-10T16:31:34Z' uid='12781306' user='LumosMaxima1' visible='true' version='2' changeset='104464437' lat='-22.8161268' lon='-47.0621993' />
  <node id='8266559442' action='delete' timestamp='2021-05-10T16:31:34Z' uid='12781306' user='LumosMaxima1' visible='true' version='2' changeset='104464437' lat='-22.8161423' lon='-47.0622241' />
  <node id='8269652446' action='delete' timestamp='2020-12-29T10:31:12Z' uid='10653060' user='Condado' visible='true' version='1' changeset='96592510' lat='-22.8172523' lon='-47.0626435'>
    <tag k='barrier' v='gate' />
  </node>
  <node id='8272778223' action='delete' timestamp='2020-12-30T04:26:16Z' uid='10653060' user='Condado' visible='true' version='1' changeset='96636501' lat='-22.8177578' lon='-47.0617923' />
  <node id='8272778224' action='delete' timestamp='2020-12-30T04:26:16Z' uid='10653060' user='Condado' visible='true' version='1' changeset='96636501' lat='-22.8177538' lon='-47.0618862' />
  <node id='8272778225' action='delete' timestamp='2020-12-30T04:26:16Z' uid='10653060' user='Condado' visible='true' version='1' changeset='96636501' lat='-22.8177421' lon='-47.0619033' />
  <node id='8272778226' action='delete' timestamp='2020-12-30T04:26:16Z' uid='10653060' user='Condado' visible='true' version='1' changeset='96636501' lat='-22.8177242' lon='-47.0619113' />
  <node id='8272778227' action='delete' timestamp='2020-12-30T04:26:16Z' uid='10653060' user='Condado' visible='true' version='1' changeset='96636501' lat='-22.8171546' lon='-47.0618872' />
  <node id='8272778228' action='delete' timestamp='2020-12-30T04:26:16Z' uid='10653060' user='Condado' visible='true' version='1' changeset='96636501' lat='-22.8171453' lon='-47.0618811' />
  <node id='8272778229' action='delete' timestamp='2020-12-30T04:26:16Z' uid='10653060' user='Condado' visible='true' version='1' changeset='96636501' lat='-22.8171398' lon='-47.0618711' />
  <node id='8272778230' action='delete' timestamp='2020-12-30T04:26:16Z' uid='10653060' user='Condado' visible='true' version='1' changeset='96636501' lat='-22.8171342' lon='-47.0616954' />
  <node id='8272778231' action='delete' timestamp='2020-12-30T04:26:16Z' uid='10653060' user='Condado' visible='true' version='1' changeset='96636501' lat='-22.8171435' lon='-47.0616847' />
  <node id='8272778232' action='delete' timestamp='2020-12-30T04:26:16Z' uid='10653060' user='Condado' visible='true' version='1' changeset='96636501' lat='-22.8171626' lon='-47.0616773' />
  <node id='8272778233' action='delete' timestamp='2020-12-30T04:26:16Z' uid='10653060' user='Condado' visible='true' version='1' changeset='96636501' lat='-22.8177146' lon='-47.0617235' />
  <node id='8272778234' action='delete' timestamp='2020-12-30T04:26:16Z' uid='10653060' user='Condado' visible='true' version='1' changeset='96636501' lat='-22.8177337' lon='-47.0617303' />
  <node id='8272778235' action='delete' timestamp='2020-12-30T04:26:16Z' uid='10653060' user='Condado' visible='true' version='1' changeset='96636501' lat='-22.8177467' lon='-47.061743' />
  <node id='8272778236' action='delete' timestamp='2020-12-30T04:26:16Z' uid='10653060' user='Condado' visible='true' version='1' changeset='96636501' lat='-22.8171354' lon='-47.0617336' />
  <node id='8272778237' action='delete' timestamp='2020-12-30T04:26:16Z' uid='10653060' user='Condado' visible='true' version='1' changeset='96636501' lat='-22.8177622' lon='-47.0618426' />
  <node id='8272778238' timestamp='2020-12-30T04:26:16Z' uid='10653060' user='Condado' visible='true' version='1' changeset='96636501' lat='-22.8180254' lon='-47.061853' />
  <node id='8272820962' action='delete' timestamp='2023-02-23T07:40:02Z' uid='16235152' user='BrandvleiDam' visible='true' version='2' changeset='132911764' lat='-22.8179278' lon='-47.0618476'>
    <tag k='access' v='permissive' />
    <tag k='barrier' v='sliding_gate' />
  </node>
  <node id='8413977178' timestamp='2021-05-06T23:36:36Z' uid='12781306' user='LumosMaxima1' visible='true' version='3' changeset='104278102' lat='-22.8130162' lon='-47.0639586' />
  <node id='8413977179' action='delete' timestamp='2021-02-11T06:20:38Z' uid='11916646' user='fpurnamasari' visible='true' version='1' changeset='99081521' lat='-22.8127889' lon='-47.0639306' />
  <node id='8413977180' action='delete' timestamp='2021-02-11T06:20:38Z' uid='11916646' user='fpurnamasari' visible='true' version='1' changeset='99081521' lat='-22.812714' lon='-47.0639498' />
  <node id='8413977181' action='delete' timestamp='2021-02-11T06:20:38Z' uid='11916646' user='fpurnamasari' visible='true' version='1' changeset='99081521' lat='-22.8126611' lon='-47.0639976' />
  <node id='8413977182' action='delete' timestamp='2021-02-11T06:20:38Z' uid='11916646' user='fpurnamasari' visible='true' version='1' changeset='99081521' lat='-22.8124937' lon='-47.0648152' />
  <node id='8441772379' timestamp='2021-05-07T23:29:37Z' uid='12781306' user='LumosMaxima1' visible='true' version='2' changeset='104344636' lat='-22.818114' lon='-47.0594914' />
  <node id='8441772380' timestamp='2021-05-07T23:29:37Z' uid='12781306' user='LumosMaxima1' visible='true' version='2' changeset='104344636' lat='-22.8179953' lon='-47.0594473' />
  <node id='8441772381' timestamp='2021-05-07T23:29:37Z' uid='12781306' user='LumosMaxima1' visible='true' version='2' changeset='104344636' lat='-22.8179584' lon='-47.0594676' />
  <node id='8441772382' timestamp='2021-05-07T23:29:37Z' uid='12781306' user='LumosMaxima1' visible='true' version='2' changeset='104344636' lat='-22.8179159' lon='-47.0595593' />
  <node id='8441772383' timestamp='2021-05-07T23:29:37Z' uid='12781306' user='LumosMaxima1' visible='true' version='2' changeset='104344636' lat='-22.8179739' lon='-47.0596667' />
  <node id='8441772384' timestamp='2021-05-07T23:29:37Z' uid='12781306' user='LumosMaxima1' visible='true' version='2' changeset='104344636' lat='-22.8180866' lon='-47.0596606' />
  <node id='8441772385' timestamp='2021-05-07T23:29:37Z' uid='12781306' user='LumosMaxima1' visible='true' version='2' changeset='104344636' lat='-22.8181345' lon='-47.0595478' />
  <node id='8441772386' timestamp='2021-05-07T23:29:37Z' uid='12781306' user='LumosMaxima1' visible='true' version='2' changeset='104344636' lat='-22.81792' lon='-47.0595942' />
  <node id='8441772387' timestamp='2021-02-20T23:20:44Z' uid='1856060' user='patodiez' visible='true' version='1' changeset='99663646' lat='-22.8179617' lon='-47.0597209' />
  <node id='8441772388' timestamp='2021-05-07T23:29:37Z' uid='12781306' user='LumosMaxima1' visible='true' version='2' changeset='104344636' lat='-22.81795' lon='-47.059648' />
  <node id='8441772389' timestamp='2021-02-20T23:20:44Z' uid='1856060' user='patodiez' visible='true' version='1' changeset='99663646' lat='-22.8178902' lon='-47.059614' />
  <node id='8441772390' timestamp='2021-05-07T23:29:37Z' uid='12781306' user='LumosMaxima1' visible='true' version='2' changeset='104344636' lat='-22.8179334' lon='-47.0596263' />
  <node id='8441772391' timestamp='2021-05-07T23:29:37Z' uid='12781306' user='LumosMaxima1' visible='true' version='2' changeset='104344636' lat='-22.8179716' lon='-47.0594581' />
  <node id='8441772392' timestamp='2021-05-07T23:29:37Z' uid='12781306' user='LumosMaxima1' visible='true' version='2' changeset='104344636' lat='-22.8180706' lon='-47.0594532' />
  <node id='8441772393' timestamp='2021-05-07T23:29:37Z' uid='12781306' user='LumosMaxima1' visible='true' version='2' changeset='104344636' lat='-22.8181341' lon='-47.0595784' />
  <node id='8441772394' timestamp='2021-02-20T23:20:44Z' uid='1856060' user='patodiez' visible='true' version='1' changeset='99663646' lat='-22.8180875' lon='-47.0597935' />
  <node id='8441772395' timestamp='2021-02-20T23:20:44Z' uid='1856060' user='patodiez' visible='true' version='1' changeset='99663646' lat='-22.8180855' lon='-47.0600034' />
  <node id='8702585799' timestamp='2021-05-05T19:56:54Z' uid='12781306' user='LumosMaxima1' visible='true' version='1' changeset='104205625' lat='-22.8133034' lon='-47.0653028' />
  <node id='8707746789' timestamp='2021-05-06T23:27:16Z' uid='12781306' user='LumosMaxima1' visible='true' version='1' changeset='104277929' lat='-22.8136614' lon='-47.0606714' />
  <node id='8707746790' timestamp='2021-05-06T23:27:16Z' uid='12781306' user='LumosMaxima1' visible='true' version='1' changeset='104277929' lat='-22.8144103' lon='-47.0582729' />
  <node id='8707746791' timestamp='2021-05-06T23:27:16Z' uid='12781306' user='LumosMaxima1' visible='true' version='1' changeset='104277929' lat='-22.8145655' lon='-47.0576464' />
  <node id='8707746792' timestamp='2021-05-06T23:36:36Z' uid='12781306' user='LumosMaxima1' visible='true' version='2' changeset='104278102' lat='-22.8140864' lon='-47.0592622' />
  <node id='8707757295' timestamp='2024-01-22T10:08:00Z' uid='17110751' user='TetnuldiPeak' visible='true' version='2' changeset='146545912' lat='-22.8143141' lon='-47.0588336' />
  <node id='8707757296' timestamp='2021-05-06T23:36:36Z' uid='12781306' user='LumosMaxima1' visible='true' version='1' changeset='104278102' lat='-22.8141979' lon='-47.0590333' />
  <node id='8707757297' timestamp='2021-05-06T23:36:36Z' uid='12781306' user='LumosMaxima1' visible='true' version='1' changeset='104278102' lat='-22.8140671' lon='-47.0590075' />
  <node id='8707757298' timestamp='2021-05-06T23:36:36Z' uid='12781306' user='LumosMaxima1' visible='true' version='1' changeset='104278102' lat='-22.8144199' lon='-47.0589918' />
  <node id='8710967029' action='delete' timestamp='2021-05-07T23:42:58Z' uid='12781306' user='LumosMaxima1' visible='true' version='1' changeset='104344879' lat='-22.820102' lon='-47.0655936' />
  <node id='8711006336' action='delete' timestamp='2021-05-07T23:29:37Z' uid='12781306' user='LumosMaxima1' visible='true' version='1' changeset='104344636' lat='-22.8219744' lon='-47.0610168' />
  <node id='8711006337' action='delete' timestamp='2021-05-07T23:29:37Z' uid='12781306' user='LumosMaxima1' visible='true' version='1' changeset='104344636' lat='-22.8219067' lon='-47.0609329' />
  <node id='8711006340' timestamp='2021-05-07T23:29:37Z' uid='12781306' user='LumosMaxima1' visible='true' version='1' changeset='104344636' lat='-22.8181441' lon='-47.0583332' />
  <node id='8719021370' action='delete' timestamp='2021-05-10T16:31:34Z' uid='12781306' user='LumosMaxima1' visible='true' version='1' changeset='104464437' lat='-22.8161658' lon='-47.0623531' />
  <node id='8719021371' action='delete' timestamp='2021-05-10T16:31:34Z' uid='12781306' user='LumosMaxima1' visible='true' version='1' changeset='104464437' lat='-22.8167709' lon='-47.0631396' />
  <node id='8719021372' timestamp='2021-05-10T16:31:34Z' uid='12781306' user='LumosMaxima1' visible='true' version='1' changeset='104464437' lat='-22.8167725' lon='-47.0625169' />
  <node id='8719021373' action='delete' timestamp='2021-05-10T16:31:34Z' uid='12781306' user='LumosMaxima1' visible='true' version='1' changeset='104464437' lat='-22.8168542' lon='-47.0620907' />
  <node id='8719021374' action='delete' timestamp='2021-05-10T16:31:34Z' uid='12781306' user='LumosMaxima1' visible='true' version='1' changeset='104464437' lat='-22.8168663' lon='-47.0620612' />
  <node id='8719021375' action='delete' timestamp='2021-05-10T16:31:34Z' uid='12781306' user='LumosMaxima1' visible='true' version='1' changeset='104464437' lat='-22.8168285' lon='-47.0619222' />
  <node id='8719021376' action='delete' timestamp='2021-05-10T16:31:34Z' uid='12781306' user='LumosMaxima1' visible='true' version='1' changeset='104464437' lat='-22.8168636' lon='-47.0619484' />
  <node id='8719021377' action='delete' timestamp='2021-05-10T16:31:34Z' uid='12781306' user='LumosMaxima1' visible='true' version='1' changeset='104464437' lat='-22.8167133' lon='-47.0619247' />
  <node id='8719021378' action='delete' timestamp='2021-05-10T16:31:34Z' uid='12781306' user='LumosMaxima1' visible='true' version='1' changeset='104464437' lat='-22.8166774' lon='-47.0619636' />
  <node id='8719021379' action='delete' timestamp='2021-05-10T16:31:34Z' uid='12781306' user='LumosMaxima1' visible='true' version='1' changeset='104464437' lat='-22.817186' lon='-47.0628038' />
  <node id='8719021380' action='delete' timestamp='2021-05-10T16:31:34Z' uid='12781306' user='LumosMaxima1' visible='true' version='1' changeset='104464437' lat='-22.8171992' lon='-47.0627759' />
  <node id='8719021381' action='delete' timestamp='2021-05-10T16:31:34Z' uid='12781306' user='LumosMaxima1' visible='true' version='1' changeset='104464437' lat='-22.8173317' lon='-47.062825' />
  <node id='8719021382' action='delete' timestamp='2021-05-10T16:31:34Z' uid='12781306' user='LumosMaxima1' visible='true' version='1' changeset='104464437' lat='-22.8173215' lon='-47.0628036' />
  <node id='8719021383' action='delete' timestamp='2021-05-10T16:31:34Z' uid='12781306' user='LumosMaxima1' visible='true' version='1' changeset='104464437' lat='-22.8172924' lon='-47.0633909' />
  <node id='8719021384' action='delete' timestamp='2021-05-10T16:31:34Z' uid='12781306' user='LumosMaxima1' visible='true' version='1' changeset='104464437' lat='-22.8172708' lon='-47.0634184' />
  <node id='8719021385' action='delete' timestamp='2021-05-10T16:31:34Z' uid='12781306' user='LumosMaxima1' visible='true' version='1' changeset='104464437' lat='-22.8171046' lon='-47.0633711' />
  <node id='8719021386' action='delete' timestamp='2021-05-10T16:31:34Z' uid='12781306' user='LumosMaxima1' visible='true' version='1' changeset='104464437' lat='-22.8171209' lon='-47.0634045' />
  <node id='8820781153' action='delete' timestamp='2021-06-10T11:16:13Z' uid='10409748' user='MillMountain' visible='true' version='1' changeset='106151654' lat='-22.818' lon='-47.0638387' />
  <node id='8820781154' action='delete' timestamp='2021-06-10T11:16:13Z' uid='10409748' user='MillMountain' visible='true' version='1' changeset='106151654' lat='-22.8182943' lon='-47.063771' />
  <node id='8820781155' action='delete' timestamp='2021-06-10T11:16:13Z' uid='10409748' user='MillMountain' visible='true' version='1' changeset='106151654' lat='-22.8180298' lon='-47.063784' />
  <node id='8820781156' action='delete' timestamp='2021-06-10T11:16:13Z' uid='10409748' user='MillMountain' visible='true' version='1' changeset='106151654' lat='-22.8180057' lon='-47.0639934' />
  <node id='8820781157' action='delete' timestamp='2021-06-10T11:16:13Z' uid='10409748' user='MillMountain' visible='true' version='1' changeset='106151654' lat='-22.8179881' lon='-47.0639172' />
  <node id='8820781158' action='delete' timestamp='2021-06-10T11:16:13Z' uid='10409748' user='MillMountain' visible='true' version='1' changeset='106151654' lat='-22.8181205' lon='-47.0640969' />
  <node id='8820781159' action='delete' timestamp='2021-06-10T11:16:13Z' uid='10409748' user='MillMountain' visible='true' version='1' changeset='106151654' lat='-22.8183457' lon='-47.0638854' />
  <node id='8820781160' action='delete' timestamp='2021-06-10T11:16:13Z' uid='10409748' user='MillMountain' visible='true' version='1' changeset='106151654' lat='-22.8182953' lon='-47.0640457' />
  <node id='8820781161' action='delete' timestamp='2021-06-10T11:16:13Z' uid='10409748' user='MillMountain' visible='true' version='1' changeset='106151654' lat='-22.8183441' lon='-47.0639437' />
  <node id='8820781162' action='delete' timestamp='2021-06-10T11:16:13Z' uid='10409748' user='MillMountain' visible='true' version='1' changeset='106151654' lat='-22.8183257' lon='-47.064001' />
  <node id='8820781163' action='delete' timestamp='2021-06-10T11:16:13Z' uid='10409748' user='MillMountain' visible='true' version='1' changeset='106151654' lat='-22.818184' lon='-47.0641029' />
  <node id='8820781164' action='delete' timestamp='2021-06-10T11:16:13Z' uid='10409748' user='MillMountain' visible='true' version='1' changeset='106151654' lat='-22.8182481' lon='-47.064083' />
  <node id='8820781165' action='delete' timestamp='2021-06-10T11:16:13Z' uid='10409748' user='MillMountain' visible='true' version='1' changeset='106151654' lat='-22.8181169' lon='-47.063722' />
  <node id='8820781166' action='delete' timestamp='2021-06-10T11:16:13Z' uid='10409748' user='MillMountain' visible='true' version='1' changeset='106151654' lat='-22.8181875' lon='-47.0637153' />
  <node id='8820781167' action='delete' timestamp='2021-06-10T11:16:13Z' uid='10409748' user='MillMountain' visible='true' version='1' changeset='106151654' lat='-22.8180677' lon='-47.063747' />
  <node id='8820781168' action='delete' timestamp='2021-06-10T11:16:13Z' uid='10409748' user='MillMountain' visible='true' version='1' changeset='106151654' lat='-22.8180547' lon='-47.0640604' />
  <node id='8820781169' action='delete' timestamp='2021-06-10T11:16:13Z' uid='10409748' user='MillMountain' visible='true' version='1' changeset='106151654' lat='-22.8182444' lon='-47.0637329' />
  <node id='8820781170' action='delete' timestamp='2021-06-10T11:16:13Z' uid='10409748' user='MillMountain' visible='true' version='1' changeset='106151654' lat='-22.8183339' lon='-47.0638359' />
  <node id='8982336359' action='delete' timestamp='2023-02-28T01:29:17Z' uid='16547666' user='AzuisRiver' visible='true' version='2' changeset='133109442' lat='-22.8140024' lon='-47.0587409'>
    <tag k='access' v='permissive' />
    <tag k='barrier' v='gate' />
  </node>
  <node id='8982426270' action='delete' timestamp='2021-08-05T06:50:55Z' uid='12205092' user='EikaIsland' visible='true' version='1' changeset='109181383' lat='-22.8150377' lon='-47.0595959' />
  <node id='8982426271' action='delete' timestamp='2021-08-05T06:50:55Z' uid='12205092' user='EikaIsland' visible='true' version='1' changeset='109181383' lat='-22.8151279' lon='-47.0597179' />
  <node id='8982426272' action='delete' timestamp='2021-08-05T06:50:55Z' uid='12205092' user='EikaIsland' visible='true' version='1' changeset='109181383' lat='-22.8152305' lon='-47.0597877' />
  <node id='8982426273' action='delete' timestamp='2021-08-05T06:50:55Z' uid='12205092' user='EikaIsland' visible='true' version='1' changeset='109181383' lat='-22.8152935' lon='-47.059852' />
  <node id='8982426274' action='delete' timestamp='2021-08-05T06:50:55Z' uid='12205092' user='EikaIsland' visible='true' version='1' changeset='109181383' lat='-22.8153813' lon='-47.0599607' />
  <node id='8982426275' action='delete' timestamp='2021-08-05T06:50:55Z' uid='12205092' user='EikaIsland' visible='true' version='1' changeset='109181383' lat='-22.8154604' lon='-47.060021' />
  <node id='8982426276' action='delete' timestamp='2021-08-05T06:50:55Z' uid='12205092' user='EikaIsland' visible='true' version='1' changeset='109181383' lat='-22.8155395' lon='-47.0600733' />
  <node id='8982426277' timestamp='2021-08-05T06:50:55Z' uid='12205092' user='EikaIsland' visible='true' version='1' changeset='109181383' lat='-22.8157206' lon='-47.0601227' />
  <node id='8982493793' action='delete' timestamp='2021-08-05T07:21:39Z' uid='12369933' user='Namunukula' visible='true' version='1' changeset='109183120' lat='-22.8135215' lon='-47.0598856' />
  <node id='8982493794' action='delete' timestamp='2021-08-05T07:21:39Z' uid='12369933' user='Namunukula' visible='true' version='1' changeset='109183120' lat='-22.8135425' lon='-47.0598225' />
  <node id='8982493795' action='delete' timestamp='2021-08-05T07:21:39Z' uid='12369933' user='Namunukula' visible='true' version='1' changeset='109183120' lat='-22.8135691' lon='-47.0597582' />
  <node id='8982493796' action='delete' timestamp='2021-08-05T07:21:39Z' uid='12369933' user='Namunukula' visible='true' version='1' changeset='109183120' lat='-22.8135864' lon='-47.0597387' />
  <node id='8982493797' action='delete' timestamp='2021-08-05T07:21:39Z' uid='12369933' user='Namunukula' visible='true' version='1' changeset='109183120' lat='-22.8132996' lon='-47.0606627'>
    <tag k='barrier' v='gate' />
  </node>
  <node id='9009322864' action='delete' timestamp='2021-08-17T07:27:47Z' uid='10529538' user='KirtishoGlacier' visible='true' version='3' changeset='109791541' lat='-22.8192739' lon='-47.0591909' />
  <node id='9009322872' action='delete' timestamp='2021-08-16T06:21:47Z' uid='12205092' user='EikaIsland' visible='true' version='1' changeset='109728223' lat='-22.8146643' lon='-47.0642421' />
  <node id='9009322873' action='delete' timestamp='2021-08-16T06:21:47Z' uid='12205092' user='EikaIsland' visible='true' version='1' changeset='109728223' lat='-22.8146928' lon='-47.0643052' />
  <node id='9009322874' action='delete' timestamp='2021-08-16T06:21:47Z' uid='12205092' user='EikaIsland' visible='true' version='1' changeset='109728223' lat='-22.8147972' lon='-47.0642931' />
  <node id='9009322875' action='delete' timestamp='2021-08-16T06:21:47Z' uid='12205092' user='EikaIsland' visible='true' version='1' changeset='109728223' lat='-22.8147212' lon='-47.0643139' />
  <node id='9009322884' timestamp='2021-08-16T06:21:47Z' uid='12205092' user='EikaIsland' visible='true' version='1' changeset='109728223' lat='-22.8150451' lon='-47.062726' />
  <node id='9009322885' action='delete' timestamp='2021-08-16T06:21:47Z' uid='12205092' user='EikaIsland' visible='true' version='1' changeset='109728223' lat='-22.8173443' lon='-47.0640564' />
  <node id='9009322886' action='delete' timestamp='2021-08-16T06:21:47Z' uid='12205092' user='EikaIsland' visible='true' version='1' changeset='109728223' lat='-22.8175916' lon='-47.0640685' />
  <node id='9009322887' action='delete' timestamp='2021-08-16T06:21:47Z' uid='12205092' user='EikaIsland' visible='true' version='1' changeset='109728223' lat='-22.8176101' lon='-47.0640584' />
  <node id='9009322888' action='delete' timestamp='2021-08-16T06:21:47Z' uid='12205092' user='EikaIsland' visible='true' version='1' changeset='109728223' lat='-22.8176268' lon='-47.0640242' />
  <node id='9009322889' timestamp='2021-08-16T06:21:47Z' uid='12205092' user='EikaIsland' visible='true' version='1' changeset='109728223' lat='-22.8176561' lon='-47.0639304' />
  <node id='9009327213' timestamp='2021-08-16T06:24:29Z' uid='12205092' user='EikaIsland' visible='true' version='1' changeset='109728366' lat='-22.8168999' lon='-47.0593158' />
  <node id='9009327214' timestamp='2021-08-16T06:24:29Z' uid='12205092' user='EikaIsland' visible='true' version='1' changeset='109728366' lat='-22.8168854' lon='-47.0594397' />
  <node id='9106501699' action='delete' timestamp='2021-09-20T03:58:28Z' uid='4176326' user='mutuka' visible='true' version='1' changeset='111429681' lat='-22.8135408' lon='-47.0605271'>
    <tag k='bus' v='yes' />
    <tag k='highway' v='bus_stop' />
    <tag k='name' v='Instituto Eldorado' />
    <tag k='public_transport' v='platform' />
    <tag k='shelter' v='no' />
  </node>
  <node id='9221081822' action='delete' timestamp='2021-11-03T11:14:35Z' uid='3984659' user='DressyPear4' visible='true' version='1' changeset='113326612' lat='-22.8140194' lon='-47.0582889'>
    <tag k='communication:mobile_phone' v='yes' />
    <tag k='man_made' v='tower' />
    <tag k='tower:type' v='communication' />
  </node>
  <node id='9609683039' action='delete' timestamp='2022-03-26T20:35:55Z' uid='10661323' user='Thiago AG' visible='true' version='1' changeset='118962007' lat='-22.8303401' lon='-47.0646866' />
  <node id='9609683084' action='delete' timestamp='2022-03-26T20:35:55Z' uid='10661323' user='Thiago AG' visible='true' version='1' changeset='118962007' lat='-22.8168105' lon='-47.0533511' />
  <node id='9609683085' action='delete' timestamp='2022-03-26T20:35:55Z' uid='10661323' user='Thiago AG' visible='true' version='1' changeset='118962007' lat='-22.8180584' lon='-47.055206' />
  <node id='9609683086' action='delete' timestamp='2022-03-26T20:35:55Z' uid='10661323' user='Thiago AG' visible='true' version='1' changeset='118962007' lat='-22.8207008' lon='-47.0565771' />
  <node id='9609683087' action='delete' timestamp='2022-03-26T20:35:55Z' uid='10661323' user='Thiago AG' visible='true' version='1' changeset='118962007' lat='-22.8230368' lon='-47.0567641' />
  <node id='9609683088' action='delete' timestamp='2022-03-26T20:35:55Z' uid='10661323' user='Thiago AG' visible='true' version='1' changeset='118962007' lat='-22.8273881' lon='-47.0602647' />
  <node id='9609683109' action='delete' timestamp='2022-03-26T20:35:55Z' uid='10661323' user='Thiago AG' visible='true' version='1' changeset='118962007' lat='-22.8157529' lon='-47.0555455' />
  <node id='9609683110' action='delete' timestamp='2022-04-27T17:25:05Z' uid='10661323' user='Thiago AG' visible='true' version='2' changeset='120270120' lat='-22.8140867' lon='-47.057344' />
  <node id='9609683112' action='delete' timestamp='2022-03-26T20:35:55Z' uid='10661323' user='Thiago AG' visible='true' version='1' changeset='118962007' lat='-22.8159989' lon='-47.0559819' />
  <node id='9609683113' action='delete' timestamp='2022-03-26T20:35:55Z' uid='10661323' user='Thiago AG' visible='true' version='1' changeset='118962007' lat='-22.8165347' lon='-47.0561786' />
  <node id='9609683114' action='delete' timestamp='2022-03-26T20:35:55Z' uid='10661323' user='Thiago AG' visible='true' version='1' changeset='118962007' lat='-22.816477' lon='-47.0564469' />
  <node id='9609683115' action='delete' timestamp='2022-03-26T20:35:55Z' uid='10661323' user='Thiago AG' visible='true' version='1' changeset='118962007' lat='-22.8167407' lon='-47.056751' />
  <node id='9609683116' action='delete' timestamp='2022-04-24T15:33:00Z' uid='10661323' user='Thiago AG' visible='true' version='2' changeset='120129049' lat='-22.8176046' lon='-47.0568729' />
  <node id='9609688317' action='delete' timestamp='2022-03-26T20:35:55Z' uid='10661323' user='Thiago AG' visible='true' version='1' changeset='118962007' lat='-22.8178123' lon='-47.0564201' />
  <node id='9609688318' action='delete' timestamp='2022-03-26T20:35:55Z' uid='10661323' user='Thiago AG' visible='true' version='1' changeset='118962007' lat='-22.8172353' lon='-47.0561339' />
  <node id='9609688319' action='delete' timestamp='2022-03-26T20:35:55Z' uid='10661323' user='Thiago AG' visible='true' version='1' changeset='118962007' lat='-22.817565' lon='-47.055651' />
  <node id='9609688320' action='delete' timestamp='2022-04-27T14:08:48Z' uid='10661323' user='Thiago AG' visible='true' version='2' changeset='120261948' lat='-22.8170801' lon='-47.0543857' />
  <node id='9609688321' action='delete' timestamp='2022-04-27T14:08:48Z' uid='10661323' user='Thiago AG' visible='true' version='2' changeset='120261948' lat='-22.816567' lon='-47.0533761' />
  <node id='9609688322' action='delete' timestamp='2022-03-26T20:35:55Z' uid='10661323' user='Thiago AG' visible='true' version='1' changeset='118962007' lat='-22.8194064' lon='-47.0585095' />
  <node id='9609688323' action='delete' timestamp='2023-11-22T13:24:24Z' uid='10661323' user='Thiago AG' visible='true' version='2' changeset='144326551' lat='-22.8222196' lon='-47.0594484' />
  <node id='9609688324' action='delete' timestamp='2022-03-26T20:35:55Z' uid='10661323' user='Thiago AG' visible='true' version='1' changeset='118962007' lat='-22.8205805' lon='-47.0592185' />
  <node id='9621425376' action='delete' timestamp='2022-03-29T17:06:11Z' uid='10661323' user='Thiago AG' visible='true' version='1' changeset='119080010' lat='-22.8124839' lon='-47.0575541' />
  <node id='9621425377' action='delete' timestamp='2022-03-29T17:06:11Z' uid='10661323' user='Thiago AG' visible='true' version='1' changeset='119080010' lat='-22.8123796' lon='-47.0576409' />
  <node id='9621425378' action='delete' timestamp='2022-03-29T17:06:11Z' uid='10661323' user='Thiago AG' visible='true' version='1' changeset='119080010' lat='-22.8124811' lon='-47.0577844' />
  <node id='9621425379' action='delete' timestamp='2022-03-29T17:06:11Z' uid='10661323' user='Thiago AG' visible='true' version='1' changeset='119080010' lat='-22.8125107' lon='-47.0577598' />
  <node id='9621425380' action='delete' timestamp='2022-03-29T17:06:11Z' uid='10661323' user='Thiago AG' visible='true' version='1' changeset='119080010' lat='-22.8125579' lon='-47.0578265' />
  <node id='9621425381' action='delete' timestamp='2022-03-29T17:06:11Z' uid='10661323' user='Thiago AG' visible='true' version='1' changeset='119080010' lat='-22.8125797' lon='-47.0578084' />
  <node id='9621425382' action='delete' timestamp='2022-03-29T17:06:11Z' uid='10661323' user='Thiago AG' visible='true' version='1' changeset='119080010' lat='-22.8127098' lon='-47.0579924' />
  <node id='9621425383' action='delete' timestamp='2022-03-29T17:06:11Z' uid='10661323' user='Thiago AG' visible='true' version='1' changeset='119080010' lat='-22.8126554' lon='-47.0580378' />
  <node id='9621425384' action='delete' timestamp='2022-03-29T17:06:11Z' uid='10661323' user='Thiago AG' visible='true' version='1' changeset='119080010' lat='-22.8127963' lon='-47.058237' />
  <node id='9621425385' action='delete' timestamp='2022-03-29T17:06:11Z' uid='10661323' user='Thiago AG' visible='true' version='1' changeset='119080010' lat='-22.8129029' lon='-47.0581482' />
  <node id='9621425386' action='delete' timestamp='2022-03-29T17:06:11Z' uid='10661323' user='Thiago AG' visible='true' version='1' changeset='119080010' lat='-22.8128999' lon='-47.058144' />
  <node id='9621425387' action='delete' timestamp='2022-03-29T17:06:11Z' uid='10661323' user='Thiago AG' visible='true' version='1' changeset='119080010' lat='-22.8129466' lon='-47.0581051' />
  <node id='9621425388' action='delete' timestamp='2022-03-29T17:06:11Z' uid='10661323' user='Thiago AG' visible='true' version='1' changeset='119080010' lat='-22.8128553' lon='-47.057976' />
  <node id='9621425389' action='delete' timestamp='2022-03-29T17:06:11Z' uid='10661323' user='Thiago AG' visible='true' version='1' changeset='119080010' lat='-22.8128513' lon='-47.0579793' />
  <node id='9621425390' action='delete' timestamp='2022-03-29T17:06:11Z' uid='10661323' user='Thiago AG' visible='true' version='1' changeset='119080010' lat='-22.8127534' lon='-47.0578408' />
  <node id='9621425391' action='delete' timestamp='2022-03-29T17:06:11Z' uid='10661323' user='Thiago AG' visible='true' version='1' changeset='119080010' lat='-22.8127114' lon='-47.0578758' />
  <node id='9621425392' action='delete' timestamp='2022-03-29T17:06:11Z' uid='10661323' user='Thiago AG' visible='true' version='1' changeset='119080010' lat='-22.8128017' lon='-47.0576296' />
  <node id='9621425393' action='delete' timestamp='2022-03-29T17:06:11Z' uid='10661323' user='Thiago AG' visible='true' version='1' changeset='119080010' lat='-22.8129663' lon='-47.0574652' />
  <node id='9621425394' action='delete' timestamp='2022-03-29T17:06:11Z' uid='10661323' user='Thiago AG' visible='true' version='1' changeset='119080010' lat='-22.8128326' lon='-47.0573077' />
  <node id='9621425395' action='delete' timestamp='2022-03-29T17:06:11Z' uid='10661323' user='Thiago AG' visible='true' version='1' changeset='119080010' lat='-22.8127202' lon='-47.05742' />
  <node id='9621425396' action='delete' timestamp='2022-03-29T17:06:11Z' uid='10661323' user='Thiago AG' visible='true' version='1' changeset='119080010' lat='-22.8127929' lon='-47.0575056' />
  <node id='9621425397' action='delete' timestamp='2022-03-29T17:06:11Z' uid='10661323' user='Thiago AG' visible='true' version='1' changeset='119080010' lat='-22.8127407' lon='-47.0575578' />
  <node id='9621425398' action='delete' timestamp='2022-03-29T17:06:11Z' uid='10661323' user='Thiago AG' visible='true' version='1' changeset='119080010' lat='-22.8135257' lon='-47.0582169' />
  <node id='9621425399' action='delete' timestamp='2022-03-29T17:06:11Z' uid='10661323' user='Thiago AG' visible='true' version='1' changeset='119080010' lat='-22.81341' lon='-47.0583226' />
  <node id='9621425400' action='delete' timestamp='2022-03-29T17:06:11Z' uid='10661323' user='Thiago AG' visible='true' version='1' changeset='119080010' lat='-22.8134825' lon='-47.0584159' />
  <node id='9621425401' action='delete' timestamp='2022-03-29T17:06:11Z' uid='10661323' user='Thiago AG' visible='true' version='1' changeset='119080010' lat='-22.8135982' lon='-47.0583102' />
  <node id='9621425402' action='delete' timestamp='2022-03-29T17:06:11Z' uid='10661323' user='Thiago AG' visible='true' version='1' changeset='119080010' lat='-22.8139432' lon='-47.0584198' />
  <node id='9621425403' action='delete' timestamp='2022-03-29T17:06:11Z' uid='10661323' user='Thiago AG' visible='true' version='1' changeset='119080010' lat='-22.813954' lon='-47.0582382' />
  <node id='9621425404' action='delete' timestamp='2022-03-29T17:06:11Z' uid='10661323' user='Thiago AG' visible='true' version='1' changeset='119080010' lat='-22.8137816' lon='-47.0582262' />
  <node id='9621425405' action='delete' timestamp='2022-03-29T17:06:11Z' uid='10661323' user='Thiago AG' visible='true' version='1' changeset='119080010' lat='-22.8137709' lon='-47.0584078' />
  <node id='9621425406' action='delete' timestamp='2022-03-29T17:06:11Z' uid='10661323' user='Thiago AG' visible='true' version='1' changeset='119080010' lat='-22.8133671' lon='-47.0586251' />
  <node id='9621425407' action='delete' timestamp='2022-03-29T17:06:11Z' uid='10661323' user='Thiago AG' visible='true' version='1' changeset='119080010' lat='-22.8134368' lon='-47.0585072' />
  <node id='9621425408' action='delete' timestamp='2022-03-29T17:06:11Z' uid='10661323' user='Thiago AG' visible='true' version='1' changeset='119080010' lat='-22.8133351' lon='-47.0584365' />
  <node id='9621425409' action='delete' timestamp='2022-03-29T17:06:11Z' uid='10661323' user='Thiago AG' visible='true' version='1' changeset='119080010' lat='-22.8132655' lon='-47.0585544' />
  <node id='9621425410' action='delete' timestamp='2022-03-29T17:06:11Z' uid='10661323' user='Thiago AG' visible='true' version='1' changeset='119080010' lat='-22.8127825' lon='-47.058769' />
  <node id='9621425411' action='delete' timestamp='2022-03-29T17:06:11Z' uid='10661323' user='Thiago AG' visible='true' version='1' changeset='119080010' lat='-22.812892' lon='-47.0585859' />
  <node id='9621425412' action='delete' timestamp='2022-03-29T17:06:11Z' uid='10661323' user='Thiago AG' visible='true' version='1' changeset='119080010' lat='-22.8126188' lon='-47.0583936' />
  <node id='9621425413' action='delete' timestamp='2022-03-29T17:06:11Z' uid='10661323' user='Thiago AG' visible='true' version='1' changeset='119080010' lat='-22.8125093' lon='-47.0585768' />
  <node id='9621425414' action='delete' timestamp='2022-03-29T17:06:11Z' uid='10661323' user='Thiago AG' visible='true' version='1' changeset='119080010' lat='-22.8128819' lon='-47.0589305' />
  <node id='9621425415' action='delete' timestamp='2022-03-29T17:06:11Z' uid='10661323' user='Thiago AG' visible='true' version='1' changeset='119080010' lat='-22.812762' lon='-47.0588502' />
  <node id='9621425416' action='delete' timestamp='2022-03-29T17:06:11Z' uid='10661323' user='Thiago AG' visible='true' version='1' changeset='119080010' lat='-22.8126553' lon='-47.0590376' />
  <node id='9621437917' action='delete' timestamp='2022-03-29T17:06:11Z' uid='10661323' user='Thiago AG' visible='true' version='1' changeset='119080010' lat='-22.8127752' lon='-47.059118' />
  <node id='9621437918' action='delete' timestamp='2022-03-29T17:06:11Z' uid='10661323' user='Thiago AG' visible='true' version='1' changeset='119080010' lat='-22.8130809' lon='-47.0592309' />
  <node id='9621437919' action='delete' timestamp='2022-03-29T17:06:11Z' uid='10661323' user='Thiago AG' visible='true' version='1' changeset='119080010' lat='-22.8126899' lon='-47.0592704' />
  <node id='9621437920' action='delete' timestamp='2022-03-29T17:06:11Z' uid='10661323' user='Thiago AG' visible='true' version='1' changeset='119080010' lat='-22.8127052' lon='-47.0594486' />
  <node id='9621437921' action='delete' timestamp='2022-03-29T17:06:11Z' uid='10661323' user='Thiago AG' visible='true' version='1' changeset='119080010' lat='-22.8130777' lon='-47.059411' />
  <node id='9621437922' action='delete' timestamp='2022-03-29T17:06:11Z' uid='10661323' user='Thiago AG' visible='true' version='1' changeset='119080010' lat='-22.8130717' lon='-47.0593406' />
  <node id='9621437923' action='delete' timestamp='2022-03-29T17:06:11Z' uid='10661323' user='Thiago AG' visible='true' version='1' changeset='119080010' lat='-22.8130901' lon='-47.0593388' />
  <node id='9621437924' action='delete' timestamp='2022-03-29T17:06:11Z' uid='10661323' user='Thiago AG' visible='true' version='1' changeset='119080010' lat='-22.8133347' lon='-47.0594597' />
  <node id='9621437925' action='delete' timestamp='2022-03-29T17:06:11Z' uid='10661323' user='Thiago AG' visible='true' version='1' changeset='119080010' lat='-22.8131224' lon='-47.0594795' />
  <node id='9621437926' action='delete' timestamp='2022-03-29T17:06:11Z' uid='10661323' user='Thiago AG' visible='true' version='1' changeset='119080010' lat='-22.8131358' lon='-47.0596484' />
  <node id='9621437927' action='delete' timestamp='2022-03-29T17:06:11Z' uid='10661323' user='Thiago AG' visible='true' version='1' changeset='119080010' lat='-22.813283' lon='-47.0596347' />
  <node id='9621437928' action='delete' timestamp='2022-03-29T17:06:11Z' uid='10661323' user='Thiago AG' visible='true' version='1' changeset='119080010' lat='-22.8132799' lon='-47.0595948' />
  <node id='9621437929' action='delete' timestamp='2022-03-29T17:06:11Z' uid='10661323' user='Thiago AG' visible='true' version='1' changeset='119080010' lat='-22.8133449' lon='-47.0595887' />
  <node id='9621437935' action='delete' timestamp='2022-03-29T17:06:11Z' uid='10661323' user='Thiago AG' visible='true' version='1' changeset='119080010' lat='-22.8127263' lon='-47.0588368' />
  <node id='9621437936' action='delete' timestamp='2022-03-29T17:06:11Z' uid='10661323' user='Thiago AG' visible='true' version='1' changeset='119080010' lat='-22.8124417' lon='-47.0586236' />
  <node id='9621437937' action='delete' timestamp='2022-03-29T17:06:11Z' uid='10661323' user='Thiago AG' visible='true' version='1' changeset='119080010' lat='-22.8124174' lon='-47.0586617' />
  <node id='9621437938' action='delete' timestamp='2022-03-29T17:06:11Z' uid='10661323' user='Thiago AG' visible='true' version='1' changeset='119080010' lat='-22.8123889' lon='-47.0586404' />
  <node id='9621437939' action='delete' timestamp='2022-03-29T17:06:11Z' uid='10661323' user='Thiago AG' visible='true' version='1' changeset='119080010' lat='-22.8123809' lon='-47.0586531' />
  <node id='9621437940' action='delete' timestamp='2022-03-29T17:06:11Z' uid='10661323' user='Thiago AG' visible='true' version='1' changeset='119080010' lat='-22.8123624' lon='-47.0586393' />
  <node id='9621437941' action='delete' timestamp='2022-03-29T17:06:11Z' uid='10661323' user='Thiago AG' visible='true' version='1' changeset='119080010' lat='-22.8123254' lon='-47.0586974' />
  <node id='9621437942' action='delete' timestamp='2022-03-29T17:06:11Z' uid='10661323' user='Thiago AG' visible='true' version='1' changeset='119080010' lat='-22.812528' lon='-47.0588492' />
  <node id='9621437943' action='delete' timestamp='2022-03-29T17:06:11Z' uid='10661323' user='Thiago AG' visible='true' version='1' changeset='119080010' lat='-22.8125101' lon='-47.0588774' />
  <node id='9621437944' action='delete' timestamp='2022-03-29T17:06:11Z' uid='10661323' user='Thiago AG' visible='true' version='1' changeset='119080010' lat='-22.812639' lon='-47.0589739' />
  <node id='9621437949' action='delete' timestamp='2022-03-29T17:06:11Z' uid='10661323' user='Thiago AG' visible='true' version='1' changeset='119080010' lat='-22.8129636' lon='-47.0576255' />
  <node id='9621437950' action='delete' timestamp='2022-03-29T17:06:11Z' uid='10661323' user='Thiago AG' visible='true' version='1' changeset='119080010' lat='-22.8130277' lon='-47.0575599' />
  <node id='9621437951' action='delete' timestamp='2022-03-29T17:06:11Z' uid='10661323' user='Thiago AG' visible='true' version='1' changeset='119080010' lat='-22.8129586' lon='-47.0574804' />
  <node id='9621437952' action='delete' timestamp='2022-03-29T17:06:11Z' uid='10661323' user='Thiago AG' visible='true' version='1' changeset='119080010' lat='-22.8128945' lon='-47.057546' />
  <node id='9621437953' action='delete' timestamp='2022-03-29T17:06:11Z' uid='10661323' user='Thiago AG' visible='true' version='1' changeset='119080010' lat='-22.8129921' lon='-47.0576749' />
  <node id='9621437954' action='delete' timestamp='2022-03-29T17:06:11Z' uid='10661323' user='Thiago AG' visible='true' version='1' changeset='119080010' lat='-22.8129943' lon='-47.0577902' />
  <node id='9621437955' action='delete' timestamp='2022-03-29T17:06:11Z' uid='10661323' user='Thiago AG' visible='true' version='1' changeset='119080010' lat='-22.813077' lon='-47.0577883' />
  <node id='9621437956' action='delete' timestamp='2022-03-29T17:06:11Z' uid='10661323' user='Thiago AG' visible='true' version='1' changeset='119080010' lat='-22.8130747' lon='-47.057673' />
  <node id='9621437965' action='delete' timestamp='2022-03-29T17:06:11Z' uid='10661323' user='Thiago AG' visible='true' version='1' changeset='119080010' lat='-22.8125574' lon='-47.05969' />
  <node id='9621437966' action='delete' timestamp='2022-03-29T17:06:11Z' uid='10661323' user='Thiago AG' visible='true' version='1' changeset='119080010' lat='-22.8126797' lon='-47.0596861' />
  <node id='9621437967' action='delete' timestamp='2022-03-29T17:06:11Z' uid='10661323' user='Thiago AG' visible='true' version='1' changeset='119080010' lat='-22.8126775' lon='-47.0596057' />
  <node id='9621437968' action='delete' timestamp='2022-03-29T17:06:11Z' uid='10661323' user='Thiago AG' visible='true' version='1' changeset='119080010' lat='-22.8125553' lon='-47.0596096' />
  <node id='9621437969' action='delete' timestamp='2022-03-29T17:06:11Z' uid='10661323' user='Thiago AG' visible='true' version='1' changeset='119080010' lat='-22.8133286' lon='-47.0592792' />
  <node id='9621437970' action='delete' timestamp='2022-03-29T17:06:11Z' uid='10661323' user='Thiago AG' visible='true' version='1' changeset='119080010' lat='-22.8133405' lon='-47.0593997' />
  <node id='9621437971' action='delete' timestamp='2022-03-29T17:06:11Z' uid='10661323' user='Thiago AG' visible='true' version='1' changeset='119080010' lat='-22.8134896' lon='-47.0593823' />
  <node id='9621437972' action='delete' timestamp='2022-03-29T17:06:11Z' uid='10661323' user='Thiago AG' visible='true' version='1' changeset='119080010' lat='-22.8134777' lon='-47.0592618' />
  <node id='9621437973' action='delete' timestamp='2022-03-29T17:06:11Z' uid='10661323' user='Thiago AG' visible='true' version='1' changeset='119080010' lat='-22.8135781' lon='-47.0596234' />
  <node id='9621437974' action='delete' timestamp='2022-03-29T17:06:11Z' uid='10661323' user='Thiago AG' visible='true' version='1' changeset='119080010' lat='-22.8135801' lon='-47.0594705' />
  <node id='9621437975' action='delete' timestamp='2022-03-29T17:06:11Z' uid='10661323' user='Thiago AG' visible='true' version='1' changeset='119080010' lat='-22.8134615' lon='-47.0594687' />
  <node id='9621437976' action='delete' timestamp='2022-03-29T17:06:11Z' uid='10661323' user='Thiago AG' visible='true' version='1' changeset='119080010' lat='-22.8134595' lon='-47.0596215' />
  <node id='9621437977' action='delete' timestamp='2022-03-29T17:06:11Z' uid='10661323' user='Thiago AG' visible='true' version='1' changeset='119080010' lat='-22.8131708' lon='-47.0585354' />
  <node id='9621437978' action='delete' timestamp='2022-03-29T17:06:11Z' uid='10661323' user='Thiago AG' visible='true' version='1' changeset='119080010' lat='-22.8130765' lon='-47.0586614' />
  <node id='9621437979' action='delete' timestamp='2022-03-29T17:06:11Z' uid='10661323' user='Thiago AG' visible='true' version='1' changeset='119080010' lat='-22.8131658' lon='-47.0587402' />
  <node id='9621437980' action='delete' timestamp='2022-03-29T17:06:11Z' uid='10661323' user='Thiago AG' visible='true' version='1' changeset='119080010' lat='-22.8132602' lon='-47.0586142' />
  <node id='9621437981' action='delete' timestamp='2022-03-29T17:06:11Z' uid='10661323' user='Thiago AG' visible='true' version='1' changeset='119080010' lat='-22.8130668' lon='-47.0585754' />
  <node id='9621437982' action='delete' timestamp='2022-03-29T17:06:11Z' uid='10661323' user='Thiago AG' visible='true' version='1' changeset='119080010' lat='-22.8131142' lon='-47.0584739' />
  <node id='9621437983' action='delete' timestamp='2022-03-29T17:06:11Z' uid='10661323' user='Thiago AG' visible='true' version='1' changeset='119080010' lat='-22.813009' lon='-47.0584161' />
  <node id='9621437984' action='delete' timestamp='2022-03-29T17:06:11Z' uid='10661323' user='Thiago AG' visible='true' version='1' changeset='119080010' lat='-22.8129616' lon='-47.0585176' />
  <node id='9621437985' action='delete' timestamp='2022-03-29T17:06:11Z' uid='10661323' user='Thiago AG' visible='true' version='1' changeset='119080010' lat='-22.8132188' lon='-47.0585026' />
  <node id='9621437986' action='delete' timestamp='2022-03-29T17:06:11Z' uid='10661323' user='Thiago AG' visible='true' version='1' changeset='119080010' lat='-22.8133063' lon='-47.0583587' />
  <node id='9621437987' action='delete' timestamp='2022-03-29T17:06:11Z' uid='10661323' user='Thiago AG' visible='true' version='1' changeset='119080010' lat='-22.8132116' lon='-47.0582909' />
  <node id='9621437988' action='delete' timestamp='2022-03-29T17:06:11Z' uid='10661323' user='Thiago AG' visible='true' version='1' changeset='119080010' lat='-22.813124' lon='-47.0584347' />
  <node id='9621437989' action='delete' timestamp='2022-03-29T17:06:11Z' uid='10661323' user='Thiago AG' visible='true' version='1' changeset='119080010' lat='-22.8151608' lon='-47.0573743' />
  <node id='9621437990' action='delete' timestamp='2022-03-29T17:06:11Z' uid='10661323' user='Thiago AG' visible='true' version='1' changeset='119080010' lat='-22.8150941' lon='-47.0572996' />
  <node id='9621437991' action='delete' timestamp='2022-03-29T17:06:11Z' uid='10661323' user='Thiago AG' visible='true' version='1' changeset='119080010' lat='-22.8150349' lon='-47.0573618' />
  <node id='9621437992' action='delete' timestamp='2022-03-29T17:06:11Z' uid='10661323' user='Thiago AG' visible='true' version='1' changeset='119080010' lat='-22.8151016' lon='-47.0574366' />
  <node id='9621437993' action='delete' timestamp='2022-03-29T17:06:11Z' uid='10661323' user='Thiago AG' visible='true' version='1' changeset='119080010' lat='-22.8152337' lon='-47.0620128' />
  <node id='9621437994' action='delete' timestamp='2022-03-29T17:06:11Z' uid='10661323' user='Thiago AG' visible='true' version='1' changeset='119080010' lat='-22.815362' lon='-47.0620063' />
  <node id='9621437995' action='delete' timestamp='2022-03-29T17:06:11Z' uid='10661323' user='Thiago AG' visible='true' version='1' changeset='119080010' lat='-22.815357' lon='-47.0618886' />
  <node id='9621437996' action='delete' timestamp='2022-03-29T17:06:11Z' uid='10661323' user='Thiago AG' visible='true' version='1' changeset='119080010' lat='-22.8152287' lon='-47.061895' />
  <node id='9621489196' action='delete' timestamp='2022-03-29T17:26:08Z' uid='10661323' user='Thiago AG' visible='true' version='1' changeset='119080914' lat='-22.8181834' lon='-47.0579822' />
  <node id='9621489197' action='delete' timestamp='2022-03-29T17:26:08Z' uid='10661323' user='Thiago AG' visible='true' version='1' changeset='119080914' lat='-22.8183035' lon='-47.0577901' />
  <node id='9621489198' action='delete' timestamp='2022-03-29T17:26:08Z' uid='10661323' user='Thiago AG' visible='true' version='1' changeset='119080914' lat='-22.8185249' lon='-47.0576597' />
  <node id='9621489199' action='delete' timestamp='2022-03-29T17:26:08Z' uid='10661323' user='Thiago AG' visible='true' version='1' changeset='119080914' lat='-22.8189169' lon='-47.0575636' />
  <node id='9621489200' action='delete' timestamp='2022-03-29T17:26:08Z' uid='10661323' user='Thiago AG' visible='true' version='1' changeset='119080914' lat='-22.8193217' lon='-47.0574196' />
  <node id='9621489201' action='delete' timestamp='2022-03-29T17:26:08Z' uid='10661323' user='Thiago AG' visible='true' version='1' changeset='119080914' lat='-22.8194355' lon='-47.0572892' />
  <node id='9621489202' action='delete' timestamp='2022-03-29T17:26:08Z' uid='10661323' user='Thiago AG' visible='true' version='1' changeset='119080914' lat='-22.819581' lon='-47.0570697' />
  <node id='9621489203' action='delete' timestamp='2022-03-29T17:26:08Z' uid='10661323' user='Thiago AG' visible='true' version='1' changeset='119080914' lat='-22.8195873' lon='-47.0567609' />
  <node id='9621489204' action='delete' timestamp='2022-03-29T17:26:08Z' uid='10661323' user='Thiago AG' visible='true' version='1' changeset='119080914' lat='-22.8187652' lon='-47.0535775' />
  <node id='9621489205' action='delete' timestamp='2022-03-29T17:26:08Z' uid='10661323' user='Thiago AG' visible='true' version='1' changeset='119080914' lat='-22.8181387' lon='-47.0582324'>
    <tag k='access' v='private' />
    <tag k='barrier' v='swing_gate' />
    <tag k='locked' v='yes' />
  </node>
  <node id='9625232502' action='delete' timestamp='2022-03-30T23:09:13Z' uid='10661323' user='Thiago AG' visible='true' version='1' changeset='119135655' lat='-22.813426' lon='-47.0646859' />
  <node id='9625232503' action='delete' timestamp='2022-03-30T23:09:13Z' uid='10661323' user='Thiago AG' visible='true' version='1' changeset='119135655' lat='-22.813172' lon='-47.064553' />
  <node id='9625232504' action='delete' timestamp='2022-03-30T23:09:13Z' uid='10661323' user='Thiago AG' visible='true' version='1' changeset='119135655' lat='-22.8131449' lon='-47.064614' />
  <node id='9625232505' action='delete' timestamp='2022-03-30T23:09:13Z' uid='10661323' user='Thiago AG' visible='true' version='1' changeset='119135655' lat='-22.813169' lon='-47.0646266' />
  <node id='9625232506' action='delete' timestamp='2022-03-30T23:09:13Z' uid='10661323' user='Thiago AG' visible='true' version='1' changeset='119135655' lat='-22.8131254' lon='-47.0647245' />
  <node id='9625232507' action='delete' timestamp='2022-03-30T23:09:13Z' uid='10661323' user='Thiago AG' visible='true' version='1' changeset='119135655' lat='-22.8134384' lon='-47.0648882' />
  <node id='9625232508' action='delete' timestamp='2022-03-30T23:09:13Z' uid='10661323' user='Thiago AG' visible='true' version='1' changeset='119135655' lat='-22.8134925' lon='-47.0647663' />
  <node id='9625232509' action='delete' timestamp='2022-03-30T23:09:13Z' uid='10661323' user='Thiago AG' visible='true' version='1' changeset='119135655' lat='-22.8134095' lon='-47.0647229' />
  <node id='9689917931' action='delete' timestamp='2022-04-24T15:33:00Z' uid='10661323' user='Thiago AG' visible='true' version='1' changeset='120129049' lat='-22.8110063' lon='-47.0646889' />
  <node id='9689917948' action='delete' timestamp='2022-04-24T15:33:00Z' uid='10661323' user='Thiago AG' visible='true' version='1' changeset='120129049' lat='-22.8117986' lon='-47.0603659' />
  <node id='9689917949' action='delete' timestamp='2022-04-24T15:33:00Z' uid='10661323' user='Thiago AG' visible='true' version='1' changeset='120129049' lat='-22.8136116' lon='-47.0601616' />
  <node id='9689917950' action='delete' timestamp='2022-04-24T15:33:00Z' uid='10661323' user='Thiago AG' visible='true' version='1' changeset='120129049' lat='-22.8178086' lon='-47.0566378' />
  <node id='9689917951' action='delete' timestamp='2022-04-24T15:33:00Z' uid='10661323' user='Thiago AG' visible='true' version='1' changeset='120129049' lat='-22.8171726' lon='-47.0568858' />
  <node id='9697914478' action='delete' timestamp='2022-04-27T14:08:48Z' uid='10661323' user='Thiago AG' visible='true' version='1' changeset='120261948' lat='-22.8167001' lon='-47.0535722' />
  <node id='9697914479' action='delete' timestamp='2022-04-27T14:08:48Z' uid='10661323' user='Thiago AG' visible='true' version='1' changeset='120261948' lat='-22.8168049' lon='-47.0539789' />
  <node id='9697914480' action='delete' timestamp='2022-04-27T14:08:48Z' uid='10661323' user='Thiago AG' visible='true' version='1' changeset='120261948' lat='-22.8167071' lon='-47.0540221' />
  <node id='9697914481' action='delete' timestamp='2022-04-27T14:08:48Z' uid='10661323' user='Thiago AG' visible='true' version='1' changeset='120261948' lat='-22.8173567' lon='-47.0550923' />
  <node id='9698414490' action='delete' timestamp='2022-04-27T17:25:05Z' uid='10661323' user='Thiago AG' visible='true' version='1' changeset='120270120' lat='-22.8117018' lon='-47.0649123' />
  <node id='9698414491' action='delete' timestamp='2022-04-27T17:25:05Z' uid='10661323' user='Thiago AG' visible='true' version='1' changeset='120270120' lat='-22.8119632' lon='-47.0648077' />
  <node id='9698414492' action='delete' timestamp='2022-04-27T17:25:05Z' uid='10661323' user='Thiago AG' visible='true' version='1' changeset='120270120' lat='-22.8117819' lon='-47.0648274' />
  <node id='9698414493' action='delete' timestamp='2022-04-27T17:25:05Z' uid='10661323' user='Thiago AG' visible='true' version='1' changeset='120270120' lat='-22.811755' lon='-47.065197' />
  <node id='9698414494' action='delete' timestamp='2022-04-27T17:25:05Z' uid='10661323' user='Thiago AG' visible='true' version='1' changeset='120270120' lat='-22.8117619' lon='-47.0650742' />
  <node id='9698414495' action='delete' timestamp='2022-04-27T17:25:05Z' uid='10661323' user='Thiago AG' visible='true' version='1' changeset='120270120' lat='-22.8117169' lon='-47.0649973' />
  <node id='9698414496' action='delete' timestamp='2022-04-27T17:25:05Z' uid='10661323' user='Thiago AG' visible='true' version='1' changeset='120270120' lat='-22.8117343' lon='-47.0648536' />
  <node id='9698414497' action='delete' timestamp='2022-04-27T17:25:05Z' uid='10661323' user='Thiago AG' visible='true' version='1' changeset='120270120' lat='-22.8118894' lon='-47.0648013' />
  <node id='9698414498' action='delete' timestamp='2022-04-27T17:25:05Z' uid='10661323' user='Thiago AG' visible='true' version='1' changeset='120270120' lat='-22.8120039' lon='-47.064853' />
  <node id='9698414499' action='delete' timestamp='2022-04-27T17:25:05Z' uid='10661323' user='Thiago AG' visible='true' version='1' changeset='120270120' lat='-22.8120093' lon='-47.0649651' />
  <node id='9698414500' action='delete' timestamp='2022-07-25T17:52:01Z' uid='10661323' user='Thiago AG' visible='true' version='2' changeset='124063095' lat='-22.814625' lon='-47.0567467' />
  <node id='9885085531' action='delete' timestamp='2022-07-13T12:18:12Z' uid='10661323' user='Thiago AG' visible='true' version='1' changeset='123563084' lat='-22.8331786' lon='-47.0609048' />
  <node id='10123108698' action='delete' timestamp='2024-01-11T15:28:26Z' uid='10661323' user='Thiago AG' visible='true' version='2' changeset='146148402' lat='-22.8165254' lon='-47.0682793'>
    <tag k='crossing' v='marked' />
    <tag k='crossing:markings' v='yes' />
    <tag k='highway' v='crossing' />
  </node>
  <node id='10123108699' action='delete' timestamp='2022-10-23T07:17:19Z' uid='4176326' user='mutuka' visible='true' version='1' changeset='127945033' lat='-22.8157667' lon='-47.0663186'>
    <tag k='crossing' v='marked' />
    <tag k='highway' v='crossing' />
  </node>
  <node id='10123108701' action='delete' timestamp='2022-10-23T07:17:19Z' uid='4176326' user='mutuka' visible='true' version='1' changeset='127945033' lat='-22.8158324' lon='-47.0664932'>
    <tag k='crossing' v='marked' />
    <tag k='highway' v='crossing' />
  </node>
  <node id='10123122422' timestamp='2022-10-23T07:17:19Z' uid='4176326' user='mutuka' visible='true' version='1' changeset='127945033' lat='-22.8179561' lon='-47.0626937'>
    <tag k='crossing' v='marked' />
    <tag k='highway' v='crossing' />
  </node>
  <node id='10123122423' action='delete' timestamp='2022-10-23T07:17:19Z' uid='4176326' user='mutuka' visible='true' version='1' changeset='127945033' lat='-22.8170967' lon='-47.0638096'>
    <tag k='crossing' v='marked' />
    <tag k='highway' v='crossing' />
  </node>
  <node id='10123122424' timestamp='2022-10-23T07:17:19Z' uid='4176326' user='mutuka' visible='true' version='1' changeset='127945033' lat='-22.8172193' lon='-47.0637645'>
    <tag k='crossing' v='marked' />
    <tag k='highway' v='crossing' />
  </node>
  <node id='10123122425' action='delete' timestamp='2022-10-23T07:17:19Z' uid='4176326' user='mutuka' visible='true' version='1' changeset='127945033' lat='-22.8181596' lon='-47.0591167'>
    <tag k='crossing' v='marked' />
    <tag k='highway' v='crossing' />
  </node>
  <node id='10123122426' timestamp='2022-10-23T07:17:19Z' uid='4176326' user='mutuka' visible='true' version='1' changeset='127945033' lat='-22.8180836' lon='-47.0593777'>
    <tag k='crossing' v='marked' />
    <tag k='highway' v='crossing' />
  </node>
  <node id='10123122427' timestamp='2022-10-23T07:17:19Z' uid='4176326' user='mutuka' visible='true' version='1' changeset='127945033' lat='-22.8179799' lon='-47.0593733'>
    <tag k='crossing' v='marked' />
    <tag k='highway' v='crossing' />
  </node>
  <node id='10123122428' timestamp='2022-10-23T07:17:19Z' uid='4176326' user='mutuka' visible='true' version='1' changeset='127945033' lat='-22.8178363' lon='-47.0594775'>
    <tag k='crossing' v='marked' />
    <tag k='highway' v='crossing' />
  </node>
  <node id='10123122429' timestamp='2022-10-23T07:17:19Z' uid='4176326' user='mutuka' visible='true' version='1' changeset='127945033' lat='-22.8178178' lon='-47.0595881'>
    <tag k='crossing' v='marked' />
    <tag k='highway' v='crossing' />
  </node>
  <node id='10123122430' timestamp='2022-10-23T07:17:19Z' uid='4176326' user='mutuka' visible='true' version='1' changeset='127945033' lat='-22.8179364' lon='-47.0609727'>
    <tag k='crossing' v='marked' />
    <tag k='highway' v='crossing' />
  </node>
  <node id='10123122431' timestamp='2022-10-23T07:17:19Z' uid='4176326' user='mutuka' visible='true' version='1' changeset='127945033' lat='-22.8136822' lon='-47.0610641'>
    <tag k='crossing' v='marked' />
    <tag k='highway' v='crossing' />
  </node>
  <node id='10123122432' timestamp='2024-01-11T16:09:26Z' uid='10661323' user='Thiago AG' visible='true' version='2' changeset='146149923' lat='-22.8160746' lon='-47.0591733'>
    <tag k='highway' v='crossing' />
  </node>
  <node id='10123122433' timestamp='2024-01-11T16:09:26Z' uid='10661323' user='Thiago AG' visible='true' version='2' changeset='146149923' lat='-22.8160518' lon='-47.0592802'>
    <tag k='highway' v='crossing' />
  </node>
  <node id='10123122434' timestamp='2024-01-11T16:09:26Z' uid='10661323' user='Thiago AG' visible='true' version='2' changeset='146149923' lat='-22.8159385' lon='-47.0593376'>
    <tag k='highway' v='crossing' />
  </node>
  <node id='10123122435' timestamp='2024-01-11T16:09:26Z' uid='10661323' user='Thiago AG' visible='true' version='2' changeset='146149923' lat='-22.8158739' lon='-47.0592472'>
    <tag k='highway' v='crossing' />
  </node>
  <node id='10123122436' timestamp='2024-01-11T16:09:26Z' uid='10661323' user='Thiago AG' visible='true' version='2' changeset='146149923' lat='-22.81589' lon='-47.059142'>
    <tag k='highway' v='crossing' />
  </node>
  <node id='10123122437' timestamp='2022-10-23T07:17:19Z' uid='4176326' user='mutuka' visible='true' version='1' changeset='127945033' lat='-22.8142946' lon='-47.0590046'>
    <tag k='crossing' v='marked' />
    <tag k='highway' v='crossing' />
  </node>
  <node id='10123122438' timestamp='2022-10-23T07:17:19Z' uid='4176326' user='mutuka' visible='true' version='1' changeset='127945033' lat='-22.8143585' lon='-47.0588647'>
    <tag k='crossing' v='marked' />
    <tag k='highway' v='crossing' />
  </node>
  <node id='10123122439' action='delete' timestamp='2022-10-23T07:17:19Z' uid='4176326' user='mutuka' visible='true' version='1' changeset='127945033' lat='-22.8139508' lon='-47.0586327'>
    <tag k='crossing' v='marked' />
    <tag k='highway' v='crossing' />
  </node>
  <node id='10123122440' action='delete' timestamp='2024-09-11T18:01:53Z' uid='379585' user='TByte' visible='true' version='2' changeset='156496723' lat='-22.8128821' lon='-47.0618367'>
    <tag k='crossing' v='marked' />
    <tag k='highway' v='crossing' />
  </node>
  <node id='10123122441' action='delete' timestamp='2022-10-23T07:17:19Z' uid='4176326' user='mutuka' visible='true' version='1' changeset='127945033' lat='-22.8136701' lon='-47.0597382'>
    <tag k='crossing' v='marked' />
    <tag k='highway' v='crossing' />
  </node>
  <node id='10123122442' action='delete' timestamp='2022-10-23T07:17:19Z' uid='4176326' user='mutuka' visible='true' version='1' changeset='127945033' lat='-22.8135878' lon='-47.0601251'>
    <tag k='crossing' v='marked' />
    <tag k='highway' v='crossing' />
  </node>
  <node id='10123122443' timestamp='2022-10-23T07:17:19Z' uid='4176326' user='mutuka' visible='true' version='1' changeset='127945033' lat='-22.8134456' lon='-47.0609794'>
    <tag k='crossing' v='marked' />
    <tag k='highway' v='crossing' />
  </node>
  <node id='10123122444' timestamp='2022-10-23T07:17:19Z' uid='4176326' user='mutuka' visible='true' version='1' changeset='127945033' lat='-22.8134684' lon='-47.0608527'>
    <tag k='crossing' v='marked' />
    <tag k='highway' v='crossing' />
  </node>
  <node id='10123122476' action='delete' timestamp='2024-01-11T15:28:26Z' uid='10661323' user='Thiago AG' visible='true' version='2' changeset='146148402' lat='-22.8170907' lon='-47.0681568'>
    <tag k='crossing' v='marked' />
    <tag k='crossing:markings' v='yes' />
    <tag k='highway' v='crossing' />
  </node>
  <node id='10123122477' action='delete' timestamp='2022-10-23T07:17:19Z' uid='4176326' user='mutuka' visible='true' version='1' changeset='127945033' lat='-22.8170936' lon='-47.0660463'>
    <tag k='crossing' v='marked' />
    <tag k='highway' v='crossing' />
  </node>
  <node id='10123122479' action='delete' timestamp='2022-10-23T07:17:19Z' uid='4176326' user='mutuka' visible='true' version='1' changeset='127945033' lat='-22.8170934' lon='-47.0662226'>
    <tag k='crossing' v='marked' />
    <tag k='highway' v='crossing' />
  </node>
  <node id='10123122486' action='delete' timestamp='2022-10-23T07:17:19Z' uid='4176326' user='mutuka' visible='true' version='1' changeset='127945033' lat='-22.8185814' lon='-47.0640677'>
    <tag k='crossing' v='marked' />
    <tag k='highway' v='crossing' />
  </node>
  <node id='10123122487' action='delete' timestamp='2024-02-18T16:41:28Z' uid='10661323' user='Thiago AG' visible='true' version='2' changeset='147616874' lat='-22.8190651' lon='-47.064148'>
    <tag k='crossing' v='marked' />
    <tag k='crossing:markings' v='yes' />
    <tag k='highway' v='crossing' />
  </node>
  <node id='10123122488' action='delete' timestamp='2024-02-18T16:41:28Z' uid='10661323' user='Thiago AG' visible='true' version='2' changeset='147616874' lat='-22.8188901' lon='-47.064556'>
    <tag k='crossing' v='marked' />
    <tag k='crossing:markings' v='yes' />
    <tag k='highway' v='crossing' />
  </node>
  <node id='10123122489' action='delete' timestamp='2024-02-18T16:41:28Z' uid='10661323' user='Thiago AG' visible='true' version='2' changeset='147616874' lat='-22.8189663' lon='-47.0644485'>
    <tag k='crossing' v='marked' />
    <tag k='crossing:markings' v='yes' />
    <tag k='highway' v='crossing' />
  </node>
  <node id='10123122492' action='delete' timestamp='2024-02-18T16:41:28Z' uid='10661323' user='Thiago AG' visible='true' version='2' changeset='147616874' lat='-22.8203567' lon='-47.0661121'>
    <tag k='crossing' v='marked' />
    <tag k='crossing:markings' v='yes' />
    <tag k='highway' v='crossing' />
  </node>
  <node id='10123122499' action='delete' timestamp='2024-02-18T16:41:28Z' uid='10661323' user='Thiago AG' visible='true' version='2' changeset='147616874' lat='-22.8209678' lon='-47.0669201'>
    <tag k='crossing' v='zebra' />
    <tag k='crossing:markings' v='yes' />
    <tag k='highway' v='crossing' />
  </node>
  <node id='10123122500' action='delete' timestamp='2024-02-18T16:41:28Z' uid='10661323' user='Thiago AG' visible='true' version='2' changeset='147616874' lat='-22.8208679' lon='-47.0669797'>
    <tag k='crossing' v='zebra' />
    <tag k='crossing:markings' v='yes' />
    <tag k='highway' v='crossing' />
  </node>
  <node id='10123122503' action='delete' timestamp='2024-02-18T16:41:28Z' uid='10661323' user='Thiago AG' visible='true' version='2' changeset='147616874' lat='-22.8209888' lon='-47.0672406'>
    <tag k='crossing' v='zebra' />
    <tag k='crossing:markings' v='yes' />
    <tag k='highway' v='crossing' />
  </node>
  <node id='10123122504' action='delete' timestamp='2024-02-18T16:41:28Z' uid='10661323' user='Thiago AG' visible='true' version='2' changeset='147616874' lat='-22.8210872' lon='-47.0671786'>
    <tag k='crossing' v='zebra' />
    <tag k='crossing:markings' v='yes' />
    <tag k='highway' v='crossing' />
  </node>
  <node id='10123122506' action='delete' timestamp='2024-02-18T16:41:28Z' uid='10661323' user='Thiago AG' visible='true' version='2' changeset='147616874' lat='-22.8211886' lon='-47.0677539'>
    <tag k='crossing' v='marked' />
    <tag k='crossing:markings' v='yes' />
    <tag k='highway' v='crossing' />
  </node>
  <node id='10123122507' action='delete' timestamp='2024-02-18T16:41:28Z' uid='10661323' user='Thiago AG' visible='true' version='2' changeset='147616874' lat='-22.8213092' lon='-47.0677029'>
    <tag k='crossing' v='marked' />
    <tag k='crossing:markings' v='yes' />
    <tag k='highway' v='crossing' />
  </node>
  <node id='10125082313' action='delete' timestamp='2022-10-23T23:14:10Z' uid='4176326' user='mutuka' visible='true' version='1' changeset='127975851' lat='-22.8160352' lon='-47.0593572' />
  <node id='10125082314' action='delete' timestamp='2022-10-23T23:14:10Z' uid='4176326' user='mutuka' visible='true' version='1' changeset='127975851' lat='-22.8158535' lon='-47.059325' />
  <node id='10125082315' action='delete' timestamp='2022-10-23T23:14:10Z' uid='4176326' user='mutuka' visible='true' version='1' changeset='127975851' lat='-22.8181973' lon='-47.0594899' />
  <node id='10125082316' action='delete' timestamp='2022-10-23T23:14:10Z' uid='4176326' user='mutuka' visible='true' version='1' changeset='127975851' lat='-22.8181652' lon='-47.0594698' />
  <node id='10125157317' action='delete' timestamp='2022-10-23T23:14:10Z' uid='4176326' user='mutuka' visible='true' version='1' changeset='127975851' lat='-22.8181404' lon='-47.0593826' />
  <node id='10125157318' action='delete' timestamp='2022-10-23T23:14:10Z' uid='4176326' user='mutuka' visible='true' version='1' changeset='127975851' lat='-22.8179328' lon='-47.0593706' />
  <node id='10125157319' action='delete' timestamp='2022-10-23T23:14:10Z' uid='4176326' user='mutuka' visible='true' version='1' changeset='127975851' lat='-22.8179031' lon='-47.0594175' />
  <node id='10125157320' action='delete' timestamp='2022-10-23T23:14:10Z' uid='4176326' user='mutuka' visible='true' version='1' changeset='127975851' lat='-22.8178438' lon='-47.0594189' />
  <node id='10125157323' action='delete' timestamp='2022-10-23T23:14:10Z' uid='4176326' user='mutuka' visible='true' version='1' changeset='127975851' lat='-22.8198429' lon='-47.0601464'>
    <tag k='crossing' v='marked' />
    <tag k='highway' v='crossing' />
  </node>
  <node id='10125157325' action='delete' timestamp='2022-10-23T23:14:10Z' uid='4176326' user='mutuka' visible='true' version='1' changeset='127975851' lat='-22.8194536' lon='-47.0600064'>
    <tag k='crossing' v='marked' />
    <tag k='highway' v='crossing' />
  </node>
  <node id='10125157355' timestamp='2022-10-23T23:14:10Z' uid='4176326' user='mutuka' visible='true' version='1' changeset='127975851' lat='-22.8135142' lon='-47.0650483'>
    <tag k='crossing' v='marked' />
    <tag k='highway' v='crossing' />
  </node>
  <node id='10125157356' timestamp='2022-10-23T23:14:10Z' uid='4176326' user='mutuka' visible='true' version='1' changeset='127975851' lat='-22.8142504' lon='-47.0644429'>
    <tag k='crossing' v='marked' />
    <tag k='highway' v='crossing' />
  </node>
  <node id='10125157357' timestamp='2022-10-23T23:14:10Z' uid='4176326' user='mutuka' visible='true' version='1' changeset='127975851' lat='-22.814192' lon='-47.0643445'>
    <tag k='crossing' v='marked' />
    <tag k='highway' v='crossing' />
  </node>
  <node id='10125157358' timestamp='2022-10-23T23:14:10Z' uid='4176326' user='mutuka' visible='true' version='1' changeset='127975851' lat='-22.8145796' lon='-47.0640821'>
    <tag k='crossing' v='marked' />
    <tag k='highway' v='crossing' />
  </node>
  <node id='10125157359' timestamp='2022-10-23T23:14:10Z' uid='4176326' user='mutuka' visible='true' version='1' changeset='127975851' lat='-22.8146233' lon='-47.0641914'>
    <tag k='crossing' v='marked' />
    <tag k='highway' v='crossing' />
  </node>
  <node id='10125157360' action='delete' timestamp='2022-10-23T23:14:10Z' uid='4176326' user='mutuka' visible='true' version='1' changeset='127975851' lat='-22.8149411' lon='-47.064076'>
    <tag k='crossing' v='marked' />
    <tag k='highway' v='crossing' />
  </node>
  <node id='10125157361' action='delete' timestamp='2022-10-23T23:14:10Z' uid='4176326' user='mutuka' visible='true' version='1' changeset='127975851' lat='-22.8172047' lon='-47.0638418' />
  <node id='10125157367' action='delete' timestamp='2024-02-18T16:41:28Z' uid='10661323' user='Thiago AG' visible='true' version='2' changeset='147616874' lat='-22.8205144' lon='-47.0661065'>
    <tag k='crossing' v='marked' />
    <tag k='crossing:markings' v='yes' />
    <tag k='highway' v='crossing' />
  </node>
  <node id='10540180325' timestamp='2023-01-11T17:57:14Z' uid='17935859' user='KNS4ZGDXZG' visible='true' version='1' changeset='131156481' lat='-22.8142231' lon='-47.0610226' />
  <node id='10687632666' action='delete' timestamp='2023-02-23T07:40:02Z' uid='16235152' user='BrandvleiDam' visible='true' version='1' changeset='132911764' lat='-22.8178648' lon='-47.0618456'>
    <tag k='access' v='permissive' />
    <tag k='barrier' v='lift_gate' />
  </node>
  <node id='11151928682' action='delete' timestamp='2023-08-28T23:24:16Z' uid='379585' user='TByte' visible='true' version='1' changeset='140515934' lat='-22.8127028' lon='-47.0606847' />
  <node id='11151928683' action='delete' timestamp='2023-08-28T23:24:16Z' uid='379585' user='TByte' visible='true' version='1' changeset='140515934' lat='-22.8126816' lon='-47.0605557' />
  <node id='11151928684' action='delete' timestamp='2023-08-28T23:24:16Z' uid='379585' user='TByte' visible='true' version='1' changeset='140515934' lat='-22.8128468' lon='-47.0605213' />
  <node id='11151928685' action='delete' timestamp='2023-08-28T23:24:16Z' uid='379585' user='TByte' visible='true' version='1' changeset='140515934' lat='-22.8128706' lon='-47.0606604' />
  <node id='11226006869' action='delete' timestamp='2023-09-29T00:56:24Z' uid='9112148' user='hmarangon03' visible='true' version='1' changeset='141891631' lat='-22.8202832' lon='-47.0658167' />
  <node id='11368572476' action='delete' timestamp='2023-11-22T13:24:24Z' uid='10661323' user='Thiago AG' visible='true' version='1' changeset='144326551' lat='-22.8235481' lon='-47.0594694' />
  <node id='11379105683' action='delete' timestamp='2023-11-27T07:50:00Z' uid='15204658' user='Ra_colate' visible='true' version='1' changeset='144496339' lat='-22.8179076' lon='-47.0612367' />
  <node id='11413015305' action='delete' timestamp='2023-12-12T17:14:02Z' uid='10165575' user='Pedro Furlan' visible='true' version='1' changeset='145046483' lat='-22.8145447' lon='-47.0653004' />
  <node id='11413015306' action='delete' timestamp='2023-12-12T17:14:02Z' uid='10165575' user='Pedro Furlan' visible='true' version='1' changeset='145046483' lat='-22.8147311' lon='-47.0652074' />
  <node id='11413015307' action='delete' timestamp='2023-12-12T17:14:02Z' uid='10165575' user='Pedro Furlan' visible='true' version='1' changeset='145046483' lat='-22.8144739' lon='-47.0645403' />
  <node id='11413015308' action='delete' timestamp='2023-12-12T17:14:02Z' uid='10165575' user='Pedro Furlan' visible='true' version='1' changeset='145046483' lat='-22.814295' lon='-47.0646353' />
  <node id='11508753968' action='delete' timestamp='2024-01-11T16:09:26Z' uid='10661323' user='Thiago AG' visible='true' version='1' changeset='146149923' lat='-22.8146945' lon='-47.0594947' />
  <node id='11508873469' action='delete' timestamp='2024-01-11T16:09:26Z' uid='10661323' user='Thiago AG' visible='true' version='1' changeset='146149923' lat='-22.8149835' lon='-47.0596592' />
  <node id='11508873470' action='delete' timestamp='2024-01-11T16:09:26Z' uid='10661323' user='Thiago AG' visible='true' version='1' changeset='146149923' lat='-22.8147542' lon='-47.0593391' />
  <node id='11508873471' action='delete' timestamp='2024-01-11T16:09:26Z' uid='10661323' user='Thiago AG' visible='true' version='1' changeset='146149923' lat='-22.8145465' lon='-47.0591615' />
  <node id='11508873472' action='delete' timestamp='2024-01-11T16:09:26Z' uid='10661323' user='Thiago AG' visible='true' version='1' changeset='146149923' lat='-22.8145259' lon='-47.0592039' />
  <node id='11508873473' action='delete' timestamp='2024-01-11T16:09:26Z' uid='10661323' user='Thiago AG' visible='true' version='1' changeset='146149923' lat='-22.8146782' lon='-47.0592906' />
  <node id='11508873474' action='delete' timestamp='2024-01-11T16:09:26Z' uid='10661323' user='Thiago AG' visible='true' version='1' changeset='146149923' lat='-22.8146979' lon='-47.0592497' />
  <node id='11508873475' action='delete' timestamp='2024-01-11T16:09:26Z' uid='10661323' user='Thiago AG' visible='true' version='1' changeset='146149923' lat='-22.8147759' lon='-47.0592941' />
  <node id='11508873476' action='delete' timestamp='2024-01-11T16:09:26Z' uid='10661323' user='Thiago AG' visible='true' version='1' changeset='146149923' lat='-22.8145576' lon='-47.0583631' />
  <node id='11508873477' action='delete' timestamp='2024-01-11T16:09:26Z' uid='10661323' user='Thiago AG' visible='true' version='1' changeset='146149923' lat='-22.8158504' lon='-47.0577445' />
  <node id='11508873478' action='delete' timestamp='2024-01-11T16:09:26Z' uid='10661323' user='Thiago AG' visible='true' version='1' changeset='146149923' lat='-22.8163887' lon='-47.0595729'>
    <tag k='tourism' v='viewpoint' />
  </node>
  <node id='11508873479' action='delete' timestamp='2024-01-11T16:09:26Z' uid='10661323' user='Thiago AG' visible='true' version='1' changeset='146149923' lat='-22.8171584' lon='-47.059727'>
    <tag k='tourism' v='viewpoint' />
  </node>
  <node id='11508873480' action='delete' timestamp='2024-01-11T16:09:26Z' uid='10661323' user='Thiago AG' visible='true' version='1' changeset='146149923' lat='-22.8154572' lon='-47.0594219'>
    <tag k='tourism' v='viewpoint' />
  </node>
  <node id='11508873481' action='delete' timestamp='2024-01-11T16:09:26Z' uid='10661323' user='Thiago AG' visible='true' version='1' changeset='146149923' lat='-22.8149186' lon='-47.0578573'>
    <tag k='tourism' v='viewpoint' />
  </node>
  <node id='11510966407' action='delete' timestamp='2024-01-12T14:17:24Z' uid='10661323' user='Thiago AG' visible='true' version='1' changeset='146182993' lat='-22.8216175' lon='-47.0697004' />
  <node id='11595715483' action='delete' timestamp='2024-02-07T19:04:39Z' uid='10661323' user='Thiago AG' visible='true' version='1' changeset='147188537' lat='-22.818796' lon='-47.0536968' />
  <node id='11638423916' action='delete' timestamp='2024-02-18T16:41:28Z' uid='10661323' user='Thiago AG' visible='true' version='1' changeset='147616874' lat='-22.8205268' lon='-47.066125' />
  <node id='11665445970' action='delete' timestamp='2024-02-26T14:42:50Z' uid='10661323' user='Thiago AG' visible='true' version='1' changeset='147935231' lat='-22.8130131' lon='-47.0733259'>
    <tag k='barrier' v='gate' />
  </node>
  <node id='11665446000' action='delete' timestamp='2024-02-26T14:42:50Z' uid='10661323' user='Thiago AG' visible='true' version='1' changeset='147935231' lat='-22.812947' lon='-47.0732184' />
  <node id='11665446001' action='delete' timestamp='2024-02-26T14:42:50Z' uid='10661323' user='Thiago AG' visible='true' version='1' changeset='147935231' lat='-22.8128889' lon='-47.0731748' />
  <node id='11665446002' action='delete' timestamp='2024-02-26T14:42:50Z' uid='10661323' user='Thiago AG' visible='true' version='1' changeset='147935231' lat='-22.8128145' lon='-47.0731352' />
  <node id='11665446003' action='delete' timestamp='2024-02-26T14:42:50Z' uid='10661323' user='Thiago AG' visible='true' version='1' changeset='147935231' lat='-22.8129941' lon='-47.0734391' />
  <node id='11665446004' action='delete' timestamp='2024-02-26T14:42:50Z' uid='10661323' user='Thiago AG' visible='true' version='1' changeset='147935231' lat='-22.8129948' lon='-47.0735599' />
  <node id='11665446005' action='delete' timestamp='2024-02-26T14:42:50Z' uid='10661323' user='Thiago AG' visible='true' version='1' changeset='147935231' lat='-22.8130939' lon='-47.0740047' />
  <node id='11665446006' action='delete' timestamp='2024-02-26T14:42:50Z' uid='10661323' user='Thiago AG' visible='true' version='1' changeset='147935231' lat='-22.813294' lon='-47.0742151' />
  <node id='11665446011' action='delete' timestamp='2024-02-26T14:42:50Z' uid='10661323' user='Thiago AG' visible='true' version='1' changeset='147935231' lat='-22.8176691' lon='-47.0727322' />
  <node id='11665446012' action='delete' timestamp='2024-02-26T14:42:50Z' uid='10661323' user='Thiago AG' visible='true' version='1' changeset='147935231' lat='-22.817694' lon='-47.0724793' />
  <node id='11665446013' action='delete' timestamp='2024-02-26T14:42:50Z' uid='10661323' user='Thiago AG' visible='true' version='1' changeset='147935231' lat='-22.8170907' lon='-47.0725494' />
  <node id='11665446014' action='delete' timestamp='2024-02-26T14:42:50Z' uid='10661323' user='Thiago AG' visible='true' version='1' changeset='147935231' lat='-22.8170975' lon='-47.0727977' />
  <node id='11665446015' action='delete' timestamp='2024-02-26T14:42:50Z' uid='10661323' user='Thiago AG' visible='true' version='1' changeset='147935231' lat='-22.8214324' lon='-47.0685621' />
  <node id='11822849557' action='delete' timestamp='2024-04-16T19:36:23Z' uid='20409850' user='VLD279' visible='true' version='1' changeset='150100598' lat='-22.8216353' lon='-47.0684782' />
  <node id='11822849558' action='delete' timestamp='2024-04-16T19:36:23Z' uid='20409850' user='VLD279' visible='true' version='1' changeset='150100598' lat='-22.822209' lon='-47.0694147' />
  <node id='11822849559' action='delete' timestamp='2024-04-16T19:36:23Z' uid='20409850' user='VLD279' visible='true' version='1' changeset='150100598' lat='-22.8221783' lon='-47.06942' />
  <node id='11822849560' action='delete' timestamp='2024-04-16T19:36:23Z' uid='20409850' user='VLD279' visible='true' version='1' changeset='150100598' lat='-22.8221454' lon='-47.0694192' />
  <node id='11822849561' action='delete' timestamp='2024-04-16T19:36:23Z' uid='20409850' user='VLD279' visible='true' version='1' changeset='150100598' lat='-22.8221208' lon='-47.069415' />
  <node id='11822849562' action='delete' timestamp='2024-04-16T19:36:23Z' uid='20409850' user='VLD279' visible='true' version='1' changeset='150100598' lat='-22.8220899' lon='-47.0694097' />
  <node id='11822849563' action='delete' timestamp='2024-04-16T19:36:23Z' uid='20409850' user='VLD279' visible='true' version='1' changeset='150100598' lat='-22.8220329' lon='-47.0693948' />
  <node id='11908362284' action='delete' timestamp='2024-05-16T00:15:12Z' uid='21214506' user='PedroMMLeao' visible='true' version='1' changeset='151385208' lat='-22.81398476791' lon='-47.06369684824' />
  <node id='11908362285' action='delete' timestamp='2024-05-16T00:15:12Z' uid='21214506' user='PedroMMLeao' visible='true' version='1' changeset='151385208' lat='-22.81393056816' lon='-47.06356594824' />
  <node id='11908362286' action='delete' timestamp='2024-05-16T00:15:12Z' uid='21214506' user='PedroMMLeao' visible='true' version='1' changeset='151385208' lat='-22.81406596753' lon='-47.06349644824' />
  <node id='11908362287' action='delete' timestamp='2024-05-16T00:15:12Z' uid='21214506' user='PedroMMLeao' visible='true' version='1' changeset='151385208' lat='-22.81411776728' lon='-47.06364074824' />
  <node id='11908362288' action='delete' timestamp='2024-05-16T00:15:12Z' uid='21214506' user='PedroMMLeao' visible='true' version='1' changeset='151385208' lat='-22.813263' lon='-47.0640922' />
  <node id='11908362289' action='delete' timestamp='2024-05-16T00:15:12Z' uid='21214506' user='PedroMMLeao' visible='true' version='1' changeset='151385208' lat='-22.8131965' lon='-47.0639559' />
  <node id='11908362290' action='delete' timestamp='2024-05-16T00:15:12Z' uid='21214506' user='PedroMMLeao' visible='true' version='1' changeset='151385208' lat='-22.8133394' lon='-47.0638731' />
  <node id='11908362291' action='delete' timestamp='2024-05-16T00:15:12Z' uid='21214506' user='PedroMMLeao' visible='true' version='1' changeset='151385208' lat='-22.8134084' lon='-47.0640334' />
  <node id='12170420337' action='delete' timestamp='2024-09-11T18:01:53Z' uid='379585' user='TByte' visible='true' version='1' changeset='156496723' lat='-22.8130983' lon='-47.0620801' />
  <node id='12170420338' action='delete' timestamp='2024-09-11T18:01:53Z' uid='379585' user='TByte' visible='true' version='1' changeset='156496723' lat='-22.8130071' lon='-47.062245' />
  <node id='12170420339' action='delete' timestamp='2024-09-11T18:01:53Z' uid='379585' user='TByte' visible='true' version='1' changeset='156496723' lat='-22.8131491' lon='-47.0621218' />
  <node id='12170420340' action='delete' timestamp='2024-09-11T18:01:53Z' uid='379585' user='TByte' visible='true' version='1' changeset='156496723' lat='-22.8130326' lon='-47.0620971' />
  <node id='12170420341' action='delete' timestamp='2024-09-11T18:01:53Z' uid='379585' user='TByte' visible='true' version='1' changeset='156496723' lat='-22.8131249' lon='-47.062262' />
  <way id='72508573' action='delete' timestamp='2024-01-10T14:09:58Z' uid='10165575' user='Pedro Furlan' visible='true' version='20' changeset='146105676'>
    <tag k='highway' v='tertiary' />
    <tag k='name' v='Avenida Albert Einstein' />
    <tag k='oneway' v='yes' />
    <tag k='surface' v='asphalt' />
  </way>
  <way id='75679244' timestamp='2020-09-22T12:36:57Z' uid='10653302' user='HangingLake' visible='true' version='5' changeset='91295634'>
    <nd ref='893416300' />
    <nd ref='5189561257' />
    <nd ref='5189561256' />
    <nd ref='5189561258' />
    <nd ref='893416311' />
    <tag k='highway' v='tertiary_link' />
    <tag k='oneway' v='yes' />
  </way>
  <way id='75679256' timestamp='2022-10-23T23:14:10Z' uid='4176326' user='mutuka' visible='true' version='16' changeset='127975851'>
    <nd ref='5191743052' />
    <nd ref='893416438' />
    <nd ref='3366287712' />
    <nd ref='5191743042' />
    <nd ref='3366287711' />
    <nd ref='6226438952' />
    <nd ref='893416352' />
    <nd ref='5419179011' />
    <nd ref='5191743043' />
    <nd ref='5191743044' />
    <nd ref='893416355' />
    <nd ref='5191743045' />
    <nd ref='893416359' />
    <nd ref='5191743046' />
    <nd ref='5191743047' />
    <nd ref='5419179010' />
    <nd ref='893416362' />
    <nd ref='5419179001' />
    <nd ref='893416366' />
    <nd ref='10125157358' />
    <nd ref='893416371' />
    <nd ref='10125157357' />
    <nd ref='5419178996' />
    <nd ref='893416374' />
    <nd ref='5191743048' />
    <nd ref='893416314' />
    <nd ref='1102452162' />
    <nd ref='893416377' />
    <nd ref='5189561252' />
    <nd ref='5189561253' />
    <nd ref='893416381' />
    <nd ref='893416300' />
    <tag k='highway' v='tertiary' />
    <tag k='name' v='Avenida Albert Einstein' />
    <tag k='oneway' v='yes' />
  </way>
  <way id='75679335' action='delete' timestamp='2022-10-23T07:17:19Z' uid='4176326' user='mutuka' visible='true' version='8' changeset='127945033'>
    <tag k='highway' v='unclassified' />
    <tag k='name' v='Rua Lev Landau' />
    <tag k='oneway' v='yes' />
  </way>
  <way id='75679337' action='delete' timestamp='2024-01-26T13:23:25Z' uid='10165575' user='Pedro Furlan' visible='true' version='14' changeset='146710012'>
    <tag k='highway' v='unclassified' />
    <tag k='name' v='Rua Pitágoras' />
    <tag k='oneway' v='yes' />
    <tag k='surface' v='asphalt' />
  </way>
  <way id='75701374' timestamp='2022-10-23T07:17:19Z' uid='4176326' user='mutuka' visible='true' version='18' changeset='127945033'>
    <nd ref='893759868' />
    <nd ref='5189561240' />
    <nd ref='6496075112' />
    <nd ref='893759869' />
    <nd ref='5189561241' />
    <nd ref='893759870' />
    <nd ref='5202759531' />
    <nd ref='9009322884' />
    <nd ref='5189561242' />
    <nd ref='893759871' />
    <nd ref='2825575095' />
    <nd ref='893759872' />
    <nd ref='5418740596' />
    <nd ref='5189561244' />
    <nd ref='8719021372' />
    <nd ref='893759873' />
    <nd ref='5418740654' />
    <nd ref='5189561245' />
    <nd ref='10123122422' />
    <nd ref='893759874' />
    <tag k='highway' v='unclassified' />
    <tag k='name' v='Rua Saturnino de Brito' />
    <tag k='oneway' v='yes' />
  </way>
  <way id='75701376' action='delete' timestamp='2022-10-23T23:14:10Z' uid='4176326' user='mutuka' visible='true' version='16' changeset='127975851'>
    <tag k='highway' v='tertiary' />
    <tag k='name' v='Avenida Marechal Cândido Rondon' />
  </way>
  <way id='77709896' action='delete' timestamp='2024-01-10T14:10:02Z' uid='10165575' user='Pedro Furlan' visible='true' version='14' changeset='146105676'>
    <tag k='alt_name' v='Avenida Prefeito Antônio da Costa Santos' />
    <tag k='highway' v='tertiary' />
    <tag k='name' v='Avenida Antônio da Costa Santos' />
    <tag k='oneway' v='yes' />
    <tag k='surface' v='asphalt' />
  </way>
  <way id='95011154' action='delete' timestamp='2017-10-31T23:33:39Z' uid='5005847' user='igorkalju' visible='true' version='3' changeset='53411071'>
    <tag k='building' v='university' />
    <tag k='name' v='IC 3' />
  </way>
  <way id='95011158' timestamp='2020-09-22T12:36:57Z' uid='10653302' user='HangingLake' visible='true' version='5' changeset='91295634'>
    <nd ref='1102452331' />
    <nd ref='1102452296' />
    <nd ref='5189561251' />
    <nd ref='1102452446' />
    <nd ref='1102452162' />
    <tag k='highway' v='tertiary_link' />
    <tag k='oneway' v='yes' />
  </way>
  <way id='95011169' action='delete' timestamp='2017-10-31T17:16:13Z' uid='5005847' user='igorkalju' visible='true' version='5' changeset='53401651'>
    <tag k='alt_name' v='IC 1, 2' />
    <tag k='building' v='university' />
    <tag k='name' v='IC - Instituto de Computação' />
    <tag k='short_name' v='IC' />
  </way>
  <way id='95011172' action='delete' timestamp='2017-10-31T23:33:39Z' uid='5005847' user='igorkalju' visible='true' version='3' changeset='53411071'>
    <tag k='building' v='university' />
    <tag k='name' v='IC 3.5' />
  </way>
  <way id='97592695' action='delete' timestamp='2017-10-31T18:27:39Z' uid='5005847' user='igorkalju' visible='true' version='2' changeset='53403653'>
  </way>
  <way id='97592701' action='delete' timestamp='2017-10-31T18:27:39Z' uid='5005847' user='igorkalju' visible='true' version='2' changeset='53403653'>
  </way>
  <way id='97592706' action='delete' timestamp='2017-10-31T18:27:39Z' uid='5005847' user='igorkalju' visible='true' version='2' changeset='53403653'>
  </way>
  <way id='97592712' action='delete' timestamp='2017-10-31T18:27:39Z' uid='5005847' user='igorkalju' visible='true' version='2' changeset='53403653'>
  </way>
  <way id='97592717' action='delete' timestamp='2017-10-31T18:27:39Z' uid='5005847' user='igorkalju' visible='true' version='2' changeset='53403653'>
  </way>
  <way id='104628654' action='delete' timestamp='2021-05-16T15:10:44Z' uid='665748' user='sebastic' visible='true' version='5' changeset='104773306'>
    <tag k='building' v='yes' />
    <tag k='office' v='research' />
  </way>
  <way id='109496247' action='delete' timestamp='2017-10-26T11:18:42Z' uid='5005847' user='igorkalju' visible='true' version='3' changeset='53260533'>
    <tag k='addr:housenumber' v='851' />
    <tag k='addr:postcode' v='13083-852' />
    <tag k='addr:street' v='Rua Albert Einstein' />
    <tag k='building' v='university' />
    <tag k='name' v='Laboratório de Plasmas' />
    <tag k='operator' v='DEQ - IFGW' />
  </way>
  <way id='109496249' action='delete' timestamp='2018-11-08T03:12:02Z' uid='1772368' user='pizzaiolo' visible='true' version='3' changeset='64279584'>
    <tag k='building' v='university' />
    <tag k='name' v='Faculdade de Engenharia Civil' />
    <tag k='wikidata' v='Q10279460' />
  </way>
  <way id='109496257' action='delete' timestamp='2017-10-26T11:18:42Z' uid='5005847' user='igorkalju' visible='true' version='3' changeset='53260533'>
    <tag k='building' v='university' />
    <tag k='name' v='Laboratório de Nanoestruturas e Interfaces' />
    <tag k='operator' v='DFA - IFGW' />
  </way>
  <way id='109496258' action='delete' timestamp='2017-10-26T11:18:42Z' uid='5005847' user='igorkalju' visible='true' version='3' changeset='53260533'>
    <tag k='building' v='university' />
    <tag k='name' v='Laboratório de Hidrogênio' />
    <tag k='operator' v='DFA - IFGW' />
  </way>
  <way id='146276264' action='delete' timestamp='2024-02-15T11:58:18Z' uid='18908408' user='julianofribeiro' visible='true' version='4' changeset='147487947'>
    <tag k='addr:housenumber' v='209' />
    <tag k='addr:street' v='Avenida Professor Doutor André Tosello' />
    <tag k='building' v='public' />
  </way>
  <way id='146276265' action='delete' timestamp='2024-02-15T11:57:44Z' uid='18908408' user='julianofribeiro' visible='true' version='5' changeset='147487912'>
    <tag k='addr:housenumber' v='209' />
    <tag k='addr:postcode' v='13083-886' />
    <tag k='addr:street' v='Avenida Andre Tosello' />
    <tag k='building' v='office' />
    <tag k='name' v='Embrapa Informática Agropecuária' />
  </way>
  <way id='149000614' action='delete' timestamp='2017-10-26T11:18:42Z' uid='5005847' user='igorkalju' visible='true' version='2' changeset='53260533'>
    <tag k='building' v='university' />
  </way>
  <way id='149000615' action='delete' timestamp='2017-10-26T11:18:43Z' uid='5005847' user='igorkalju' visible='true' version='2' changeset='53260533'>
    <tag k='building' v='university' />
  </way>
  <way id='149000617' action='delete' timestamp='2017-10-26T11:18:43Z' uid='5005847' user='igorkalju' visible='true' version='2' changeset='53260533'>
    <tag k='building' v='university' />
  </way>
  <way id='163762426' action='delete' timestamp='2024-10-05T13:35:49Z' uid='1675654' user='Fidelis Assis' visible='true' version='4' changeset='157501552'>
    <tag k='addr:city' v='Campinas' />
    <tag k='addr:housenumber' v='km 0.97' />
    <tag k='addr:street' v='Estrada Telebras' />
    <tag k='building' v='industrial' />
    <tag k='name' v='PST Positron' />
  </way>
  <way id='163762427' action='delete' timestamp='2012-05-16T01:11:22Z' uid='397850' user='Tulio Magno Quites Machado Filho' visible='true' version='1' changeset='11610322'>
    <tag k='building' v='yes' />
  </way>
  <way id='163762428' action='delete' timestamp='2012-05-16T01:12:47Z' uid='397850' user='Tulio Magno Quites Machado Filho' visible='true' version='2' changeset='11610328'>
    <tag k='building' v='yes' />
    <tag k='name' v='Inovasoft' />
    <tag k='office' v='research' />
  </way>
  <way id='237036477' timestamp='2022-10-23T23:14:10Z' uid='4176326' user='mutuka' visible='true' version='16' changeset='127975851'>
    <nd ref='2449854659' />
    <nd ref='5419178978' />
    <nd ref='8702585799' />
    <nd ref='5189561250' />
    <nd ref='10125157355' />
    <nd ref='860796314' />
    <nd ref='1102452331' />
    <nd ref='5419178984' />
    <nd ref='860793277' />
    <nd ref='5191743036' />
    <nd ref='5419179000' />
    <nd ref='5418740574' />
    <nd ref='10125157356' />
    <nd ref='860793276' />
    <nd ref='5418740592' />
    <nd ref='10125157359' />
    <nd ref='893416327' />
    <nd ref='5418740593' />
    <nd ref='5419179005' />
    <nd ref='1102452161' />
    <nd ref='5419179006' />
    <nd ref='860793274' />
    <nd ref='6496075097' />
    <nd ref='5191743037' />
    <nd ref='6496075106' />
    <nd ref='860793270' />
    <nd ref='6496075103' />
    <nd ref='5191743038' />
    <nd ref='5419179016' />
    <nd ref='860793266' />
    <nd ref='5191743040' />
    <nd ref='6545864755' />
    <nd ref='5191743039' />
    <nd ref='5419179015' />
    <nd ref='860793263' />
    <nd ref='10123122424' />
    <nd ref='5191743041' />
    <nd ref='9009322889' />
    <nd ref='893416449' />
    <nd ref='5191743056' />
    <tag k='highway' v='tertiary' />
    <tag k='name' v='Avenida Albert Einstein' />
    <tag k='oneway' v='yes' />
  </way>
  <way id='260761733' action='delete' timestamp='2024-01-10T14:09:53Z' uid='10165575' user='Pedro Furlan' visible='true' version='11' changeset='146105676'>
    <tag k='alt_name' v='Avenida Prefeito Antônio da Costa Santos' />
    <tag k='highway' v='tertiary' />
    <tag k='name' v='Avenida Antônio da Costa Santos' />
    <tag k='oneway' v='yes' />
    <tag k='surface' v='asphalt' />
  </way>
  <way id='269852782' action='delete' timestamp='2021-05-16T15:10:44Z' uid='665748' user='sebastic' visible='true' version='4' changeset='104773306'>
    <tag k='building' v='university' />
    <tag k='name' v='Artes Cênicas' />
  </way>
  <way id='269867483' action='delete' timestamp='2017-10-31T20:01:13Z' uid='5005847' user='igorkalju' visible='true' version='4' changeset='53406663'>
  </way>
  <way id='270488633' action='delete' timestamp='2015-09-12T03:56:28Z' uid='463507' user='naoliv' visible='true' version='2' changeset='33974150'>
    <tag k='amenity' v='restaurant' />
    <tag k='building' v='yes' />
    <tag k='name' v='Restaurante da Saturnino' />
    <tag k='short_name' v='RS' />
  </way>
  <way id='270488635' action='delete' timestamp='2014-03-30T22:25:42Z' uid='1972970' user='Fábio Beranizo' visible='true' version='1' changeset='21409957'>
    <tag k='leisure' v='pitch' />
    <tag k='sport' v='soccer' />
  </way>
  <way id='270488636' action='delete' timestamp='2014-03-30T22:25:42Z' uid='1972970' user='Fábio Beranizo' visible='true' version='1' changeset='21409957'>
    <tag k='leisure' v='pitch' />
    <tag k='sport' v='soccer' />
  </way>
  <way id='278132384' action='modify' timestamp='2024-01-11T16:09:26Z' uid='10661323' user='Thiago AG' visible='true' version='10' changeset='146149923'>
    <nd ref='2825575095' />
    <nd ref='6545864730' />
    <nd ref='2825575096' />
    <nd ref='5189561243' />
    <nd ref='3366287709' />
    <nd ref='2825575097' />
    <nd ref='8982426277' />
    <nd ref='10123122434' />
    <nd ref='3901900949' />
    <nd ref='3901900946' />
    <tag k='bicycle' v='yes' />
    <tag k='foot' v='yes' />
    <tag k='highway' v='unclassified' />
    <tag k='horse' v='no' />
    <tag k='motor_vehicle' v='private' />
    <tag k='name' v='Rua Oscar Niemeyer' />
    <tag k='oneway' v='no' />
    <tag k='surface' v='paving_stones' />
  </way>
  <way id='329703619' timestamp='2021-02-20T23:20:44Z' uid='1856060' user='patodiez' visible='true' version='12' changeset='99663646'>
    <nd ref='893416414' />
    <nd ref='3366287725' />
    <nd ref='3366287724' />
    <nd ref='3366287723' />
    <nd ref='5202963790' />
    <nd ref='5202963793' />
    <nd ref='5202963798' />
    <nd ref='8441772395' />
    <nd ref='8441772394' />
    <nd ref='3901900943' />
    <tag k='alt_name' v='Avenida Doutor André M. Tosello' />
    <tag k='highway' v='tertiary' />
    <tag k='name' v='Avenida Professor Doutor André Tosello' />
    <tag k='oneway' v='yes' />
  </way>
  <way id='329703620' timestamp='2024-02-15T12:00:56Z' uid='18908408' user='julianofribeiro' visible='true' version='17' changeset='147488053'>
    <nd ref='8441772388' />
    <nd ref='8441772387' />
    <nd ref='3901900942' />
    <nd ref='5418740647' />
    <nd ref='5202963796' />
    <nd ref='3366287715' />
    <nd ref='5202963791' />
    <nd ref='8272778238' />
    <nd ref='5202963789' />
    <nd ref='893759874' />
    <nd ref='3366287719' />
    <nd ref='3366287718' />
    <nd ref='5191743051' />
    <nd ref='5191743052' />
    <tag k='alt_name' v='Avenida Doutor André M. Tosello' />
    <tag k='highway' v='tertiary' />
    <tag k='name' v='Avenida Professor Doutor André Tosello' />
    <tag k='oneway' v='yes' />
    <tag k='surface' v='asphalt' />
  </way>
  <way id='329703621' timestamp='2023-01-11T17:57:14Z' uid='17935859' user='KNS4ZGDXZG' visible='true' version='7' changeset='131156481'>
    <nd ref='3366287715' />
    <nd ref='10123122430' />
    <nd ref='5418740616' />
    <nd ref='5418740613' />
    <nd ref='3366287710' />
    <nd ref='5418740612' />
    <nd ref='5418740609' />
    <nd ref='2825575097' />
    <nd ref='5418740642' />
    <nd ref='3366287706' />
    <nd ref='10540180325' />
    <nd ref='10123122431' />
    <nd ref='3366287705' />
    <tag k='highway' v='unclassified' />
    <tag k='name' v='Rua Daniel Hogan' />
  </way>
  <way id='367900774' action='delete' timestamp='2017-10-31T19:30:26Z' uid='5005847' user='igorkalju' visible='true' version='3' changeset='53405733'>
  </way>
  <way id='368084600' action='delete' timestamp='2017-10-31T18:27:39Z' uid='5005847' user='igorkalju' visible='true' version='3' changeset='53403653'>
    <tag k='building' v='university' />
    <tag k='name' v='IC-4' />
    <tag k='source' v='employee' />
  </way>
  <way id='386834059' timestamp='2022-10-23T07:17:19Z' uid='4176326' user='mutuka' visible='true' version='9' changeset='127945033'>
    <nd ref='8441772381' />
    <nd ref='3901900939' />
    <nd ref='10123122428' />
    <nd ref='9009327213' />
    <nd ref='10123122432' />
    <nd ref='3901900946' />
    <nd ref='10123122436' />
    <nd ref='8253704568' />
    <nd ref='3901900947' />
    <nd ref='5190677096' />
    <nd ref='10123122438' />
    <nd ref='5190677077' />
    <tag k='highway' v='tertiary' />
    <tag k='name' v='Rua Walter August Hadler' />
    <tag k='oneway' v='yes' />
    <tag k='source' v='Bing' />
  </way>
  <way id='386834060' timestamp='2022-10-23T07:17:19Z' uid='4176326' user='mutuka' visible='true' version='11' changeset='127945033'>
    <nd ref='5190677082' />
    <nd ref='10123122437' />
    <nd ref='5190677095' />
    <nd ref='8707757298' />
    <nd ref='3901900948' />
    <nd ref='8253704567' />
    <nd ref='5418740636' />
    <nd ref='5418740639' />
    <nd ref='10123122435' />
    <nd ref='3901900949' />
    <nd ref='10123122433' />
    <nd ref='5418740628' />
    <nd ref='5418740625' />
    <nd ref='9009327214' />
    <nd ref='5418740620' />
    <nd ref='5418740617' />
    <nd ref='3901900941' />
    <nd ref='10123122429' />
    <nd ref='8441772389' />
    <nd ref='8441772390' />
    <tag k='highway' v='tertiary' />
    <tag k='name' v='Rua Walter August Hadler' />
    <tag k='oneway' v='yes' />
  </way>
  <way id='386834061' action='delete' timestamp='2024-01-11T16:09:26Z' uid='10661323' user='Thiago AG' visible='true' version='3' changeset='146149923'>
    <tag k='building' v='university' />
    <tag k='name' v='Núcleo do Parque Científico e Tecnológico da Unicamp' />
    <tag k='source' v='Bing' />
  </way>
  <way id='447326318' timestamp='2019-05-22T16:31:59Z' uid='9415349' user='BobGod' visible='true' version='4' changeset='70521769'>
    <nd ref='893416311' />
    <nd ref='893759839' />
    <tag k='alt_name' v='Avenida Érico Veríssimo' />
    <tag k='highway' v='tertiary' />
    <tag k='name' v='Avenida Alan Turing' />
    <tag k='oneway' v='yes' />
  </way>
  <way id='447326322' timestamp='2021-05-06T23:27:16Z' uid='12781306' user='LumosMaxima1' visible='true' version='8' changeset='104277929'>
    <nd ref='893759868' />
    <nd ref='5189561239' />
    <nd ref='6226339955' />
    <nd ref='3366287705' />
    <nd ref='860796305' />
    <nd ref='7934515836' />
    <nd ref='5189561237' />
    <nd ref='5189561238' />
    <nd ref='893416995' />
    <nd ref='8707746792' />
    <nd ref='3901908533' />
    <nd ref='5190677073' />
    <nd ref='5190677093' />
    <nd ref='5190677082' />
    <tag k='highway' v='tertiary' />
    <tag k='name' v='Avenida Alan Turing' />
    <tag k='oneway' v='yes' />
  </way>
  <way id='447326323' timestamp='2021-05-06T23:27:16Z' uid='12781306' user='LumosMaxima1' visible='true' version='9' changeset='104277929'>
    <nd ref='7853388199' />
    <nd ref='5189561272' />
    <nd ref='5189561271' />
    <nd ref='8707746790' />
    <nd ref='5189561270' />
    <nd ref='5189561269' />
    <nd ref='5189561268' />
    <nd ref='5190677097' />
    <nd ref='5190677089' />
    <tag k='highway' v='tertiary' />
    <tag k='name' v='Avenida Alan Turing' />
    <tag k='oneway' v='yes' />
  </way>
  <way id='483042227' action='delete' timestamp='2017-10-31T18:11:36Z' uid='5005847' user='igorkalju' visible='true' version='4' changeset='53403233'>
  </way>
  <way id='535366689' action='delete' timestamp='2024-04-16T19:36:23Z' uid='20409850' user='VLD279' visible='true' version='26' changeset='150100598'>
  </way>
  <way id='535371826' timestamp='2020-09-23T12:40:30Z' uid='10653302' user='HangingLake' visible='true' version='5' changeset='91367925'>
    <nd ref='922791661' />
    <nd ref='5189561277' />
    <nd ref='5189561274' />
    <nd ref='5189561276' />
    <nd ref='7853388199' />
    <tag k='highway' v='tertiary' />
    <tag k='oneway' v='yes' />
  </way>
  <way id='535556337' timestamp='2021-02-20T23:20:44Z' uid='1856060' user='patodiez' visible='true' version='4' changeset='99663646'>
    <nd ref='8441772379' />
    <nd ref='5190664643' />
    <nd ref='8441772392' />
    <nd ref='5190664644' />
    <nd ref='5190664645' />
    <nd ref='8441772380' />
    <nd ref='8441772391' />
    <nd ref='8441772381' />
    <nd ref='5190664647' />
    <nd ref='5190664634' />
    <nd ref='8441772382' />
    <nd ref='8441772386' />
    <nd ref='8441772390' />
    <nd ref='5190664636' />
    <nd ref='8441772388' />
    <nd ref='8441772383' />
    <nd ref='5190664637' />
    <nd ref='5190664638' />
    <nd ref='5190664639' />
    <nd ref='8441772384' />
    <nd ref='3901900943' />
    <nd ref='5190664640' />
    <nd ref='5190664641' />
    <nd ref='8441772393' />
    <nd ref='8441772385' />
    <nd ref='5190664635' />
    <nd ref='8441772379' />
    <tag k='highway' v='tertiary' />
    <tag k='junction' v='roundabout' />
    <tag k='oneway' v='yes' />
  </way>
  <way id='535556338' timestamp='2022-10-23T07:17:19Z' uid='4176326' user='mutuka' visible='true' version='6' changeset='127945033'>
    <nd ref='5190664648' />
    <nd ref='5418740635' />
    <nd ref='5190664653' />
    <nd ref='5190664650' />
    <nd ref='10123122427' />
    <nd ref='5190664646' />
    <nd ref='8441772391' />
    <tag k='alt_name' v='Avenida Doutor Andre M. Tosello' />
    <tag k='highway' v='tertiary' />
    <tag k='name' v='Avenida Professor Doutor André Tosello' />
    <tag k='oneway' v='yes' />
  </way>
  <way id='535556339' timestamp='2022-10-23T07:17:19Z' uid='4176326' user='mutuka' visible='true' version='8' changeset='127945033'>
    <nd ref='8441772392' />
    <nd ref='10123122426' />
    <nd ref='5191765773' />
    <nd ref='1620462577' />
    <nd ref='5202903743' />
    <nd ref='5202903747' />
    <nd ref='5190664651' />
    <nd ref='8711006340' />
    <nd ref='5190664649' />
    <tag k='alt_name' v='Avenida Doutor Andre M. Tosello' />
    <tag k='highway' v='tertiary' />
    <tag k='name' v='Avenida Professor Doutor André Tosello' />
    <tag k='oneway' v='yes' />
  </way>
  <way id='535556340' timestamp='2020-07-31T18:15:34Z' uid='11225848' user='madsforwhat' visible='true' version='2' changeset='88794157'>
    <nd ref='5190664649' />
    <nd ref='5190664654' />
    <nd ref='5190664652' />
    <nd ref='5190664655' />
    <nd ref='5190664648' />
    <tag k='highway' v='tertiary' />
    <tag k='oneway' v='yes' />
  </way>
  <way id='535558320' timestamp='2021-05-06T23:36:36Z' uid='12781306' user='LumosMaxima1' visible='true' version='6' changeset='104278102'>
    <nd ref='5190677075' />
    <nd ref='8707757297' />
    <nd ref='5190677094' />
    <nd ref='5189561267' />
    <nd ref='5189561266' />
    <nd ref='5189561265' />
    <nd ref='5189561264' />
    <nd ref='5189561263' />
    <nd ref='7849902472' />
    <nd ref='7849902474' />
    <nd ref='7849974510' />
    <nd ref='7122960823' />
    <nd ref='5189561262' />
    <nd ref='8413977178' />
    <nd ref='5189561254' />
    <nd ref='893416311' />
    <tag k='highway' v='tertiary' />
    <tag k='name' v='Avenida Alan Turing' />
    <tag k='oneway' v='yes' />
  </way>
  <way id='535558321' timestamp='2021-05-06T23:27:16Z' uid='12781306' user='LumosMaxima1' visible='true' version='6' changeset='104277929'>
    <nd ref='5190677077' />
    <nd ref='893416998' />
    <nd ref='7737763634' />
    <nd ref='5189561234' />
    <nd ref='893417004' />
    <nd ref='5189561235' />
    <nd ref='922791660' />
    <nd ref='8707746791' />
    <nd ref='922791661' />
    <tag k='highway' v='tertiary' />
    <tag k='name' v='Avenida Alan Turing' />
    <tag k='oneway' v='yes' />
  </way>
  <way id='535558322' timestamp='2020-07-22T21:58:38Z' uid='10782358' user='VectorIsBetter' visible='true' version='4' changeset='88370132'>
    <nd ref='5190677089' />
    <nd ref='5190677090' />
    <nd ref='5190677091' />
    <nd ref='5190677092' />
    <nd ref='5190677074' />
    <nd ref='5190677075' />
    <tag k='highway' v='tertiary' />
    <tag k='oneway' v='yes' />
  </way>
  <way id='535719980' timestamp='2024-01-10T14:08:46Z' uid='10165575' user='Pedro Furlan' visible='true' version='3' changeset='146105676'>
    <nd ref='893416414' />
    <nd ref='5191743059' />
    <nd ref='5191743060' />
    <nd ref='5191743061' />
    <nd ref='5191743062' />
    <nd ref='5191743052' />
    <tag k='highway' v='tertiary' />
    <tag k='junction' v='roundabout' />
    <tag k='oneway' v='yes' />
    <tag k='surface' v='asphalt' />
  </way>
  <way id='535719981' timestamp='2024-01-10T14:08:44Z' uid='10165575' user='Pedro Furlan' visible='true' version='3' changeset='146105676'>
    <nd ref='893416403' />
    <nd ref='5191743068' />
    <nd ref='5191743069' />
    <nd ref='3366322622' />
    <tag k='highway' v='tertiary' />
    <tag k='junction' v='roundabout' />
    <tag k='oneway' v='yes' />
    <tag k='surface' v='asphalt' />
  </way>
  <way id='537228182' action='delete' timestamp='2019-06-13T20:19:09Z' uid='9511934' user='bmalveira' visible='true' version='2' changeset='71231113'>
    <tag k='highway' v='service' />
    <tag k='service' v='driveway' />
  </way>
  <way id='537228183' action='delete' timestamp='2017-10-31T18:27:36Z' uid='5005847' user='igorkalju' visible='true' version='1' changeset='53403653'>
    <tag k='highway' v='service' />
    <tag k='service' v='driveway' />
  </way>
  <way id='537228184' action='delete' timestamp='2017-10-31T18:27:36Z' uid='5005847' user='igorkalju' visible='true' version='1' changeset='53403653'>
    <tag k='highway' v='service' />
    <tag k='service' v='parking_aisle' />
  </way>
  <way id='537228185' action='delete' timestamp='2017-10-31T18:27:36Z' uid='5005847' user='igorkalju' visible='true' version='1' changeset='53403653'>
    <tag k='highway' v='service' />
    <tag k='service' v='parking_aisle' />
  </way>
  <way id='537228186' action='delete' timestamp='2017-10-31T18:27:36Z' uid='5005847' user='igorkalju' visible='true' version='1' changeset='53403653'>
    <tag k='highway' v='service' />
    <tag k='service' v='parking_aisle' />
  </way>
  <way id='537228187' action='delete' timestamp='2020-08-06T11:45:35Z' uid='10888604' user='Metuje' visible='true' version='2' changeset='89036819'>
    <tag k='highway' v='service' />
    <tag k='service' v='parking_aisle' />
  </way>
  <way id='537228188' action='delete' timestamp='2017-10-31T18:27:36Z' uid='5005847' user='igorkalju' visible='true' version='1' changeset='53403653'>
    <tag k='amenity' v='parking' />
  </way>
  <way id='537232371' action='delete' timestamp='2021-05-16T15:10:46Z' uid='665748' user='sebastic' visible='true' version='2' changeset='104773306'>
    <tag k='building' v='university' />
    <tag k='name' v='Artes Cênicas' />
  </way>
  <way id='537232372' action='delete' timestamp='2021-05-16T15:10:46Z' uid='665748' user='sebastic' visible='true' version='2' changeset='104773306'>
    <tag k='building' v='university' />
    <tag k='name' v='Artes Cênicas' />
  </way>
  <way id='537243158' action='delete' timestamp='2017-10-31T19:30:25Z' uid='5005847' user='igorkalju' visible='true' version='1' changeset='53405733'>
  </way>
  <way id='537243159' action='delete' timestamp='2017-10-31T19:30:25Z' uid='5005847' user='igorkalju' visible='true' version='1' changeset='53405733'>
  </way>
  <way id='537243160' action='delete' timestamp='2017-10-31T19:30:25Z' uid='5005847' user='igorkalju' visible='true' version='1' changeset='53405733'>
    <tag k='highway' v='service' />
    <tag k='service' v='driveway' />
  </way>
  <way id='537243161' action='delete' timestamp='2017-10-31T19:30:25Z' uid='5005847' user='igorkalju' visible='true' version='1' changeset='53405733'>
    <tag k='building' v='university' />
  </way>
  <way id='537243162' action='delete' timestamp='2023-08-05T19:18:09Z' uid='3260208' user='MiLorde' visible='true' version='2' changeset='139493186'>
    <tag k='building' v='university' />
    <tag k='name' v='LACTAD - Laboratório Central de Tecnologias de Alto Desempenho' />
  </way>
  <way id='537243163' action='delete' timestamp='2017-10-31T19:30:25Z' uid='5005847' user='igorkalju' visible='true' version='1' changeset='53405733'>
    <tag k='highway' v='service' />
    <tag k='service' v='parking_aisle' />
  </way>
  <way id='537243164' action='delete' timestamp='2017-10-31T19:30:25Z' uid='5005847' user='igorkalju' visible='true' version='1' changeset='53405733'>
    <tag k='highway' v='service' />
    <tag k='service' v='parking_aisle' />
  </way>
  <way id='537243166' action='delete' timestamp='2017-10-31T19:30:25Z' uid='5005847' user='igorkalju' visible='true' version='1' changeset='53405733'>
    <tag k='amenity' v='parking' />
  </way>
  <way id='537243168' action='delete' timestamp='2017-10-31T19:30:25Z' uid='5005847' user='igorkalju' visible='true' version='1' changeset='53405733'>
    <tag k='amenity' v='parking' />
  </way>
  <way id='537250020' timestamp='2024-02-15T12:00:12Z' uid='18908408' user='julianofribeiro' visible='true' version='2' changeset='147488053'>
    <nd ref='5202963789' />
    <nd ref='5202963790' />
    <tag k='highway' v='tertiary_link' />
    <tag k='surface' v='asphalt' />
  </way>
  <way id='537250021' timestamp='2017-10-31T20:01:12Z' uid='5005847' user='igorkalju' visible='true' version='1' changeset='53406663'>
    <nd ref='5202963791' />
    <nd ref='5202963795' />
    <nd ref='5202963792' />
    <nd ref='5202963794' />
    <nd ref='5202963793' />
    <tag k='highway' v='tertiary_link' />
    <tag k='oneway' v='yes' />
  </way>
  <way id='537250022' timestamp='2017-10-31T20:01:12Z' uid='5005847' user='igorkalju' visible='true' version='1' changeset='53406663'>
    <nd ref='5202963798' />
    <nd ref='5202963799' />
    <nd ref='5202963797' />
    <nd ref='5202963800' />
    <nd ref='5202963796' />
    <tag k='highway' v='tertiary_link' />
    <tag k='oneway' v='yes' />
  </way>
  <way id='537250023' action='delete' timestamp='2017-10-31T20:01:12Z' uid='5005847' user='igorkalju' visible='true' version='1' changeset='53406663'>
  </way>
  <way id='537281187' action='delete' timestamp='2022-04-24T15:33:00Z' uid='10661323' user='Thiago AG' visible='true' version='2' changeset='120129049'>
    <tag k='amenity' v='research_institute' />
    <tag k='landuse' v='commercial' />
    <tag k='name' v='Instituto de Pesquisas Eldorado' />
  </way>
  <way id='537281189' action='delete' timestamp='2021-05-16T15:10:46Z' uid='665748' user='sebastic' visible='true' version='2' changeset='104773306'>
    <tag k='building' v='yes' />
    <tag k='office' v='research' />
  </way>
  <way id='537282074' action='delete' timestamp='2017-10-31T23:24:27Z' uid='5005847' user='igorkalju' visible='true' version='1' changeset='53410984'>
    <tag k='amenity' v='parking' />
  </way>
  <way id='554968145' action='delete' timestamp='2019-06-13T20:19:09Z' uid='9511934' user='bmalveira' visible='true' version='2' changeset='71231113'>
    <tag k='building' v='shed' />
    <tag k='name' v='CALI- Centro Acadêmico da Licenciatura Integrada Química e Física' />
  </way>
  <way id='554975456' action='delete' timestamp='2018-01-22T20:19:11Z' uid='4176326' user='mutuka' visible='true' version='1' changeset='55665571'>
    <tag k='building' v='yes' />
  </way>
  <way id='554975457' action='delete' timestamp='2018-01-22T20:19:11Z' uid='4176326' user='mutuka' visible='true' version='1' changeset='55665571'>
    <tag k='building' v='yes' />
  </way>
  <way id='554975458' action='delete' timestamp='2018-01-22T20:19:11Z' uid='4176326' user='mutuka' visible='true' version='1' changeset='55665571'>
    <tag k='building' v='yes' />
  </way>
  <way id='554975460' action='delete' timestamp='2018-01-22T20:19:12Z' uid='4176326' user='mutuka' visible='true' version='1' changeset='55665571'>
    <tag k='landuse' v='construction' />
  </way>
  <way id='554975461' action='delete' timestamp='2023-11-27T07:50:00Z' uid='15204658' user='Ra_colate' visible='true' version='2' changeset='144496339'>
    <tag k='building' v='yes' />
  </way>
  <way id='556327611' action='delete' timestamp='2018-01-27T19:27:04Z' uid='4176326' user='mutuka' visible='true' version='1' changeset='55812615'>
    <tag k='building' v='yes' />
  </way>
  <way id='556327615' action='delete' timestamp='2018-01-27T19:27:04Z' uid='4176326' user='mutuka' visible='true' version='1' changeset='55812615'>
    <tag k='amenity' v='parking' />
  </way>
  <way id='556327616' action='delete' timestamp='2018-01-27T19:27:05Z' uid='4176326' user='mutuka' visible='true' version='1' changeset='55812615'>
    <tag k='amenity' v='parking' />
  </way>
  <way id='556327617' action='delete' timestamp='2018-01-27T19:27:05Z' uid='4176326' user='mutuka' visible='true' version='1' changeset='55812615'>
    <tag k='amenity' v='parking' />
  </way>
  <way id='556327618' action='delete' timestamp='2018-01-27T19:27:05Z' uid='4176326' user='mutuka' visible='true' version='1' changeset='55812615'>
    <tag k='amenity' v='parking' />
  </way>
  <way id='556327633' action='delete' timestamp='2018-01-27T19:27:06Z' uid='4176326' user='mutuka' visible='true' version='1' changeset='55812615'>
    <tag k='building' v='yes' />
  </way>
  <way id='556327667' action='delete' timestamp='2018-01-27T19:27:08Z' uid='4176326' user='mutuka' visible='true' version='1' changeset='55812615'>
    <tag k='building' v='yes' />
  </way>
  <way id='556327668' action='delete' timestamp='2018-01-27T19:27:08Z' uid='4176326' user='mutuka' visible='true' version='1' changeset='55812615'>
    <tag k='building' v='yes' />
  </way>
  <way id='556327669' action='delete' timestamp='2018-01-27T19:27:08Z' uid='4176326' user='mutuka' visible='true' version='1' changeset='55812615'>
    <tag k='building' v='yes' />
  </way>
  <way id='556327670' action='delete' timestamp='2018-01-27T19:27:08Z' uid='4176326' user='mutuka' visible='true' version='1' changeset='55812615'>
    <tag k='building' v='yes' />
  </way>
  <way id='556327671' action='delete' timestamp='2018-01-27T19:27:08Z' uid='4176326' user='mutuka' visible='true' version='1' changeset='55812615'>
    <tag k='building' v='yes' />
  </way>
  <way id='556327672' action='delete' timestamp='2018-01-27T19:27:08Z' uid='4176326' user='mutuka' visible='true' version='1' changeset='55812615'>
    <tag k='building' v='yes' />
  </way>
  <way id='556327673' action='delete' timestamp='2018-01-27T19:27:08Z' uid='4176326' user='mutuka' visible='true' version='1' changeset='55812615'>
    <tag k='building' v='yes' />
  </way>
  <way id='556327674' action='delete' timestamp='2018-01-27T19:27:08Z' uid='4176326' user='mutuka' visible='true' version='1' changeset='55812615'>
    <tag k='building' v='yes' />
  </way>
  <way id='556327675' action='delete' timestamp='2018-01-27T19:27:08Z' uid='4176326' user='mutuka' visible='true' version='1' changeset='55812615'>
    <tag k='building' v='yes' />
  </way>
  <way id='556327676' action='delete' timestamp='2019-11-11T00:59:45Z' uid='7489282' user='eduardoaddad' visible='true' version='2' changeset='76883077'>
    <tag k='building' v='yes' />
    <tag k='name' v='Laboratório de Automação e Prototipagem para Arquitetura e Construção' />
    <tag k='office' v='research' />
    <tag k='short_name' v='LAPAC' />
    <tag k='website' v='http://lapac.fec.unicamp.br/' />
  </way>
  <way id='556327677' action='delete' timestamp='2018-01-27T19:27:08Z' uid='4176326' user='mutuka' visible='true' version='1' changeset='55812615'>
    <tag k='building' v='yes' />
  </way>
  <way id='556327678' action='delete' timestamp='2018-09-24T01:57:49Z' uid='8861679' user='Aline Piroutec' visible='true' version='2' changeset='62864873'>
    <tag k='building' v='yes' />
  </way>
  <way id='556327690' action='delete' timestamp='2018-01-27T19:27:09Z' uid='4176326' user='mutuka' visible='true' version='1' changeset='55812615'>
    <tag k='building' v='yes' />
  </way>
  <way id='556327691' action='delete' timestamp='2018-01-27T19:27:09Z' uid='4176326' user='mutuka' visible='true' version='1' changeset='55812615'>
    <tag k='building' v='yes' />
  </way>
  <way id='556327692' action='delete' timestamp='2018-01-27T19:27:09Z' uid='4176326' user='mutuka' visible='true' version='1' changeset='55812615'>
    <tag k='building' v='yes' />
  </way>
  <way id='556327693' action='delete' timestamp='2018-01-27T19:27:09Z' uid='4176326' user='mutuka' visible='true' version='1' changeset='55812615'>
    <tag k='building' v='yes' />
  </way>
  <way id='556327694' action='delete' timestamp='2018-01-27T19:27:09Z' uid='4176326' user='mutuka' visible='true' version='1' changeset='55812615'>
    <tag k='building' v='yes' />
  </way>
  <way id='560399084' action='delete' timestamp='2021-06-10T11:16:13Z' uid='10409748' user='MillMountain' visible='true' version='2' changeset='106151654'>
    <tag k='leisure' v='park' />
  </way>
  <way id='561914907' action='delete' timestamp='2018-02-17T02:36:17Z' uid='5203793' user='shakra144' visible='true' version='1' changeset='56430335'>
    <tag k='amenity' v='parking' />
  </way>
  <way id='562047736' action='delete' timestamp='2018-02-17T18:32:25Z' uid='5203793' user='shakra144' visible='true' version='1' changeset='56447105'>
    <tag k='amenity' v='parking' />
  </way>
  <way id='562047737' action='delete' timestamp='2020-08-27T07:32:50Z' uid='10653302' user='HangingLake' visible='true' version='3' changeset='90010204'>
    <tag k='highway' v='service' />
    <tag k='service' v='parking_aisle' />
  </way>
  <way id='562047738' action='delete' timestamp='2018-02-17T18:32:25Z' uid='5203793' user='shakra144' visible='true' version='1' changeset='56447105'>
    <tag k='amenity' v='parking' />
  </way>
  <way id='562047739' action='delete' timestamp='2018-02-17T18:32:25Z' uid='5203793' user='shakra144' visible='true' version='1' changeset='56447105'>
    <tag k='amenity' v='parking' />
  </way>
  <way id='562047740' action='delete' timestamp='2018-02-17T18:32:25Z' uid='5203793' user='shakra144' visible='true' version='1' changeset='56447105'>
    <tag k='highway' v='service' />
    <tag k='service' v='parking_aisle' />
  </way>
  <way id='562047741' action='delete' timestamp='2018-02-17T18:32:25Z' uid='5203793' user='shakra144' visible='true' version='1' changeset='56447105'>
    <tag k='highway' v='service' />
    <tag k='service' v='parking_aisle' />
  </way>
  <way id='562047742' action='delete' timestamp='2021-08-16T06:21:47Z' uid='12205092' user='EikaIsland' visible='true' version='2' changeset='109728223'>
    <tag k='highway' v='service' />
    <tag k='service' v='parking_aisle' />
  </way>
  <way id='562047743' action='delete' timestamp='2021-05-10T16:31:34Z' uid='12781306' user='LumosMaxima1' visible='true' version='2' changeset='104464437'>
    <tag k='highway' v='service' />
    <tag k='service' v='parking_aisle' />
  </way>
  <way id='562047744' action='delete' timestamp='2021-05-10T16:31:34Z' uid='12781306' user='LumosMaxima1' visible='true' version='2' changeset='104464437'>
    <tag k='highway' v='service' />
    <tag k='service' v='parking_aisle' />
  </way>
  <way id='562047745' action='delete' timestamp='2018-02-17T18:32:26Z' uid='5203793' user='shakra144' visible='true' version='1' changeset='56447105'>
    <tag k='amenity' v='parking' />
  </way>
  <way id='562047746' timestamp='2020-08-06T11:45:35Z' uid='10888604' user='Metuje' visible='true' version='2' changeset='89036819'>
    <nd ref='5418740609' />
    <nd ref='7791445334' />
    <nd ref='7791445333' />
    <nd ref='5418740610' />
    <nd ref='7791445335' />
    <nd ref='5418740611' />
    <nd ref='7791445336' />
    <nd ref='5418740612' />
    <tag k='highway' v='service' />
    <tag k='service' v='parking_aisle' />
  </way>
  <way id='562047747' timestamp='2020-08-06T11:45:35Z' uid='10888604' user='Metuje' visible='true' version='2' changeset='89036819'>
    <nd ref='5418740613' />
    <nd ref='7791445340' />
    <nd ref='7791445339' />
    <nd ref='5418740614' />
    <nd ref='7791445338' />
    <nd ref='5418740615' />
    <nd ref='7791445337' />
    <nd ref='5418740616' />
    <tag k='highway' v='service' />
    <tag k='service' v='parking_aisle' />
  </way>
  <way id='562047748' action='modify' timestamp='2020-08-06T11:45:35Z' uid='10888604' user='Metuje' visible='true' version='2' changeset='89036819'>
    <nd ref='5418740617' />
    <nd ref='5418740620' />
    <tag k='highway' v='service' />
    <tag k='service' v='parking_aisle' />
  </way>
  <way id='562047749' action='delete' timestamp='2018-02-17T18:32:26Z' uid='5203793' user='shakra144' visible='true' version='1' changeset='56447105'>
    <tag k='amenity' v='parking' />
  </way>
  <way id='562047750' action='modify' timestamp='2020-08-06T11:45:35Z' uid='10888604' user='Metuje' visible='true' version='2' changeset='89036819'>
    <nd ref='5418740625' />
    <nd ref='5418740628' />
    <tag k='highway' v='service' />
    <tag k='service' v='parking_aisle' />
  </way>
  <way id='562047751' action='delete' timestamp='2020-12-21T11:08:24Z' uid='10653060' user='Condado' visible='true' version='3' changeset='96190136'>
    <tag k='highway' v='service' />
    <tag k='service' v='parking_aisle' />
  </way>
  <way id='562047752' action='delete' timestamp='2020-07-31T18:15:34Z' uid='11225848' user='madsforwhat' visible='true' version='2' changeset='88794157'>
    <tag k='highway' v='service' />
    <tag k='service' v='driveway' />
    <tag k='surface' v='unpaved' />
  </way>
  <way id='562047753' action='modify' timestamp='2020-08-06T11:45:35Z' uid='10888604' user='Metuje' visible='true' version='2' changeset='89036819'>
    <nd ref='5418740636' />
    <nd ref='5418740639' />
    <tag k='highway' v='service' />
    <tag k='service' v='parking_aisle' />
  </way>
  <way id='562047754' action='modify' timestamp='2020-08-06T11:45:35Z' uid='10888604' user='Metuje' visible='true' version='2' changeset='89036819'>
    <nd ref='3366287706' />
    <nd ref='5418740642' />
    <tag k='highway' v='service' />
    <tag k='service' v='parking_aisle' />
  </way>
  <way id='562047755' action='delete' timestamp='2018-02-17T18:32:26Z' uid='5203793' user='shakra144' visible='true' version='1' changeset='56447105'>
    <tag k='amenity' v='parking' />
  </way>
  <way id='562047756' action='delete' timestamp='2024-01-11T16:09:26Z' uid='10661323' user='Thiago AG' visible='true' version='2' changeset='146149923'>
    <tag k='highway' v='footway' />
  </way>
  <way id='562047757' action='delete' timestamp='2021-05-10T16:31:34Z' uid='12781306' user='LumosMaxima1' visible='true' version='4' changeset='104464437'>
    <tag k='highway' v='service' />
    <tag k='service' v='parking_aisle' />
  </way>
  <way id='562047758' action='delete' timestamp='2018-02-17T18:32:27Z' uid='5203793' user='shakra144' visible='true' version='1' changeset='56447105'>
    <tag k='amenity' v='parking' />
  </way>
  <way id='562047792' action='delete' timestamp='2019-01-21T02:14:26Z' uid='8782076' user='A run' visible='true' version='2' changeset='66490225'>
    <tag k='amenity' v='parking' />
  </way>
  <way id='562096881' action='delete' timestamp='2020-08-06T11:45:35Z' uid='10888604' user='Metuje' visible='true' version='2' changeset='89036819'>
    <tag k='highway' v='service' />
    <tag k='service' v='parking_aisle' />
  </way>
  <way id='562096882' action='delete' timestamp='2018-02-18T00:21:02Z' uid='5203793' user='shakra144' visible='true' version='1' changeset='56452517'>
    <tag k='amenity' v='parking' />
  </way>
  <way id='562096883' timestamp='2020-09-23T13:26:19Z' uid='10653302' user='HangingLake' visible='true' version='3' changeset='91370504'>
    <nd ref='5419178996' />
    <nd ref='5419178997' />
    <nd ref='5419178998' />
    <nd ref='5419178999' />
    <nd ref='5191743036' />
    <tag k='highway' v='tertiary_link' />
    <tag k='oneway' v='yes' />
  </way>
  <way id='562096884' timestamp='2020-12-21T09:05:39Z' uid='10653060' user='Condado' visible='true' version='2' changeset='96180882'>
    <nd ref='5419179001' />
    <nd ref='5419179002' />
    <nd ref='5419179003' />
    <nd ref='5419179004' />
    <nd ref='5419179005' />
    <tag k='highway' v='tertiary_link' />
    <tag k='oneway' v='yes' />
  </way>
  <way id='562096885' timestamp='2020-12-21T09:05:39Z' uid='10653060' user='Condado' visible='true' version='2' changeset='96180882'>
    <nd ref='5419179006' />
    <nd ref='5419179007' />
    <nd ref='5419179008' />
    <nd ref='5419179009' />
    <nd ref='5419179010' />
    <tag k='highway' v='tertiary_link' />
    <tag k='oneway' v='yes' />
  </way>
  <way id='562096886' timestamp='2020-12-21T09:05:39Z' uid='10653060' user='Condado' visible='true' version='2' changeset='96180882'>
    <nd ref='5419179011' />
    <nd ref='5419179012' />
    <nd ref='5419179013' />
    <nd ref='5419179014' />
    <nd ref='5419179015' />
    <tag k='highway' v='tertiary_link' />
    <tag k='oneway' v='yes' />
  </way>
  <way id='562096887' action='delete' timestamp='2018-02-18T00:21:03Z' uid='5203793' user='shakra144' visible='true' version='1' changeset='56452517'>
    <tag k='highway' v='service' />
    <tag k='service' v='parking_aisle' />
  </way>
  <way id='627663592' action='delete' timestamp='2018-09-24T01:57:48Z' uid='8861679' user='Aline Piroutec' visible='true' version='1' changeset='62864873'>
    <tag k='leisure' v='park' />
    <tag k='name' v='Praça da FEC' />
  </way>
  <way id='627663593' action='delete' timestamp='2018-09-24T01:57:48Z' uid='8861679' user='Aline Piroutec' visible='true' version='1' changeset='62864873'>
    <tag k='building' v='yes' />
    <tag k='building:levels' v='2' />
    <tag k='name' v='Centros acadêmicos' />
  </way>
  <way id='627663594' action='delete' timestamp='2018-09-24T01:57:49Z' uid='8861679' user='Aline Piroutec' visible='true' version='1' changeset='62864873'>
    <tag k='building' v='yes' />
    <tag k='building:levels' v='2' />
    <tag k='name' v='Centro acadêmico 2' />
  </way>
  <way id='637973494' action='delete' timestamp='2019-03-08T19:17:23Z' uid='9511934' user='bmalveira' visible='true' version='2' changeset='67936077'>
    <tag k='leisure' v='park' />
  </way>
  <way id='664950501' action='delete' timestamp='2020-08-27T07:04:29Z' uid='10653302' user='HangingLake' visible='true' version='2' changeset='90008548'>
    <tag k='highway' v='service' />
  </way>
  <way id='664950502' action='delete' timestamp='2019-01-21T02:14:26Z' uid='8782076' user='A run' visible='true' version='1' changeset='66490225'>
    <tag k='highway' v='service' />
    <tag k='service' v='parking_aisle' />
  </way>
  <way id='664950503' action='delete' timestamp='2020-08-27T07:04:29Z' uid='10653302' user='HangingLake' visible='true' version='2' changeset='90008548'>
    <tag k='highway' v='service' />
    <tag k='service' v='parking_aisle' />
  </way>
  <way id='664950504' action='delete' timestamp='2020-08-27T07:04:29Z' uid='10653302' user='HangingLake' visible='true' version='2' changeset='90008548'>
    <tag k='highway' v='service' />
    <tag k='service' v='parking_aisle' />
  </way>
  <way id='664950505' action='delete' timestamp='2019-01-21T02:14:26Z' uid='8782076' user='A run' visible='true' version='1' changeset='66490225'>
    <tag k='highway' v='service' />
    <tag k='service' v='parking_aisle' />
  </way>
  <way id='664950506' action='delete' timestamp='2019-01-21T02:14:26Z' uid='8782076' user='A run' visible='true' version='1' changeset='66490225'>
    <tag k='highway' v='service' />
    <tag k='service' v='parking_aisle' />
  </way>
  <way id='664950507' action='delete' timestamp='2019-01-21T02:14:26Z' uid='8782076' user='A run' visible='true' version='1' changeset='66490225'>
    <tag k='highway' v='service' />
    <tag k='service' v='parking_aisle' />
  </way>
  <way id='664950508' action='delete' timestamp='2020-08-27T07:04:29Z' uid='10653302' user='HangingLake' visible='true' version='3' changeset='90008548'>
    <tag k='highway' v='service' />
  </way>
  <way id='664980266' timestamp='2021-05-06T23:27:16Z' uid='12781306' user='LumosMaxima1' visible='true' version='3' changeset='104277929'>
    <nd ref='860796305' />
    <nd ref='8707746789' />
    <nd ref='6224223889' />
    <nd ref='6224223184' />
    <nd ref='6224223888' />
    <nd ref='5189561263' />
    <tag k='highway' v='tertiary_link' />
    <tag k='oneway' v='yes' />
  </way>
  <way id='665010931' action='delete' timestamp='2020-08-27T07:04:29Z' uid='10653302' user='HangingLake' visible='true' version='2' changeset='90008548'>
    <tag k='highway' v='service' />
    <tag k='service' v='parking_aisle' />
  </way>
  <way id='665220625' timestamp='2020-08-27T12:16:04Z' uid='10653302' user='HangingLake' visible='true' version='2' changeset='90026850'>
    <nd ref='5189561262' />
    <nd ref='6226339961' />
    <nd ref='7849796711' />
    <nd ref='6226339960' />
    <nd ref='6226339959' />
    <nd ref='6226339958' />
    <nd ref='6226339957' />
    <nd ref='7849796710' />
    <nd ref='6226339956' />
    <nd ref='6226339955' />
    <tag k='highway' v='tertiary_link' />
    <tag k='oneway' v='yes' />
  </way>
  <way id='665229944' timestamp='2024-01-10T14:08:23Z' uid='10165575' user='Pedro Furlan' visible='true' version='2' changeset='146105676'>
    <nd ref='5191743041' />
    <nd ref='6226438951' />
    <nd ref='6226438950' />
    <nd ref='6226438949' />
    <nd ref='6226438948' />
    <nd ref='6226438952' />
    <tag k='highway' v='tertiary_link' />
    <tag k='oneway' v='yes' />
    <tag k='surface' v='asphalt' />
  </way>
  <way id='681758975' action='delete' timestamp='2019-04-05T00:49:56Z' uid='9600402' user='tdlvd' visible='true' version='1' changeset='68903254'>
    <tag k='highway' v='footway' />
  </way>
  <way id='681758979' action='delete' timestamp='2019-04-05T00:49:57Z' uid='9600402' user='tdlvd' visible='true' version='1' changeset='68903254'>
    <tag k='highway' v='footway' />
  </way>
  <way id='681758980' action='delete' timestamp='2019-04-05T00:49:57Z' uid='9600402' user='tdlvd' visible='true' version='1' changeset='68903254'>
    <tag k='highway' v='footway' />
  </way>
  <way id='681758981' action='delete' timestamp='2019-04-05T00:49:57Z' uid='9600402' user='tdlvd' visible='true' version='1' changeset='68903254'>
    <tag k='highway' v='footway' />
  </way>
  <way id='692055278' action='delete' timestamp='2019-05-23T19:12:52Z' uid='9511934' user='bmalveira' visible='true' version='1' changeset='70563598'>
    <tag k='highway' v='service' />
    <tag k='service' v='parking_aisle' />
    <tag k='surface' v='asphalt' />
  </way>
  <way id='692055281' action='delete' timestamp='2019-05-23T19:12:52Z' uid='9511934' user='bmalveira' visible='true' version='1' changeset='70563598'>
    <tag k='access' v='yes' />
    <tag k='amenity' v='parking' />
    <tag k='fee' v='no' />
    <tag k='parking' v='surface' />
  </way>
  <way id='692055282' action='modify' timestamp='2019-05-23T19:12:52Z' uid='9511934' user='bmalveira' visible='true' version='1' changeset='70563598'>
    <nd ref='6496075103' />
    <nd ref='6496075106' />
    <tag k='highway' v='service' />
    <tag k='service' v='parking_aisle' />
    <tag k='surface' v='asphalt' />
  </way>
  <way id='692055283' action='delete' timestamp='2019-05-23T19:12:52Z' uid='9511934' user='bmalveira' visible='true' version='1' changeset='70563598'>
    <tag k='highway' v='service' />
    <tag k='service' v='parking_aisle' />
    <tag k='surface' v='asphalt' />
  </way>
  <way id='692055284' action='delete' timestamp='2019-05-23T19:12:52Z' uid='9511934' user='bmalveira' visible='true' version='1' changeset='70563598'>
    <tag k='access' v='yes' />
    <tag k='amenity' v='parking' />
    <tag k='fee' v='no' />
    <tag k='parking' v='surface' />
  </way>
  <way id='692055285' action='delete' timestamp='2019-05-23T19:12:52Z' uid='9511934' user='bmalveira' visible='true' version='1' changeset='70563598'>
    <tag k='highway' v='service' />
    <tag k='service' v='parking_aisle' />
    <tag k='surface' v='asphalt' />
  </way>
  <way id='692055286' action='delete' timestamp='2019-05-23T19:12:52Z' uid='9511934' user='bmalveira' visible='true' version='1' changeset='70563598'>
    <tag k='highway' v='service' />
    <tag k='service' v='parking_aisle' />
    <tag k='surface' v='asphalt' />
  </way>
  <way id='692055287' action='delete' timestamp='2019-05-23T19:12:52Z' uid='9511934' user='bmalveira' visible='true' version='1' changeset='70563598'>
    <tag k='access' v='yes' />
    <tag k='amenity' v='parking' />
    <tag k='fee' v='no' />
    <tag k='parking' v='surface' />
  </way>
  <way id='693637406' action='delete' timestamp='2024-02-18T16:41:28Z' uid='10661323' user='Thiago AG' visible='true' version='9' changeset='147616874'>
    <tag k='highway' v='tertiary' />
    <tag k='name' v='Avenida Albert Einstein' />
    <tag k='oneway' v='yes' />
    <tag k='surface' v='asphalt' />
  </way>
  <way id='697010966' action='delete' timestamp='2021-08-16T06:21:47Z' uid='12205092' user='EikaIsland' visible='true' version='4' changeset='109728223'>
    <tag k='highway' v='service' />
  </way>
  <way id='697010967' action='delete' timestamp='2019-06-13T20:19:09Z' uid='9511934' user='bmalveira' visible='true' version='1' changeset='71231113'>
    <tag k='addr:postcode' v='13083-852' />
    <tag k='addr:street' v='Avenida Albert Einstein' />
    <tag k='building' v='university' />
  </way>
  <way id='697010968' action='delete' timestamp='2019-06-13T20:19:09Z' uid='9511934' user='bmalveira' visible='true' version='1' changeset='71231113'>
    <tag k='amenity' v='parking' />
  </way>
  <way id='697010969' action='delete' timestamp='2019-06-13T20:19:09Z' uid='9511934' user='bmalveira' visible='true' version='1' changeset='71231113'>
    <tag k='amenity' v='parking' />
  </way>
  <way id='697010970' action='delete' timestamp='2019-06-13T20:19:09Z' uid='9511934' user='bmalveira' visible='true' version='1' changeset='71231113'>
    <tag k='highway' v='service' />
    <tag k='service' v='parking_aisle' />
  </way>
  <way id='697010971' action='delete' timestamp='2019-06-13T20:19:09Z' uid='9511934' user='bmalveira' visible='true' version='1' changeset='71231113'>
    <tag k='highway' v='service' />
    <tag k='service' v='parking_aisle' />
  </way>
  <way id='762314423' action='delete' timestamp='2024-09-11T18:15:20Z' uid='379585' user='TByte' visible='true' version='5' changeset='156497191'>
    <tag k='highway' v='service' />
    <tag k='oneway' v='yes' />
    <tag k='service' v='driveway' />
  </way>
  <way id='828912083' timestamp='2020-07-22T18:00:42Z' uid='10782358' user='VectorIsBetter' visible='true' version='1' changeset='88362736'>
    <nd ref='7737763634' />
    <nd ref='7737763633' />
    <nd ref='7737763632' />
    <nd ref='7737763631' />
    <nd ref='5189561269' />
    <tag k='highway' v='tertiary_link' />
    <tag k='oneway' v='yes' />
  </way>
  <way id='828971269' timestamp='2021-05-06T23:36:36Z' uid='12781306' user='LumosMaxima1' visible='true' version='2' changeset='104278102'>
    <nd ref='5190677082' />
    <nd ref='5190677084' />
    <nd ref='5190677077' />
    <tag k='highway' v='tertiary' />
    <tag k='oneway' v='yes' />
  </way>
  <way id='828971270' timestamp='2021-05-06T23:36:36Z' uid='12781306' user='LumosMaxima1' visible='true' version='2' changeset='104278102'>
    <nd ref='5190677075' />
    <nd ref='5190677078' />
    <nd ref='5190677079' />
    <nd ref='5190677080' />
    <nd ref='5190677081' />
    <nd ref='8707757296' />
    <nd ref='5190677082' />
    <tag k='highway' v='tertiary_link' />
    <tag k='oneway' v='yes' />
  </way>
  <way id='841169544' action='delete' timestamp='2020-08-27T07:04:29Z' uid='10653302' user='HangingLake' visible='true' version='1' changeset='90008548'>
    <tag k='highway' v='service' />
    <tag k='service' v='parking_aisle' />
  </way>
  <way id='841169545' action='delete' timestamp='2020-08-27T07:04:29Z' uid='10653302' user='HangingLake' visible='true' version='1' changeset='90008548'>
    <tag k='highway' v='service' />
    <tag k='service' v='parking_aisle' />
  </way>
  <way id='841177016' action='delete' timestamp='2020-08-27T07:32:50Z' uid='10653302' user='HangingLake' visible='true' version='1' changeset='90010204'>
    <tag k='highway' v='service' />
    <tag k='service' v='parking_aisle' />
  </way>
  <way id='841177017' action='delete' timestamp='2020-08-27T07:32:50Z' uid='10653302' user='HangingLake' visible='true' version='1' changeset='90010204'>
    <tag k='highway' v='service' />
    <tag k='service' v='parking_aisle' />
  </way>
  <way id='841305892' timestamp='2024-01-31T06:31:53Z' uid='17110751' user='TetnuldiPeak' visible='true' version='4' changeset='146889614'>
    <nd ref='5190677077' />
    <nd ref='8707757295' />
    <nd ref='7849796709' />
    <nd ref='5190677089' />
    <tag k='highway' v='tertiary_link' />
    <tag k='oneway' v='yes' />
  </way>
  <way id='841330467' action='delete' timestamp='2020-08-27T13:23:50Z' uid='10653302' user='HangingLake' visible='true' version='2' changeset='90029955'>
    <tag k='highway' v='service' />
  </way>
  <way id='841330468' action='delete' timestamp='2021-08-05T07:21:39Z' uid='12369933' user='Namunukula' visible='true' version='3' changeset='109183120'>
    <tag k='highway' v='service' />
  </way>
  <way id='841330469' action='delete' timestamp='2024-09-11T18:15:20Z' uid='379585' user='TByte' visible='true' version='4' changeset='156497191'>
    <tag k='highway' v='service' />
    <tag k='service' v='driveway' />
  </way>
  <way id='841330474' action='delete' timestamp='2024-09-11T18:15:20Z' uid='379585' user='TByte' visible='true' version='4' changeset='156497191'>
    <tag k='highway' v='service' />
    <tag k='oneway' v='yes' />
    <tag k='service' v='driveway' />
  </way>
  <way id='841330475' action='delete' timestamp='2024-09-11T18:01:53Z' uid='379585' user='TByte' visible='true' version='4' changeset='156496723'>
    <tag k='highway' v='service' />
    <tag k='oneway' v='yes' />
    <tag k='service' v='parking_aisle' />
  </way>
  <way id='841330476' action='delete' timestamp='2024-09-11T18:15:20Z' uid='379585' user='TByte' visible='true' version='4' changeset='156497191'>
    <tag k='highway' v='service' />
    <tag k='service' v='parking_aisle' />
  </way>
  <way id='841330477' action='delete' timestamp='2024-09-11T18:15:20Z' uid='379585' user='TByte' visible='true' version='4' changeset='156497191'>
    <tag k='highway' v='service' />
    <tag k='service' v='driveway' />
  </way>
  <way id='841330478' action='modify' timestamp='2024-09-11T18:15:20Z' uid='379585' user='TByte' visible='true' version='4' changeset='156497191'>
    <nd ref='10123122444' />
    <nd ref='7849974510' />
    <tag k='highway' v='service' />
    <tag k='service' v='driveway' />
  </way>
  <way id='841330479' action='delete' timestamp='2024-09-11T18:15:20Z' uid='379585' user='TByte' visible='true' version='6' changeset='156497191'>
    <tag k='highway' v='service' />
    <tag k='oneway' v='yes' />
    <tag k='service' v='driveway' />
  </way>
  <way id='841330480' action='modify' timestamp='2024-09-11T18:15:20Z' uid='379585' user='TByte' visible='true' version='5' changeset='156497191'>
    <nd ref='10123122443' />
    <nd ref='7122960823' />
    <tag k='highway' v='service' />
    <tag k='oneway' v='yes' />
    <tag k='service' v='driveway' />
  </way>
  <way id='850123265' action='delete' timestamp='2020-09-22T12:45:12Z' uid='10653302' user='HangingLake' visible='true' version='1' changeset='91296177'>
    <tag k='highway' v='service' />
  </way>
  <way id='850123267' action='delete' timestamp='2022-10-23T07:17:19Z' uid='4176326' user='mutuka' visible='true' version='2' changeset='127945033'>
    <tag k='highway' v='service' />
  </way>
  <way id='850492441' action='delete' timestamp='2021-06-08T07:45:41Z' uid='10142297' user='Vesturbaer' visible='true' version='2' changeset='106016741'>
    <tag k='highway' v='service' />
    <tag k='name' v='Avenida Alan Turing' />
  </way>
  <way id='850495240' action='delete' timestamp='2021-08-05T06:36:53Z' uid='12369933' user='Namunukula' visible='true' version='2' changeset='109180463'>
    <tag k='highway' v='service' />
  </way>
  <way id='850495241' action='delete' timestamp='2022-10-23T07:17:19Z' uid='4176326' user='mutuka' visible='true' version='2' changeset='127945033'>
    <tag k='highway' v='service' />
  </way>
  <way id='850495242' action='delete' timestamp='2020-09-23T12:52:22Z' uid='10653302' user='HangingLake' visible='true' version='1' changeset='91368571'>
    <tag k='highway' v='service' />
  </way>
  <way id='850495244' action='delete' timestamp='2020-09-23T12:52:22Z' uid='10653302' user='HangingLake' visible='true' version='1' changeset='91368571'>
    <tag k='highway' v='service' />
  </way>
  <way id='850495245' action='delete' timestamp='2020-09-23T12:52:22Z' uid='10653302' user='HangingLake' visible='true' version='1' changeset='91368571'>
    <tag k='highway' v='service' />
  </way>
  <way id='850890050' action='delete' timestamp='2023-06-07T05:32:45Z' uid='474183' user='ratrun' visible='true' version='4' changeset='137039843'>
    <tag k='highway' v='service' />
    <tag k='name' v='Avenida Alan Turing' />
  </way>
  <way id='886955295' action='delete' timestamp='2020-12-21T11:08:24Z' uid='10653060' user='Condado' visible='true' version='1' changeset='96190136'>
    <tag k='highway' v='service' />
    <tag k='service' v='parking_aisle' />
  </way>
  <way id='886955296' action='delete' timestamp='2020-12-21T11:08:24Z' uid='10653060' user='Condado' visible='true' version='1' changeset='96190136'>
    <tag k='highway' v='service' />
    <tag k='service' v='parking_aisle' />
  </way>
  <way id='887728295' action='delete' timestamp='2021-05-10T16:31:34Z' uid='12781306' user='LumosMaxima1' visible='true' version='2' changeset='104464437'>
    <tag k='highway' v='service' />
    <tag k='service' v='parking_aisle' />
  </way>
  <way id='887728296' action='delete' timestamp='2024-02-15T12:00:11Z' uid='18908408' user='julianofribeiro' visible='true' version='3' changeset='147488053'>
    <tag k='highway' v='service' />
    <tag k='service' v='parking_aisle' />
    <tag k='surface' v='asphalt' />
  </way>
  <way id='887737029' timestamp='2020-12-23T06:10:00Z' uid='10653060' user='Condado' visible='true' version='1' changeset='96297960'>
    <nd ref='8253704568' />
    <nd ref='8253704567' />
    <tag k='highway' v='tertiary_link' />
  </way>
  <way id='889185987' action='delete' timestamp='2020-12-28T11:05:47Z' uid='10653060' user='Condado' visible='true' version='1' changeset='96530018'>
    <tag k='highway' v='service' />
    <tag k='service' v='parking_aisle' />
  </way>
  <way id='889185988' action='delete' timestamp='2021-05-10T16:31:34Z' uid='12781306' user='LumosMaxima1' visible='true' version='2' changeset='104464437'>
    <tag k='highway' v='service' />
    <tag k='service' v='parking_aisle' />
  </way>
  <way id='889993134' action='delete' timestamp='2020-12-30T04:26:16Z' uid='10653060' user='Condado' visible='true' version='1' changeset='96636501'>
    <tag k='highway' v='service' />
    <tag k='oneway' v='yes' />
  </way>
  <way id='889993135' action='delete' timestamp='2020-12-30T04:26:16Z' uid='10653060' user='Condado' visible='true' version='1' changeset='96636501'>
    <tag k='highway' v='service' />
    <tag k='oneway' v='yes' />
    <tag k='service' v='parking_aisle' />
  </way>
  <way id='889993136' action='delete' timestamp='2020-12-30T04:26:16Z' uid='10653060' user='Condado' visible='true' version='1' changeset='96636501'>
    <tag k='highway' v='service' />
    <tag k='oneway' v='yes' />
  </way>
  <way id='889993137' action='delete' timestamp='2024-02-15T12:00:56Z' uid='18908408' user='julianofribeiro' visible='true' version='4' changeset='147488053'>
    <tag k='highway' v='service' />
    <tag k='surface' v='asphalt' />
  </way>
  <way id='906049246' timestamp='2021-02-11T06:19:08Z' uid='11916646' user='fpurnamasari' visible='true' version='1' changeset='99081416'>
    <nd ref='893416300' />
    <nd ref='860796304' />
    <nd ref='5189561255' />
    <nd ref='5189561260' />
    <nd ref='5189561261' />
    <nd ref='893759868' />
    <tag k='highway' v='tertiary' />
    <tag k='name' v='Avenida Albert Einstein' />
    <tag k='oneway' v='yes' />
  </way>
  <way id='906049840' action='delete' timestamp='2021-02-11T06:21:16Z' uid='11916646' user='fpurnamasari' visible='true' version='2' changeset='99081564'>
    <tag k='highway' v='service' />
  </way>
  <way id='906065937' timestamp='2024-01-10T14:09:50Z' uid='10165575' user='Pedro Furlan' visible='true' version='3' changeset='146105676'>
    <nd ref='5191743049' />
    <nd ref='5191743067' />
    <nd ref='5191743066' />
    <nd ref='893416403' />
    <tag k='alt_name' v='Avenida Prefeito Antônio da Costa Santos' />
    <tag k='highway' v='tertiary' />
    <tag k='junction' v='roundabout' />
    <tag k='name' v='Avenida Antônio da Costa Santos' />
    <tag k='oneway' v='yes' />
    <tag k='surface' v='asphalt' />
  </way>
  <way id='906065938' action='delete' timestamp='2024-01-10T14:10:05Z' uid='10165575' user='Pedro Furlan' visible='true' version='3' changeset='146105676'>
    <tag k='highway' v='tertiary' />
    <tag k='name' v='Avenida Albert Einstein' />
    <tag k='oneway' v='yes' />
    <tag k='surface' v='asphalt' />
  </way>
  <way id='941509528' action='delete' timestamp='2021-05-10T16:31:34Z' uid='12781306' user='LumosMaxima1' visible='true' version='1' changeset='104464437'>
    <tag k='highway' v='service' />
  </way>
  <way id='970567047' action='delete' timestamp='2023-01-29T22:29:16Z' uid='12689837' user='Marcos_Itba_Kaart' visible='true' version='2' changeset='131857059'>
    <tag k='highway' v='service' />
    <tag k='motor_vehicle' v='no' />
  </way>
  <way id='970567107' action='delete' timestamp='2024-09-11T18:15:20Z' uid='379585' user='TByte' visible='true' version='3' changeset='156497191'>
    <tag k='highway' v='service' />
    <tag k='oneway' v='yes' />
    <tag k='service' v='driveway' />
  </way>
  <way id='970573855' action='delete' timestamp='2022-10-23T07:17:19Z' uid='4176326' user='mutuka' visible='true' version='2' changeset='127945033'>
    <tag k='highway' v='service' />
  </way>
  <way id='973429475' action='delete' timestamp='2024-01-10T14:08:33Z' uid='10165575' user='Pedro Furlan' visible='true' version='2' changeset='146105676'>
    <tag k='highway' v='service' />
    <tag k='surface' v='asphalt' />
  </way>
  <way id='973429952' timestamp='2021-08-16T06:24:29Z' uid='12205092' user='EikaIsland' visible='true' version='1' changeset='109728366'>
    <nd ref='9009327214' />
    <nd ref='9009327213' />
    <tag k='highway' v='tertiary_link' />
  </way>
  <way id='973906928' action='delete' timestamp='2022-10-23T07:17:19Z' uid='4176326' user='mutuka' visible='true' version='2' changeset='127945033'>
    <tag k='highway' v='service' />
  </way>
  <way id='1013410328' action='delete' timestamp='2024-01-10T14:09:48Z' uid='10165575' user='Pedro Furlan' visible='true' version='2' changeset='146105676'>
    <tag k='alt_name' v='Avenida Prefeito Antônio da Costa Santos' />
    <tag k='highway' v='tertiary' />
    <tag k='name' v='Avenida Antônio da Costa Santos' />
    <tag k='oneway' v='yes' />
    <tag k='surface' v='asphalt' />
  </way>
  <way id='1013410329' timestamp='2024-01-10T14:09:56Z' uid='10165575' user='Pedro Furlan' visible='true' version='2' changeset='146105676'>
    <nd ref='5191743056' />
    <nd ref='5191743049' />
    <tag k='highway' v='tertiary' />
    <tag k='junction' v='roundabout' />
    <tag k='name' v='Avenida Albert Einstein' />
    <tag k='oneway' v='yes' />
    <tag k='surface' v='asphalt' />
  </way>
  <way id='1013410330' timestamp='2024-01-10T14:08:49Z' uid='10165575' user='Pedro Furlan' visible='true' version='2' changeset='146105676'>
    <nd ref='5191743052' />
    <nd ref='5191743053' />
    <nd ref='5191743054' />
    <nd ref='5191743055' />
    <nd ref='5191743056' />
    <tag k='alt_name' v='Avenida Doutor André M. Tosello' />
    <tag k='highway' v='tertiary' />
    <tag k='junction' v='roundabout' />
    <tag k='name' v='Avenida Professor Doutor André Tosello' />
    <tag k='oneway' v='yes' />
    <tag k='surface' v='asphalt' />
  </way>
  <way id='1013410331' timestamp='2024-01-10T14:08:42Z' uid='10165575' user='Pedro Furlan' visible='true' version='2' changeset='146105676'>
    <nd ref='3366322622' />
    <nd ref='5191743058' />
    <nd ref='893416414' />
    <tag k='highway' v='tertiary' />
    <tag k='junction' v='roundabout' />
    <tag k='name' v='Avenida Albert Einstein' />
    <tag k='oneway' v='yes' />
    <tag k='surface' v='asphalt' />
  </way>
  <way id='1044342016' action='delete' timestamp='2022-07-25T17:52:01Z' uid='10661323' user='Thiago AG' visible='true' version='4' changeset='124063095'>
  </way>
  <way id='1044342017' action='delete' timestamp='2024-01-11T16:09:26Z' uid='10661323' user='Thiago AG' visible='true' version='5' changeset='146149923'>
    <tag k='natural' v='heath' />
  </way>
  <way id='1046240747' action='delete' timestamp='2022-03-29T17:06:11Z' uid='10661323' user='Thiago AG' visible='true' version='1' changeset='119080010'>
    <tag k='building' v='yes' />
    <tag k='source' v='microsoft/BuildingFootprints' />
  </way>
  <way id='1046240748' action='delete' timestamp='2022-03-29T17:06:11Z' uid='10661323' user='Thiago AG' visible='true' version='1' changeset='119080010'>
    <tag k='building' v='yes' />
    <tag k='source' v='microsoft/BuildingFootprints' />
  </way>
  <way id='1046240749' action='delete' timestamp='2022-03-29T17:06:11Z' uid='10661323' user='Thiago AG' visible='true' version='1' changeset='119080010'>
    <tag k='building' v='yes' />
    <tag k='source' v='microsoft/BuildingFootprints' />
  </way>
  <way id='1046240750' action='delete' timestamp='2022-03-29T17:06:11Z' uid='10661323' user='Thiago AG' visible='true' version='1' changeset='119080010'>
    <tag k='building' v='yes' />
    <tag k='source' v='microsoft/BuildingFootprints' />
  </way>
  <way id='1046240751' action='delete' timestamp='2022-03-29T17:06:11Z' uid='10661323' user='Thiago AG' visible='true' version='1' changeset='119080010'>
    <tag k='building' v='yes' />
    <tag k='source' v='microsoft/BuildingFootprints' />
  </way>
  <way id='1046240752' action='delete' timestamp='2022-03-29T17:06:11Z' uid='10661323' user='Thiago AG' visible='true' version='1' changeset='119080010'>
    <tag k='building' v='yes' />
    <tag k='source' v='microsoft/BuildingFootprints' />
  </way>
  <way id='1046240753' action='delete' timestamp='2022-03-29T17:06:11Z' uid='10661323' user='Thiago AG' visible='true' version='1' changeset='119080010'>
    <tag k='building' v='yes' />
    <tag k='source' v='microsoft/BuildingFootprints' />
  </way>
  <way id='1046240754' action='delete' timestamp='2022-03-29T17:06:11Z' uid='10661323' user='Thiago AG' visible='true' version='1' changeset='119080010'>
    <tag k='building' v='yes' />
    <tag k='source' v='microsoft/BuildingFootprints' />
  </way>
  <way id='1046240755' action='delete' timestamp='2022-03-29T17:06:11Z' uid='10661323' user='Thiago AG' visible='true' version='1' changeset='119080010'>
    <tag k='building' v='yes' />
    <tag k='source' v='microsoft/BuildingFootprints' />
  </way>
  <way id='1046240756' action='delete' timestamp='2022-03-29T17:06:11Z' uid='10661323' user='Thiago AG' visible='true' version='1' changeset='119080010'>
    <tag k='building' v='yes' />
    <tag k='source' v='microsoft/BuildingFootprints' />
  </way>
  <way id='1046240758' action='delete' timestamp='2022-03-29T17:06:11Z' uid='10661323' user='Thiago AG' visible='true' version='1' changeset='119080010'>
    <tag k='building' v='yes' />
    <tag k='source' v='microsoft/BuildingFootprints' />
  </way>
  <way id='1046240759' action='delete' timestamp='2022-03-29T17:06:11Z' uid='10661323' user='Thiago AG' visible='true' version='1' changeset='119080010'>
    <tag k='building' v='yes' />
    <tag k='source' v='microsoft/BuildingFootprints' />
  </way>
  <way id='1046240762' action='delete' timestamp='2022-03-29T17:06:11Z' uid='10661323' user='Thiago AG' visible='true' version='1' changeset='119080010'>
    <tag k='building' v='yes' />
    <tag k='source' v='microsoft/BuildingFootprints' />
  </way>
  <way id='1046240763' action='delete' timestamp='2022-03-29T17:06:11Z' uid='10661323' user='Thiago AG' visible='true' version='1' changeset='119080010'>
    <tag k='building' v='yes' />
    <tag k='source' v='microsoft/BuildingFootprints' />
  </way>
  <way id='1046240764' action='delete' timestamp='2022-03-29T17:06:11Z' uid='10661323' user='Thiago AG' visible='true' version='1' changeset='119080010'>
    <tag k='building' v='yes' />
    <tag k='source' v='microsoft/BuildingFootprints' />
  </way>
  <way id='1046240765' action='delete' timestamp='2022-03-29T17:06:11Z' uid='10661323' user='Thiago AG' visible='true' version='1' changeset='119080010'>
    <tag k='building' v='yes' />
    <tag k='source' v='microsoft/BuildingFootprints' />
  </way>
  <way id='1046240766' action='delete' timestamp='2022-03-29T17:06:11Z' uid='10661323' user='Thiago AG' visible='true' version='1' changeset='119080010'>
    <tag k='building' v='yes' />
    <tag k='source' v='microsoft/BuildingFootprints' />
  </way>
  <way id='1046240767' action='delete' timestamp='2022-03-29T17:06:11Z' uid='10661323' user='Thiago AG' visible='true' version='1' changeset='119080010'>
    <tag k='building' v='yes' />
    <tag k='source' v='microsoft/BuildingFootprints' />
  </way>
  <way id='1046240768' action='delete' timestamp='2022-03-29T17:06:11Z' uid='10661323' user='Thiago AG' visible='true' version='1' changeset='119080010'>
    <tag k='building' v='yes' />
    <tag k='source' v='microsoft/BuildingFootprints' />
  </way>
  <way id='1046240769' action='delete' timestamp='2022-03-29T17:06:11Z' uid='10661323' user='Thiago AG' visible='true' version='1' changeset='119080010'>
    <tag k='building' v='yes' />
    <tag k='source' v='microsoft/BuildingFootprints' />
  </way>
  <way id='1046248579' action='delete' timestamp='2024-02-07T19:04:39Z' uid='10661323' user='Thiago AG' visible='true' version='3' changeset='147188537'>
    <tag k='access' v='private' />
    <tag k='highway' v='unclassified' />
    <tag k='surface' v='paved' />
  </way>
  <way id='1046701639' action='delete' timestamp='2022-03-30T23:09:13Z' uid='10661323' user='Thiago AG' visible='true' version='1' changeset='119135655'>
    <tag k='building' v='yes' />
    <tag k='source' v='microsoft/BuildingFootprints' />
  </way>
  <way id='1054421024' action='delete' timestamp='2022-04-24T15:33:00Z' uid='10661323' user='Thiago AG' visible='true' version='1' changeset='120129049'>
    <tag k='landuse' v='commercial' />
  </way>
  <way id='1054421025' action='delete' timestamp='2022-04-24T15:33:00Z' uid='10661323' user='Thiago AG' visible='true' version='1' changeset='120129049'>
    <tag k='landuse' v='industrial' />
  </way>
  <way id='1055470861' action='delete' timestamp='2022-04-27T17:25:05Z' uid='10661323' user='Thiago AG' visible='true' version='1' changeset='120270120'>
    <tag k='landuse' v='commercial' />
  </way>
  <way id='1055470862' action='delete' timestamp='2022-07-25T17:52:01Z' uid='10661323' user='Thiago AG' visible='true' version='2' changeset='124063095'>
    <tag k='barrier' v='fence' />
  </way>
  <way id='1081222348' action='delete' timestamp='2022-07-25T17:52:01Z' uid='10661323' user='Thiago AG' visible='true' version='1' changeset='124063095'>
    <tag k='barrier' v='fence' />
  </way>
  <way id='1081222349' action='delete' timestamp='2022-07-25T17:52:01Z' uid='10661323' user='Thiago AG' visible='true' version='1' changeset='124063095'>
  </way>
  <way id='1081222350' action='delete' timestamp='2022-07-25T17:52:01Z' uid='10661323' user='Thiago AG' visible='true' version='1' changeset='124063095'>
  </way>
  <way id='1106471669' timestamp='2022-10-23T23:14:10Z' uid='4176326' user='mutuka' visible='true' version='1' changeset='127975851'>
    <nd ref='10123122437' />
    <nd ref='10123122438' />
    <tag k='footway' v='crossing' />
    <tag k='highway' v='footway' />
  </way>
  <way id='1106471670' action='delete' timestamp='2022-10-23T23:14:10Z' uid='4176326' user='mutuka' visible='true' version='1' changeset='127975851'>
    <tag k='footway' v='crossing' />
    <tag k='highway' v='footway' />
  </way>
  <way id='1106471671' action='delete' timestamp='2022-10-23T23:14:10Z' uid='4176326' user='mutuka' visible='true' version='1' changeset='127975851'>
    <tag k='footway' v='crossing' />
    <tag k='highway' v='footway' />
  </way>
  <way id='1106471672' action='delete' timestamp='2022-10-23T23:14:10Z' uid='4176326' user='mutuka' visible='true' version='1' changeset='127975851'>
    <tag k='footway' v='crossing' />
    <tag k='highway' v='footway' />
  </way>
  <way id='1106471679' action='delete' timestamp='2022-10-23T23:14:10Z' uid='4176326' user='mutuka' visible='true' version='1' changeset='127975851'>
    <tag k='footway' v='crossing' />
    <tag k='highway' v='footway' />
  </way>
  <way id='1106471680' action='delete' timestamp='2022-10-23T23:14:10Z' uid='4176326' user='mutuka' visible='true' version='1' changeset='127975851'>
    <tag k='footway' v='crossing' />
    <tag k='highway' v='footway' />
  </way>
  <way id='1106471681' action='delete' timestamp='2022-10-23T23:14:10Z' uid='4176326' user='mutuka' visible='true' version='1' changeset='127975851'>
    <tag k='footway' v='crossing' />
    <tag k='highway' v='footway' />
  </way>
  <way id='1106471682' action='delete' timestamp='2022-10-23T23:14:10Z' uid='4176326' user='mutuka' visible='true' version='1' changeset='127975851'>
    <tag k='footway' v='crossing' />
    <tag k='highway' v='footway' />
  </way>
  <way id='1106471683' action='delete' timestamp='2022-10-23T23:14:10Z' uid='4176326' user='mutuka' visible='true' version='1' changeset='127975851'>
    <tag k='footway' v='crossing' />
    <tag k='highway' v='footway' />
  </way>
  <way id='1130964472' action='delete' timestamp='2023-01-11T17:57:14Z' uid='17935859' user='KNS4ZGDXZG' visible='true' version='1' changeset='131156481'>
    <tag k='highway' v='unclassified' />
  </way>
  <way id='1202990586' action='delete' timestamp='2023-08-28T23:24:16Z' uid='379585' user='TByte' visible='true' version='1' changeset='140515934'>
    <tag k='building' v='yes' />
  </way>
  <way id='1230659904' action='delete' timestamp='2023-12-12T17:14:02Z' uid='10165575' user='Pedro Furlan' visible='true' version='1' changeset='145046483'>
    <tag k='building' v='university' />
    <tag k='building:levels' v='1' />
    <tag k='name' v='Instituto de Economia (Pavilhão de Graduação)' />
  </way>
  <way id='1283436933' action='delete' timestamp='2024-05-16T00:15:12Z' uid='21214506' user='PedroMMLeao' visible='true' version='1' changeset='151385208'>
    <tag k='building' v='yes' />
    <tag k='name' v='Hub Viva Bem' />
    <tag k='office' v='research' />
  </way>
  <way id='1283436934' action='delete' timestamp='2024-05-16T00:15:12Z' uid='21214506' user='PedroMMLeao' visible='true' version='1' changeset='151385208'>
    <tag k='building' v='yes' />
    <tag k='name' v='H.IAAC - Hub de Inteligência Artificial e Arquiteturas Cognitivas' />
    <tag k='office' v='research' />
  </way>
  <way id='1314908675' action='delete' timestamp='2024-09-11T18:01:53Z' uid='379585' user='TByte' visible='true' version='1' changeset='156496723'>
    <tag k='highway' v='service' />
    <tag k='oneway' v='yes' />
  </way>
  <way id='1314908676' action='delete' timestamp='2024-09-11T18:01:53Z' uid='379585' user='TByte' visible='true' version='1' changeset='156496723'>
    <tag k='building' v='yes' />
  </way>
  <way id='1314910911' action='delete' timestamp='2024-09-11T18:15:20Z' uid='379585' user='TByte' visible='true' version='1' changeset='156497191'>
    <tag k='highway' v='service' />
    <tag k='oneway' v='yes' />
    <tag k='service' v='parking_aisle' />
  </way>
  <relation id='7699054' action='modify' timestamp='2017-10-31T18:11:36Z' uid='5005847' user='igorkalju' visible='true' version='2' changeset='53403233'>
    <member type='way' ref='96520048' role='outer' />
    <member type='way' ref='96520050' role='outer' />
    <member type='way' ref='96520049' role='outer' />
    <tag k='building' v='university' />
    <tag k='name' v='FE - Faculdade de Educação' />
    <tag k='type' v='multipolygon' />
  </relation>
  <relation id='7699177' action='modify' timestamp='2017-10-31T18:27:36Z' uid='5005847' user='igorkalju' visible='true' version='1' changeset='53403653'>
    <member type='way' ref='97592696' role='outer' />
    <member type='way' ref='97592704' role='outer' />
    <member type='way' ref='97592699' role='outer' />
    <member type='way' ref='97592702' role='outer' />
    <member type='way' ref='97592707' role='outer' />
    <member type='way' ref='97592703' role='outer' />
    <member type='way' ref='97592691' role='outer' />
    <member type='way' ref='97592713' role='outer' />
    <tag k='building' v='university' />
    <tag k='internet_access' v='yes' />
    <tag k='internet_access:fee' v='no' />
    <tag k='name' v='FEAGRI - Faculdade de Engenharia Agrícola' />
    <tag k='opening_hours' v='Mo-Fr 08:00-18:00' />
    <tag k='type' v='multipolygon' />
  </relation>
  <relation id='7699336' action='modify' timestamp='2017-10-31T19:30:25Z' uid='5005847' user='igorkalju' visible='true' version='1' changeset='53405733'>
    <tag k='building' v='university' />
    <tag k='name' v='Museu Exploratório de Ciências' />
    <tag k='type' v='multipolygon' />
  </relation>
  <relation id='7699389' action='modify' timestamp='2024-02-15T11:59:41Z' uid='18908408' user='julianofribeiro' visible='true' version='4' changeset='147487947'>
    <tag k='addr:housenumber' v='45' />
    <tag k='addr:street' v='Rua Saturnino de Brito' />
    <tag k='building' v='university' />
    <tag k='name' v='CCUEC - Centro de Computação da UNICAMP' />
    <tag k='short_name' v='CCUEC' />
    <tag k='type' v='multipolygon' />
    <tag k='website' v='https://www.ccuec.unicamp.br/' />
  </relation>
  <relation id='14349862' action='modify' timestamp='2025-02-27T14:23:38Z' uid='10222347' user='borovac' visible='true' version='5' changeset='163014800'>
    <member type='node' ref='11412624341' role='inner' />
    <member type='way' ref='1078199186' role='outer' />
    <member type='way' ref='1238368214' role='inner' />
    <member type='way' ref='95543181' role='inner' />
    <member type='way' ref='556321064' role='inner' />
    <member type='way' ref='544163547' role='inner' />
    <tag k='amenity' v='university' />
    <tag k='barrier' v='fence' />
    <tag k='fence_type' v='wire_mesh' />
    <tag k='name' v='Universidade Estadual de Campinas' />
    <tag k='operator' v='UNICAMP' />
    <tag k='short_name' v='UNICAMP' />
    <tag k='type' v='multipolygon' />
    <tag k='wikidata' v='Q2060678' />
    <tag k='wikipedia' v='pt:Universidade Estadual de Campinas' />
  </relation>
  <relation id='14386299' action='modify' timestamp='2022-07-25T17:52:01Z' uid='10661323' user='Thiago AG' visible='true' version='1' changeset='124063095'>
    <member type='way' ref='1044342015' role='outer' />
    <member type='way' ref='1081222346' role='outer' />
    <member type='way' ref='1081222347' role='outer' />
    <member type='way' ref='1081222342' role='outer' />
    <tag k='landuse' v='meadow' />
    <tag k='type' v='multipolygon' />
  </relation>
  <relation id='14386302' action='modify' timestamp='2022-07-25T17:52:01Z' uid='10661323' user='Thiago AG' visible='true' version='1' changeset='124063095'>
    <member type='way' ref='1081222346' role='outer' />
    <member type='way' ref='1081222345' role='outer' />
    <tag k='natural' v='wood' />
    <tag k='type' v='multipolygon' />
  </relation>
  <relation id='14386303' action='modify' timestamp='2022-07-25T17:52:01Z' uid='10661323' user='Thiago AG' visible='true' version='1' changeset='124063095'>
    <member type='way' ref='535374615' role='outer' />
    <tag k='amenity' v='university' />
    <tag k='barrier' v='fence' />
    <tag k='name' v='Faculdades de Campinas' />
    <tag k='short_name' v='FACAMP' />
    <tag k='type' v='multipolygon' />
  </relation>
</osm>
